series,scenario,seed,lattice,wander,tau_d,cyc_h,Twake,sigma,pRevert,revStore,oxyRev,wound_start_h,wound_freq_h,wound_size,wounds_inflicted,stop_threshold,check_every_h,wounding_stops_on_threshold,clone_established_at_h,target_hours,elapsed_h,final_clone_size,final_cells_total,final_density,final_clone_frac,final_burden,rev_total,rev_lost,rev_oxy_death,starve_total,shed_total,div_total
S2,none,7,76x79,0,6.0,15.0,1.08,0.85,0.001,0.5,0.3,,,,0,500,24.0,False,,20000,20000.0,2,3330,0.5546302465023317,0.0006006006006006006,6,450,416,8137,44096,462614,460356
S2,none,0,76x79,0,6.0,15.0,1.08,0.85,0.001,0.5,0.3,,,,0,500,24.0,False,,20000,20000.0,5,3301,0.5498001332445037,0.001514692517418964,43,445,485,9580,44439,464269,462051
S2,none,1,76x79,0,6.0,15.0,1.08,0.85,0.001,0.5,0.3,,,,0,500,24.0,False,,20000,20000.0,2,3463,0.576782145236509,0.0005775339301183945,19,444,1379,27001,51376,484727,483565
S2,none,5,76x79,0,6.0,15.0,1.08,0.85,0.001,0.5,0.3,,,,0,500,24.0,False,,20000,20000.0,6,3270,0.544636908727515,0.001834862385321101,60,458,1590,29764,51837,487300,486156
S2,none,3,76x79,0,6.0,15.0,1.08,0.85,0.001,0.5,0.3,,,,0,500,24.0,False,,20000,20000.0,13,3301,0.5498001332445037,0.003938200545289306,114,410,2554,66862,66233,532495,532346
S2,none,4,76x79,0,6.0,15.0,1.08,0.85,0.001,0.5,0.3,,,,0,500,24.0,False,,20000,20000.0,218,3205,0.5338107928047968,0.06801872074882995,306,449,3473,89755,73409,557560,558234
S2,none,6,76x79,0,6.0,15.0,1.08,0.85,0.001,0.5,0.3,,,,0,500,24.0,False,,20000,20000.0,18,3315,0.5521319120586275,0.005429864253393665,153,448,3123,72162,67139,536898,537332
S2,none,2,76x79,0,6.0,15.0,1.08,0.85,0.001,0.5,0.3,,,,0,500,24.0,False,15792.0,20000,20000.0,1544,3216,0.5356429047301798,0.48009950248756217,1584,410,5867,263692,141532,764402,767481
S2,none,12,76x79,0,6.0,15.0,1.08,0.85,0.001,0.5,0.3,,,,0,500,24.0,False,,20000,20000.0,1,3208,0.5343104596935376,0.0003117206982543641,2,423,547,10567,44854,465356,463107
S2,none,10,76x79,0,6.0,15.0,1.08,0.85,0.001,0.5,0.3,,,,0,500,24.0,False,,20000,20000.0,4,3338,0.555962691538974,0.0011983223487118035,31,396,563,11135,45170,466035,463932
S2,none,14,76x79,0,6.0,15.0,1.08,0.85,0.001,0.5,0.3,,,,0,500,24.0,False,,20000,20000.0,2,3452,0.5749500333111259,0.0005793742757821553,12,462,218,6280,43444,460537,458203
S2,none,13,76x79,0,6.0,15.0,1.08,0.85,0.001,0.5,0.3,,,,0,500,24.0,False,,20000,20000.0,2,3286,0.5473017988007994,0.0006086427267194157,21,452,957,22444,49443,479639,477878
S2,none,8,76x79,0,6.0,15.0,1.08,0.85,0.001,0.5,0.3,,,,0,500,24.0,False,,20000,20000.0,2,3317,0.5524650233177881,0.0006029544769369913,22,412,559,10758,45211,466152,464024
S2,none,11,76x79,0,6.0,15.0,1.08,0.85,0.001,0.5,0.3,,,,0,500,24.0,False,,20000,20000.0,2,3352,0.558294470353098,0.0005966587112171838,17,451,468,9422,44108,463291,461107
S2,none,15,76x79,0,6.0,15.0,1.08,0.85,0.001,0.5,0.3,,,,0,500,24.0,False,,20000,20000.0,1,3506,0.583944037308461,0.0002852253280091272,15,448,1808,47259,58826,508468,507778
S2,none,9,76x79,0,6.0,15.0,1.08,0.85,0.001,0.5,0.3,,,,0,500,24.0,False,12480.0,20000,20000.0,3444,3462,0.5766155896069287,0.9948006932409013,3444,333,6341,328650,162050,792980,796779
S2,none,23,76x79,0,6.0,15.0,1.08,0.85,0.001,0.5,0.3,,,,0,500,24.0,False,,20000,20000.0,2,3384,0.5636242504996669,0.000591016548463357,11,443,430,9540,44243,464228,462038
S2,none,20,76x79,0,6.0,15.0,1.08,0.85,0.001,0.5,0.3,,,,0,500,24.0,False,,20000,20000.0,3,3299,0.5494670219853431,0.0009093664746892998,22,417,472,9844,44661,464461,462228
S2,none,16,76x79,0,6.0,15.0,1.08,0.85,0.001,0.5,0.3,,,,0,500,24.0,False,,20000,20000.0,1,3369,0.5611259160559627,0.00029682398337785694,2,464,1172,25043,50279,481438,479975
S2,none,19,76x79,0,6.0,15.0,1.08,0.85,0.001,0.5,0.3,,,,0,500,24.0,False,,20000,20000.0,3,3355,0.5587941372418388,0.0008941877794336811,22,433,621,14069,46332,468982,466954
S2,none,21,76x79,0,6.0,15.0,1.08,0.85,0.001,0.5,0.3,,,,0,500,24.0,False,,20000,20000.0,2,3242,0.5399733510992671,0.0006169031462060457,10,439,385,8710,44233,463122,460745
S2,none,18,76x79,0,6.0,15.0,1.08,0.85,0.001,0.5,0.3,,,,0,500,24.0,False,,20000,20000.0,42,3406,0.5672884743504331,0.012331180270111567,81,447,3104,80204,70774,546462,546968
S2,none,22,76x79,0,6.0,15.0,1.08,0.85,0.001,0.5,0.3,,,,0,500,24.0,False,14280.0,20000,20000.0,1629,3183,0.5301465689540307,0.5117813383600377,1721,412,5827,288009,151098,791627,794633
S2,none,17,76x79,0,6.0,15.0,1.08,0.85,0.001,0.5,0.3,,,,0,500,24.0,False,13680.0,20000,20000.0,2636,3273,0.5451365756162558,0.8053773296669722,2688,340,7617,361900,177430,858383,863269
S2,none,27,76x79,0,6.0,15.0,1.08,0.85,0.001,0.5,0.3,,,,0,500,24.0,False,,20000,20000.0,0,3203,0.5334776815456362,0.0,0,424,620,11711,45135,466628,464447
S2,none,24,76x79,0,6.0,15.0,1.08,0.85,0.001,0.5,0.3,,,,0,500,24.0,False,,20000,20000.0,0,3271,0.5448034643570953,0.0,0,448,573,12319,45749,467632,465472
S2,none,25,76x79,0,6.0,15.0,1.08,0.85,0.001,0.5,0.3,,,,0,500,24.0,False,,20000,20000.0,3,3294,0.5486342438374417,0.0009107468123861566,24,432,793,16055,46443,471262,469345
S2,none,28,76x79,0,6.0,15.0,1.08,0.85,0.001,0.5,0.3,,,,0,500,24.0,False,,20000,20000.0,10,3397,0.5657894736842105,0.0029437739181630853,31,446,692,14225,46307,469470,467555
S2,none,31,76x79,0,6.0,15.0,1.08,0.85,0.001,0.5,0.3,,,,0,500,24.0,False,,20000,20000.0,82,3315,0.5521319120586275,0.02473604826546003,151,401,1379,31901,52149,489022,487712
S2,none,26,76x79,0,6.0,15.0,1.08,0.85,0.001,0.5,0.3,,,,0,500,24.0,False,,20000,20000.0,48,3264,0.5436375749500333,0.014705882352941176,74,439,2480,61570,63572,524770,524510
S2,none,30,76x79,0,6.0,15.0,1.08,0.85,0.001,0.5,0.3,,,,0,500,24.0,False,,20000,20000.0,473,3165,0.5271485676215856,0.14944707740916272,673,423,4201,107109,80559,578490,579852
S2,none,29,76x79,0,6.0,15.0,1.08,0.85,0.001,0.5,0.3,,,,0,500,24.0,False,10584.0,20000,20000.0,3602,3602,0.5999333777481679,1.0,3602,291,5785,342388,166985,800073,803456
S2,none,38,76x79,0,6.0,15.0,1.08,0.85,0.001,0.5,0.3,,,,0,500,24.0,False,,20000,20000.0,9,3396,0.5656229180546303,0.00265017667844523,62,427,753,17712,47608,473477,471622
S2,none,37,76x79,0,6.0,15.0,1.08,0.85,0.001,0.5,0.3,,,,0,500,24.0,False,,20000,20000.0,3,3246,0.5406395736175883,0.0009242144177449168,16,444,1180,22057,49000,478128,476550
S2,none,39,76x79,0,6.0,15.0,1.08,0.85,0.001,0.5,0.3,,,,0,500,24.0,False,,20000,20000.0,4,3318,0.5526315789473685,0.0012055455093429777,21,453,1187,24144,49699,480756,479257
S2,none,36,76x79,0,6.0,15.0,1.08,0.85,0.001,0.5,0.3,,,,0,500,24.0,False,,20000,20000.0,339,3266,0.5439706862091939,0.10379669320269443,462,422,4394,136803,92688,615399,617055
S2,none,32,76x79,0,6.0,15.0,1.08,0.85,0.001,0.5,0.3,,,,0,500,24.0,False,10416.0,20000,20000.0,3121,3278,0.5459693537641572,0.9521049420378279,3125,313,6677,366564,177076,836209,840160
S2,none,35,76x79,0,6.0,15.0,1.08,0.85,0.001,0.5,0.3,,,,0,500,24.0,False,14424.0,20000,20000.0,1617,3170,0.527981345769487,0.5100946372239747,1699,353,7411,362486,180462,881895,886472
S2,none,34,76x79,0,6.0,15.0,1.08,0.85,0.001,0.5,0.3,,,,0,500,24.0,False,10728.0,20000,20000.0,3429,3440,0.5729513657561626,0.9968023255813954,3428,310,6569,353230,169618,807692,811697
S2,none,33,76x79,0,6.0,15.0,1.08,0.85,0.001,0.5,0.3,,,,0,500,24.0,False,10896.0,20000,20000.0,3589,3589,0.5977681545636242,1.0,3589,303,6370,344906,165434,783605,787560
S2,none,47,76x79,0,6.0,15.0,1.08,0.85,0.001,0.5,0.3,,,,0,500,24.0,False,,20000,20000.0,1,3180,0.5296469020652899,0.00031446540880503143,4,414,329,6726,43688,461240,458745
S2,none,40,76x79,0,6.0,15.0,1.08,0.85,0.001,0.5,0.3,,,,0,500,24.0,False,,20000,20000.0,2,3298,0.5493004663557628,0.0006064281382656155,11,482,1537,38704,55607,498666,497497
S2,none,41,76x79,0,6.0,15.0,1.08,0.85,0.001,0.5,0.3,,,,0,500,24.0,False,,20000,20000.0,67,3323,0.5534643570952699,0.02016250376166115,212,464,1900,37920,54452,496436,495655
S2,none,43,76x79,0,6.0,15.0,1.08,0.85,0.001,0.5,0.3,,,,0,500,24.0,False,,20000,20000.0,0,3297,0.5491339107261826,0.0,0,465,1560,32080,52793,490682,489535
S2,none,42,76x79,0,6.0,15.0,1.08,0.85,0.001,0.5,0.3,,,,0,500,24.0,False,,20000,20000.0,228,3315,0.5521319120586275,0.06877828054298643,290,477,3166,92213,75425,561763,562240
S2,none,46,76x79,0,6.0,15.0,1.08,0.85,0.001,0.5,0.3,,,,0,500,24.0,False,,20000,20000.0,161,3357,0.5591272485009994,0.047959487637771823,194,441,3634,111950,82788,585193,586180
S2,none,44,76x79,0,6.0,15.0,1.08,0.85,0.001,0.5,0.3,,,,0,500,24.0,False,14736.0,20000,20000.0,1781,3201,0.5331445702864757,0.556388628553577,1885,395,6489,307803,157251,814414,818100
S2,none,45,76x79,0,6.0,15.0,1.08,0.85,0.001,0.5,0.3,,,,0,500,24.0,False,14256.0,20000,20000.0,897,3164,0.5269820119920053,0.2835018963337547,1036,379,7531,300726,155319,809539,814230
S2,none,52,76x79,0,6.0,15.0,1.08,0.85,0.001,0.5,0.3,,,,0,500,24.0,False,,20000,20000.0,1,3439,0.5727848101265823,0.0002907822041291073,1,457,328,6367,43532,460778,458541
S2,none,50,76x79,0,6.0,15.0,1.08,0.85,0.001,0.5,0.3,,,,0,500,24.0,False,,20000,20000.0,2,3235,0.5388074616922052,0.0006182380216383308,15,399,1309,26648,50708,483791,482331
S2,none,48,76x79,0,6.0,15.0,1.08,0.85,0.001,0.5,0.3,,,,0,500,24.0,False,,20000,20000.0,20,3268,0.5443037974683544,0.006119951040391677,58,437,1663,36430,53807,494544,493471
S2,none,54,76x79,0,6.0,15.0,1.08,0.85,0.001,0.5,0.3,,,,0,500,24.0,False,,20000,20000.0,82,3332,0.5549633577614923,0.02460984393757503,258,466,995,21275,48614,477532,475855
S2,none,51,76x79,0,6.0,15.0,1.08,0.85,0.001,0.5,0.3,,,,0,500,24.0,False,,20000,20000.0,18,3371,0.5614590273151232,0.005339661821417977,46,466,1290,28254,51286,485801,484458
S2,none,55,76x79,0,6.0,15.0,1.08,0.85,0.001,0.5,0.3,,,,0,500,24.0,False,,20000,20000.0,32,3222,0.5366422385076616,0.009931719428926133,105,463,1290,27295,51448,485089,483597
S2,none,53,76x79,0,6.0,15.0,1.08,0.85,0.001,0.5,0.3,,,,0,500,24.0,False,,20000,20000.0,14,3268,0.5443037974683544,0.004283965728274173,50,432,1761,33286,52694,490905,489930
S2,none,49,76x79,0,6.0,15.0,1.08,0.85,0.001,0.5,0.3,,,,0,500,24.0,False,,20000,20000.0,9,3234,0.5386409060626249,0.0027829313543599257,34,447,2058,47295,58190,507874,507162
S2,none,56,76x79,0,6.0,15.0,1.08,0.85,0.001,0.5,0.3,,,,0,500,24.0,False,,20000,20000.0,2,3386,0.5639573617588275,0.0005906674542232723,8,440,467,9386,44780,464159,462008
S2,none,62,76x79,0,6.0,15.0,1.08,0.85,0.001,0.5,0.3,,,,0,500,24.0,False,,20000,20000.0,2,3289,0.5478014656895404,0.0006080875646093037,12,447,574,12719,45942,468018,465877
S2,none,57,76x79,0,6.0,15.0,1.08,0.85,0.001,0.5,0.3,,,,0,500,24.0,False,,20000,20000.0,2,3374,0.5619586942038641,0.0005927682276229994,2,481,637,12639,45288,467289,465296
S2,none,60,76x79,0,6.0,15.0,1.08,0.85,0.001,0.5,0.3,,,,0,500,24.0,False,,20000,20000.0,6,3312,0.5516322451698867,0.0018115942028985507,47,448,683,13763,45945,468823,466814
S2,none,59,76x79,0,6.0,15.0,1.08,0.85,0.001,0.5,0.3,,,,0,500,24.0,False,,20000,20000.0,2,3293,0.5484676882078614,0.0006073489219556636,20,437,827,16446,47109,472598,470714
S2,none,58,76x79,0,6.0,15.0,1.08,0.85,0.001,0.5,0.3,,,,0,500,24.0,False,,20000,20000.0,2,3441,0.5731179213857428,0.0005812263876780006,41,430,1430,35904,54503,494998,493865
S2,none,63,76x79,0,6.0,15.0,1.08,0.85,0.001,0.5,0.3,,,,0,500,24.0,False,,20000,20000.0,1,3314,0.5519653564290473,0.00030175015087507544,2,433,2235,48900,59201,509840,509385
S2,none,61,76x79,0,6.0,15.0,1.08,0.85,0.001,0.5,0.3,,,,0,500,24.0,False,7632.0,20000,20000.0,3616,3616,0.6022651565622918,1.0,3616,227,7135,406421,186512,825861,830608
S2,none,68,76x79,0,6.0,15.0,1.08,0.85,0.001,0.5,0.3,,,,0,500,24.0,False,,20000,20000.0,5,3344,0.5569620253164557,0.0014952153110047847,47,455,402,9253,44139,462984,460726
S2,none,67,76x79,0,6.0,15.0,1.08,0.85,0.001,0.5,0.3,,,,0,500,24.0,False,,20000,20000.0,0,3374,0.5619586942038641,0.0,0,468,425,9861,44907,464935,462730
S2,none,65,76x79,0,6.0,15.0,1.08,0.85,0.001,0.5,0.3,,,,0,500,24.0,False,,20000,20000.0,3,3299,0.5494670219853431,0.0009093664746892998,10,450,535,12850,45560,467440,465270
S2,none,66,76x79,0,6.0,15.0,1.08,0.85,0.001,0.5,0.3,,,,0,500,24.0,False,,20000,20000.0,2,3317,0.5524650233177881,0.0006029544769369913,4,462,1572,35696,54091,494221,493106
S2,none,70,76x79,0,6.0,15.0,1.08,0.85,0.001,0.5,0.3,,,,0,500,24.0,False,,20000,20000.0,3,3324,0.5536309127248501,0.0009025270758122744,21,442,1505,30391,52285,488800,487625
S2,none,69,76x79,0,6.0,15.0,1.08,0.85,0.001,0.5,0.3,,,,0,500,24.0,False,,20000,20000.0,79,3263,0.543471019320453,0.02421084891204413,153,418,1247,30221,51828,487849,486355
S2,none,71,76x79,0,6.0,15.0,1.08,0.85,0.001,0.5,0.3,,,,0,500,24.0,False,18096.0,20000,20000.0,874,3112,0.5183211192538307,0.2808483290488432,988,410,3370,136934,92795,616190,616668
S2,none,64,76x79,0,6.0,15.0,1.08,0.85,0.001,0.5,0.3,,,,0,500,24.0,False,10680.0,20000,20000.0,3409,3430,0.5712858094603598,0.9938775510204082,3407,332,5421,332534,162287,791584,794431
S2,none,72,76x79,0,6.0,15.0,1.08,0.85,0.001,0.5,0.3,,,,0,500,24.0,False,,20000,20000.0,4,3219,0.5361425716189208,0.0012426219322771047,32,448,363,7492,44069,461926,459504
S2,none,75,76x79,0,6.0,15.0,1.08,0.85,0.001,0.5,0.3,,,,0,500,24.0,False,,20000,20000.0,3,3269,0.5444703530979347,0.0009177118384827164,5,461,504,10056,45121,465453,463222
S2,none,78,76x79,0,6.0,15.0,1.08,0.85,0.001,0.5,0.3,,,,0,500,24.0,False,,20000,20000.0,0,3388,0.564290473017988,0.0,0,443,340,8122,44577,463056,460780
S2,none,74,76x79,0,6.0,15.0,1.08,0.85,0.001,0.5,0.3,,,,0,500,24.0,False,,20000,20000.0,1,3264,0.5436375749500333,0.00030637254901960784,1,444,260,6246,43773,460903,458423
S2,none,77,76x79,0,6.0,15.0,1.08,0.85,0.001,0.5,0.3,,,,0,500,24.0,False,,20000,20000.0,1,3375,0.5621252498334444,0.0002962962962962963,4,446,901,17280,46879,472110,470382
S2,none,76,76x79,0,6.0,15.0,1.08,0.85,0.001,0.5,0.3,,,,0,500,24.0,False,,20000,20000.0,32,3226,0.5373084610259827,0.009919404835709857,141,465,1754,39401,55394,498727,497703
S2,none,79,76x79,0,6.0,15.0,1.08,0.85,0.001,0.5,0.3,,,,0,500,24.0,False,,20000,20000.0,168,3244,0.5403064623584277,0.051787916152897656,278,442,2889,96357,77531,567183,567312
S2,none,73,76x79,0,6.0,15.0,1.08,0.85,0.001,0.5,0.3,,,,0,500,24.0,False,10608.0,20000,20000.0,2482,3276,0.5456362425049966,0.7576312576312576,2531,339,8828,437597,205348,938184,944284
S2,none,81,76x79,0,6.0,15.0,1.08,0.85,0.001,0.5,0.3,,,,0,500,24.0,False,,20000,20000.0,5,3251,0.5414723517654897,0.0015379883112888342,32,421,524,10659,45123,465446,463217
S2,none,80,76x79,0,6.0,15.0,1.08,0.85,0.001,0.5,0.3,,,,0,500,24.0,False,,20000,20000.0,8,3278,0.5459693537641572,0.0024405125076266015,89,411,1507,29113,51174,485790,484571
S2,none,85,76x79,0,6.0,15.0,1.08,0.85,0.001,0.5,0.3,,,,0,500,24.0,False,,20000,20000.0,2,3411,0.5681212524983345,0.0005863383172090296,7,424,1269,27758,50720,484537,483213
S2,none,86,76x79,0,6.0,15.0,1.08,0.85,0.001,0.5,0.3,,,,0,500,24.0,False,,20000,20000.0,246,3238,0.539307128580946,0.0759728227300803,307,413,1920,43610,56791,503657,502811
S2,none,83,76x79,0,6.0,15.0,1.08,0.85,0.001,0.5,0.3,,,,0,500,24.0,False,,20000,20000.0,2,3353,0.5584610259826782,0.0005964807634953773,13,444,1716,33163,53287,491017,490082
S2,none,84,76x79,0,6.0,15.0,1.08,0.85,0.001,0.5,0.3,,,,0,500,24.0,False,,20000,20000.0,17,3240,0.5396402398401066,0.005246913580246914,96,445,2991,82372,72128,550162,550389
S2,none,82,76x79,0,6.0,15.0,1.08,0.85,0.001,0.5,0.3,,,,0,500,24.0,False,,20000,20000.0,424,3177,0.5291472351765489,0.1334592382751023,590,441,3585,96815,76600,566325,567083
S2,none,87,76x79,0,6.0,15.0,1.08,0.85,0.001,0.5,0.3,,,,0,500,24.0,False,10128.0,20000,20000.0,3120,3372,0.5616255829447035,0.9252669039145908,3132,336,6611,377650,181054,846563,850542
S2,none,93,76x79,0,6.0,15.0,1.08,0.85,0.001,0.5,0.3,,,,0,500,24.0,False,,20000,20000.0,2,3381,0.5631245836109261,0.0005915409642117716,3,448,499,10448,44900,465119,462995
S2,none,94,76x79,0,6.0,15.0,1.08,0.85,0.001,0.5,0.3,,,,0,500,24.0,False,,20000,20000.0,5,3336,0.5556295802798135,0.001498800959232614,64,464,804,15537,47200,471711,469847
S2,none,89,76x79,0,6.0,15.0,1.08,0.85,0.001,0.5,0.3,,,,0,500,24.0,False,,20000,20000.0,2,3221,0.5364756828780812,0.0006209251785159888,24,418,712,14040,46610,469662,467591
S2,none,95,76x79,0,6.0,15.0,1.08,0.85,0.001,0.5,0.3,,,,0,500,24.0,False,,20000,20000.0,13,3280,0.5463024650233178,0.0039634146341463415,101,437,1017,22793,49067,478967,477260
S2,none,92,76x79,0,6.0,15.0,1.08,0.85,0.001,0.5,0.3,,,,0,500,24.0,False,,20000,20000.0,2,3255,0.5421385742838108,0.0006144393241167435,30,444,1244,25793,50185,482460,480955
S2,none,88,76x79,0,6.0,15.0,1.08,0.85,0.001,0.5,0.3,,,,0,500,24.0,False,,20000,20000.0,1,3307,0.5507994670219853,0.0003023888720895071,14,434,1798,37316,54620,496049,495150
S2,none,91,76x79,0,6.0,15.0,1.08,0.85,0.001,0.5,0.3,,,,0,500,24.0,False,16440.0,20000,20000.0,1813,3194,0.5319786808794137,0.5676268002504696,1854,397,3540,188082,112280,671959,672689
S2,none,90,76x79,0,6.0,15.0,1.08,0.85,0.001,0.5,0.3,,,,0,500,24.0,False,12024.0,20000,20000.0,2428,3233,0.5384743504330446,0.7510052582740488,2478,363,6372,331225,166246,824205,827806
S2,none,99,76x79,0,6.0,15.0,1.08,0.85,0.001,0.5,0.3,,,,0,500,24.0,False,,20000,20000.0,4,3263,0.543471019320453,0.001225865767698437,27,434,1143,23263,49919,480195,478597
S2,none,98,76x79,0,6.0,15.0,1.08,0.85,0.001,0.5,0.3,,,,0,500,24.0,False,,20000,20000.0,2,3426,0.5706195869420386,0.0005837711617046118,7,452,532,10546,45336,465656,463610
S2,none,96,76x79,0,6.0,15.0,1.08,0.85,0.001,0.5,0.3,,,,0,500,24.0,False,8664.0,20000,20000.0,3612,3614,0.6019320453031313,0.9994465965688988,3612,272,5165,316418,151624,712329,715104
S2,none,2,76x79,0,6.0,15.0,1.08,0.85,0.001,0.5,0.35,,,,0,500,24.0,False,8760.0,20000,20000.0,3618,3618,0.6025982678214523,1.0,3618,255,4987,218825,131749,576706,579307
S2,none,1,76x79,0,6.0,15.0,1.08,0.85,0.001,0.5,0.35,,,,0,500,24.0,False,7080.0,20000,20000.0,3626,3626,0.6039307128580946,1.0,3626,182,4276,177758,104770,451595,453493
S2,none,0,76x79,0,6.0,15.0,1.08,0.85,0.001,0.5,0.35,,,,0,500,24.0,False,6264.0,20000,20000.0,3632,3632,0.6049300466355763,1.0,3632,164,4344,183538,107823,459649,461621
S2,none,3,76x79,0,6.0,15.0,1.08,0.85,0.001,0.5,0.35,,,,0,500,24.0,False,6600.0,20000,20000.0,3631,3631,0.604763491005996,1.0,3631,184,4268,200179,116461,485454,487349
S2,none,97,76x79,0,6.0,15.0,1.08,0.85,0.001,0.5,0.3,,,,0,500,24.0,False,6936.0,20000,20000.0,3198,3333,0.5551299133910726,0.9594959495949595,3204,259,8513,491910,224069,962606,968448
S2,none,9,76x79,0,6.0,15.0,1.08,0.85,0.001,0.5,0.35,,,,0,500,24.0,False,10248.0,20000,20000.0,3615,3615,0.6020986009327115,1.0,3615,256,5248,202639,125152,574620,577479
S2,none,10,76x79,0,6.0,15.0,1.08,0.85,0.001,0.5,0.35,,,,0,500,24.0,False,8592.0,20000,20000.0,3617,3617,0.6024317121918721,1.0,3617,244,6519,240463,142421,614884,619016
S2,none,6,76x79,0,6.0,15.0,1.08,0.85,0.001,0.5,0.35,,,,0,500,24.0,False,7872.0,20000,20000.0,3626,3626,0.6039307128580946,1.0,3626,207,4907,214519,127502,545748,548277
S2,none,7,76x79,0,6.0,15.0,1.08,0.85,0.001,0.5,0.35,,,,0,500,24.0,False,7080.0,20000,20000.0,3619,3619,0.6027648234510327,1.0,3619,202,4675,203561,120715,517376,519666
S2,none,4,76x79,0,6.0,15.0,1.08,0.85,0.001,0.5,0.35,,,,0,500,24.0,False,6456.0,20000,20000.0,3634,3634,0.6052631578947368,1.0,3634,181,4839,210461,122304,502651,505120
S2,none,8,76x79,0,6.0,15.0,1.08,0.85,0.001,0.5,0.35,,,,0,500,24.0,False,4536.0,20000,20000.0,3626,3626,0.6039307128580946,1.0,3626,154,3957,181295,103506,416428,418007
S2,none,11,76x79,0,6.0,15.0,1.08,0.85,0.001,0.5,0.35,,,,0,500,24.0,False,5688.0,20000,20000.0,3625,3625,0.6037641572285143,1.0,3625,160,4492,206288,119565,496838,498951
S2,none,5,76x79,0,6.0,15.0,1.08,0.85,0.001,0.5,0.35,,,,0,500,24.0,False,3384.0,20000,20000.0,3625,3625,0.6037641572285143,1.0,3625,115,3804,172167,95579,373896,375321
S2,none,16,76x79,0,6.0,15.0,1.08,0.85,0.001,0.5,0.35,,,,0,500,24.0,False,9312.0,20000,20000.0,3637,3637,0.6057628247834776,1.0,3637,262,4693,217641,133812,606154,608480
S2,none,19,76x79,0,6.0,15.0,1.08,0.85,0.001,0.5,0.35,,,,0,500,24.0,False,9600.0,20000,20000.0,3622,3622,0.6032644903397735,1.0,3622,232,3726,163488,104042,496101,497445
S2,none,13,76x79,0,6.0,15.0,1.08,0.85,0.001,0.5,0.35,,,,0,500,24.0,False,8736.0,20000,20000.0,3626,3626,0.6039307128580946,1.0,3625,255,4379,194057,118286,532561,534562
S2,none,17,76x79,0,6.0,15.0,1.08,0.85,0.001,0.5,0.35,,,,0,500,24.0,False,8040.0,20000,20000.0,3628,3628,0.6042638241172552,1.0,3628,220,5428,228602,134946,575345,578397
S2,none,15,76x79,0,6.0,15.0,1.08,0.85,0.001,0.5,0.35,,,,0,500,24.0,False,6240.0,20000,20000.0,3652,3652,0.6082611592271818,1.0,3652,189,4486,200972,118482,493070,495204
S2,none,14,76x79,0,6.0,15.0,1.08,0.85,0.001,0.5,0.35,,,,0,500,24.0,False,5568.0,20000,20000.0,3646,3646,0.6072618254497002,1.0,3646,159,3628,172279,101178,428260,429530
S2,none,12,76x79,0,6.0,15.0,1.08,0.85,0.001,0.5,0.35,,,,0,500,24.0,False,6096.0,20000,20000.0,3638,3638,0.605929380413058,1.0,3638,200,5322,238776,139078,570888,573844
S2,none,18,76x79,0,6.0,15.0,1.08,0.85,0.001,0.5,0.35,,,,0,500,24.0,False,5136.0,20000,20000.0,3626,3626,0.6039307128580946,1.0,3626,157,4329,199644,114763,461734,463685
S2,none,27,76x79,0,6.0,15.0,1.08,0.85,0.001,0.5,0.35,,,,0,500,24.0,False,8592.0,20000,20000.0,3631,3631,0.604763491005996,1.0,3631,204,3159,147730,92807,444122,444908
S2,none,25,76x79,0,6.0,15.0,1.08,0.85,0.001,0.5,0.35,,,,0,500,24.0,False,9984.0,20000,20000.0,3613,3613,0.6017654896735509,1.0,3613,337,7912,311429,184767,781308,786829
S2,none,26,76x79,0,6.0,15.0,1.08,0.85,0.001,0.5,0.35,,,,0,500,24.0,False,7728.0,20000,20000.0,3642,3642,0.606595602931379,1.0,3642,228,4291,182051,110325,487277,489206
S2,none,20,76x79,0,6.0,15.0,1.08,0.85,0.001,0.5,0.35,,,,0,500,24.0,False,7152.0,20000,20000.0,3620,3620,0.6029313790806129,1.0,3620,204,4246,189343,112933,494487,496349
S2,none,22,76x79,0,6.0,15.0,1.08,0.85,0.001,0.5,0.35,,,,0,500,24.0,False,4656.0,20000,20000.0,3641,3641,0.6064290473017988,1.0,3641,130,4207,182990,105231,426831,428675
S2,none,23,76x79,0,6.0,15.0,1.08,0.85,0.001,0.5,0.35,,,,0,500,24.0,False,4392.0,20000,20000.0,3617,3617,0.6024317121918721,1.0,3617,137,3137,137125,78516,332225,332975
S2,none,21,76x79,0,6.0,15.0,1.08,0.85,0.001,0.5,0.35,,,,0,500,24.0,False,4632.0,20000,20000.0,3633,3633,0.6050966022651566,1.0,3633,127,3889,182171,101940,403419,404937
S2,none,24,76x79,0,6.0,15.0,1.08,0.85,0.001,0.5,0.35,,,,0,500,24.0,False,3912.0,20000,20000.0,3641,3641,0.6064290473017988,1.0,3641,181,5971,259889,146332,566674,570282
S2,none,31,76x79,0,6.0,15.0,1.08,0.85,0.001,0.5,0.35,,,,0,500,24.0,False,10848.0,20000,20000.0,3622,3622,0.6032644903397735,1.0,3622,293,5809,244594,147758,652733,656160
S2,none,28,76x79,0,6.0,15.0,1.08,0.85,0.001,0.5,0.35,,,,0,500,24.0,False,9312.0,20000,20000.0,3642,3642,0.606595602931379,1.0,3642,279,5483,244642,147679,641388,644509
S2,none,30,76x79,0,6.0,15.0,1.08,0.85,0.001,0.5,0.35,,,,0,500,24.0,False,7128.0,20000,20000.0,3622,3622,0.6032644903397735,1.0,3622,199,4917,211916,124483,525685,528220
S2,none,35,76x79,0,6.0,15.0,1.08,0.85,0.001,0.5,0.35,,,,0,500,24.0,False,5448.0,20000,20000.0,3632,3632,0.6049300466355763,1.0,3632,149,3617,167359,96606,407015,408260
S2,none,29,76x79,0,6.0,15.0,1.08,0.85,0.001,0.5,0.35,,,,0,500,24.0,False,6144.0,20000,20000.0,3640,3640,0.6062624916722186,1.0,3640,169,3924,175182,102928,439351,440911
S2,none,33,76x79,0,6.0,15.0,1.08,0.85,0.001,0.5,0.35,,,,0,500,24.0,False,5088.0,20000,20000.0,3633,3633,0.6050966022651566,1.0,3633,153,4932,213582,120908,478604,481165
S2,none,34,76x79,0,6.0,15.0,1.08,0.85,0.001,0.5,0.35,,,,0,500,24.0,False,4704.0,20000,20000.0,3624,3624,0.603597601598934,1.0,3624,154,4308,186218,107609,443058,444986
S2,none,32,76x79,0,6.0,15.0,1.08,0.85,0.001,0.5,0.35,,,,0,500,24.0,False,3864.0,20000,20000.0,3628,3628,0.6042638241172552,1.0,3628,107,3633,165065,92788,368402,369659
S2,none,38,76x79,0,6.0,15.0,1.08,0.85,0.001,0.5,0.35,,,,0,500,24.0,False,12072.0,20000,20000.0,3618,3618,0.6025982678214523,1.0,3618,303,6473,235784,145738,673165,677252
S2,none,36,76x79,0,6.0,15.0,1.08,0.85,0.001,0.5,0.35,,,,0,500,24.0,False,9432.0,20000,20000.0,3624,3624,0.603597601598934,1.0,3624,266,4449,205544,126793,569562,571631
S2,none,43,76x79,0,6.0,15.0,1.08,0.85,0.001,0.5,0.35,,,,0,500,24.0,False,7560.0,20000,20000.0,3632,3632,0.6049300466355763,1.0,3631,234,4760,194350,115698,501779,504167
S2,none,41,76x79,0,6.0,15.0,1.08,0.85,0.001,0.5,0.35,,,,0,500,24.0,False,7464.0,20000,20000.0,3635,3635,0.6054297135243171,1.0,3634,207,4333,198616,117393,504686,506650
S2,none,42,76x79,0,6.0,15.0,1.08,0.85,0.001,0.5,0.35,,,,0,500,24.0,False,6504.0,20000,20000.0,3619,3619,0.6027648234510327,1.0,3618,178,3867,159568,94525,415457,416939
S2,none,39,76x79,0,6.0,15.0,1.08,0.85,0.001,0.5,0.35,,,,0,500,24.0,False,7440.0,20000,20000.0,3631,3631,0.604763491005996,1.0,3631,222,6407,261576,152415,627857,631891
S2,none,37,76x79,0,6.0,15.0,1.08,0.85,0.001,0.5,0.35,,,,0,500,24.0,False,5736.0,20000,20000.0,3604,3604,0.6002664890073285,1.0,3603,177,4417,206399,118252,481986,484003
S2,none,40,76x79,0,6.0,15.0,1.08,0.85,0.001,0.5,0.35,,,,0,500,24.0,False,3024.0,20000,20000.0,3618,3618,0.6025982678214523,1.0,3618,116,3630,165643,91162,350557,351801
S2,none,49,76x79,0,6.0,15.0,1.08,0.85,0.001,0.5,0.35,,,,0,500,24.0,False,13416.0,20000,20000.0,3528,3528,0.5876082611592272,1.0,3528,310,5060,211433,136630,658149,660733
S2,none,47,76x79,0,6.0,15.0,1.08,0.85,0.001,0.5,0.35,,,,0,500,24.0,False,7032.0,20000,20000.0,3616,3616,0.6022651565622918,1.0,3616,193,4761,205829,119345,498581,500954
S2,none,48,76x79,0,6.0,15.0,1.08,0.85,0.001,0.5,0.35,,,,0,500,24.0,False,5688.0,20000,20000.0,3636,3637,0.6057628247834776,0.9997250481165796,3636,177,4356,180615,104975,439088,441077
S2,none,51,76x79,0,6.0,15.0,1.08,0.85,0.001,0.5,0.35,,,,0,500,24.0,False,5808.0,20000,20000.0,3639,3639,0.6060959360426382,1.0,3639,185,5474,238300,137514,556784,559893
S2,none,46,76x79,0,6.0,15.0,1.08,0.85,0.001,0.5,0.35,,,,0,500,24.0,False,5496.0,20000,20000.0,3626,3626,0.6039307128580946,1.0,3626,199,4915,215948,124400,506940,509477
S2,none,44,76x79,0,6.0,15.0,1.08,0.85,0.001,0.5,0.35,,,,0,500,24.0,False,5472.0,20000,20000.0,3623,3623,0.6034310459693538,1.0,3623,181,4640,211372,122885,506860,509119
S2,none,45,76x79,0,6.0,15.0,1.08,0.85,0.001,0.5,0.35,,,,0,500,24.0,False,4344.0,20000,20000.0,3620,3620,0.6029313790806129,1.0,3620,150,3891,182027,104236,414905,416412
S2,none,50,76x79,0,6.0,15.0,1.08,0.85,0.001,0.5,0.35,,,,0,500,24.0,False,2736.0,20000,20000.0,3625,3625,0.6037641572285143,1.0,3625,101,3496,170612,94000,359008,360125
S2,none,54,76x79,0,6.0,15.0,1.08,0.85,0.001,0.5,0.35,,,,0,500,24.0,False,15816.0,20000,20000.0,3283,3388,0.564290473017988,0.96900826446281,3279,369,4170,159207,112818,622714,624268
S2,none,53,76x79,0,6.0,15.0,1.08,0.85,0.001,0.5,0.35,,,,0,500,24.0,False,11736.0,20000,20000.0,3603,3603,0.6000999333777481,1.0,3603,332,5171,215258,135939,640485,643255
S2,none,57,76x79,0,6.0,15.0,1.08,0.85,0.001,0.5,0.35,,,,0,500,24.0,False,12576.0,20000,20000.0,3576,3576,0.5956029313790806,1.0,3576,327,6525,255828,157578,717949,722046
S2,none,58,76x79,0,6.0,15.0,1.08,0.85,0.001,0.5,0.35,,,,0,500,24.0,False,8040.0,20000,20000.0,3628,3629,0.6044303797468354,0.99972444199504,3628,215,3714,166849,102487,468457,469796
S2,none,52,76x79,0,6.0,15.0,1.08,0.85,0.001,0.5,0.35,,,,0,500,24.0,False,8712.0,20000,20000.0,3628,3628,0.6042638241172552,1.0,3628,251,4379,187101,114323,512018,514021
S2,none,56,76x79,0,6.0,15.0,1.08,0.85,0.001,0.5,0.35,,,,0,500,24.0,False,8496.0,20000,20000.0,3603,3603,0.6000999333777481,1.0,3603,204,4710,202177,120942,529028,531337
S2,none,55,76x79,0,6.0,15.0,1.08,0.85,0.001,0.5,0.35,,,,0,500,24.0,False,6120.0,20000,20000.0,3643,3643,0.6067621585609594,1.0,3643,195,4859,211511,122694,504290,506788
S2,none,59,76x79,0,6.0,15.0,1.08,0.85,0.001,0.5,0.35,,,,0,500,24.0,False,8520.0,20000,20000.0,3628,3628,0.6042638241172552,1.0,3628,207,6097,248472,143029,582723,586444
S2,none,66,76x79,0,6.0,15.0,1.08,0.85,0.001,0.5,0.35,,,,0,500,24.0,False,6288.0,20000,20000.0,3622,3622,0.6032644903397735,1.0,3622,169,4018,176427,102884,437161,438797
S2,none,62,76x79,0,6.0,15.0,1.08,0.85,0.001,0.5,0.35,,,,0,500,24.0,False,5640.0,20000,20000.0,3625,3625,0.6037641572285143,1.0,3625,154,3914,178425,104090,437598,439133
S2,none,64,76x79,0,6.0,15.0,1.08,0.85,0.001,0.5,0.35,,,,0,500,24.0,False,5856.0,20000,20000.0,3638,3638,0.605929380413058,1.0,3638,174,4901,205665,117577,484293,486828
S2,none,63,76x79,0,6.0,15.0,1.08,0.85,0.001,0.5,0.35,,,,0,500,24.0,False,4656.0,20000,20000.0,3618,3618,0.6025982678214523,1.0,3618,151,3923,181558,104183,426993,428530
S2,none,61,76x79,0,6.0,15.0,1.08,0.85,0.001,0.5,0.35,,,,0,500,24.0,False,4392.0,20000,20000.0,3620,3620,0.6029313790806129,1.0,3620,137,3899,175119,99706,406206,407721
S2,none,65,76x79,0,6.0,15.0,1.08,0.85,0.001,0.5,0.35,,,,0,500,24.0,False,4752.0,20000,20000.0,3623,3623,0.6034310459693538,1.0,3623,133,4002,185926,107256,438197,439818
S2,none,67,76x79,0,6.0,15.0,1.08,0.85,0.001,0.5,0.35,,,,0,500,24.0,False,6072.0,20000,20000.0,3637,3637,0.6057628247834776,1.0,3637,179,4918,210117,121950,500520,503071
S2,none,60,76x79,0,6.0,15.0,1.08,0.85,0.001,0.5,0.35,,,,0,500,24.0,False,2520.0,20000,20000.0,3633,3633,0.6050966022651566,1.0,3633,101,3822,188706,104931,402889,404340
S2,none,68,76x79,0,6.0,15.0,1.08,0.85,0.001,0.5,0.35,,,,0,500,24.0,False,16320.0,20000,20000.0,2141,3221,0.5364756828780812,0.6647004036013661,2176,373,3954,151266,112205,632169,633340
S2,none,71,76x79,0,6.0,15.0,1.08,0.85,0.001,0.5,0.35,,,,0,500,24.0,False,9888.0,20000,20000.0,3621,3622,0.6032644903397735,0.999723909442297,3621,220,4249,182647,113780,530380,532247
S2,none,74,76x79,0,6.0,15.0,1.08,0.85,0.001,0.5,0.35,,,,0,500,24.0,False,9240.0,20000,20000.0,3621,3621,0.6030979347101932,1.0,3621,233,4544,185205,113717,512750,514911
S2,none,75,76x79,0,6.0,15.0,1.08,0.85,0.001,0.5,0.35,,,,0,500,24.0,False,8472.0,20000,20000.0,3627,3627,0.6040972684876749,1.0,3627,229,4612,186510,113548,511614,513849
S2,none,70,76x79,0,6.0,15.0,1.08,0.85,0.001,0.5,0.35,,,,0,500,24.0,False,6552.0,20000,20000.0,3608,3608,0.6009327115256495,1.0,3608,164,4172,185639,109670,473751,475527
S2,none,72,76x79,0,6.0,15.0,1.08,0.85,0.001,0.5,0.35,,,,0,500,24.0,False,6288.0,20000,20000.0,3625,3625,0.6037641572285143,1.0,3625,189,4008,184015,108260,467101,468730
S2,none,73,76x79,0,6.0,15.0,1.08,0.85,0.001,0.5,0.35,,,,0,500,24.0,False,3984.0,20000,20000.0,3620,3620,0.6029313790806129,1.0,3620,146,4419,202982,114205,446495,448530
S2,none,69,76x79,0,6.0,15.0,1.08,0.85,0.001,0.5,0.35,,,,0,500,24.0,False,4536.0,20000,20000.0,3635,3635,0.6054297135243171,1.0,3635,154,3853,181836,103594,419488,420972
S2,none,81,76x79,0,6.0,15.0,1.08,0.85,0.001,0.5,0.35,,,,0,500,24.0,False,7632.0,20000,20000.0,3625,3625,0.6037641572285143,1.0,3625,224,5414,217894,129322,558736,561771
S2,none,79,76x79,0,6.0,15.0,1.08,0.85,0.001,0.5,0.35,,,,0,500,24.0,False,7056.0,20000,20000.0,3623,3623,0.6034310459693538,1.0,3623,188,4243,184249,110558,481079,482941
S2,none,78,76x79,0,6.0,15.0,1.08,0.85,0.001,0.5,0.35,,,,0,500,24.0,False,8664.0,20000,20000.0,3637,3637,0.6057628247834776,1.0,3637,224,4987,208531,124954,546115,548735
S2,none,77,76x79,0,6.0,15.0,1.08,0.85,0.001,0.5,0.35,,,,0,500,24.0,False,7464.0,20000,20000.0,3634,3634,0.6052631578947368,1.0,3634,205,4618,186388,111205,487093,489341
S2,none,80,76x79,0,6.0,15.0,1.08,0.85,0.001,0.5,0.35,,,,0,500,24.0,False,6192.0,20000,20000.0,3628,3628,0.6042638241172552,1.0,3628,171,4317,187479,110326,464929,466870
S2,none,82,76x79,0,6.0,15.0,1.08,0.85,0.001,0.5,0.35,,,,0,500,24.0,False,5688.0,20000,20000.0,3633,3634,0.6052631578947368,0.999724821133737,3633,154,3768,170511,98762,414285,415683
S2,none,83,76x79,0,6.0,15.0,1.08,0.85,0.001,0.5,0.35,,,,0,500,24.0,False,5304.0,20000,20000.0,3660,3660,0.6095936042638241,1.0,3660,166,3632,179854,104424,436769,438057
S2,none,76,76x79,0,6.0,15.0,1.08,0.85,0.001,0.5,0.35,,,,0,500,24.0,False,6192.0,20000,20000.0,3632,3632,0.6049300466355763,1.0,3632,180,4829,203385,118145,490429,492886
S2,none,91,76x79,0,6.0,15.0,1.08,0.85,0.001,0.5,0.35,,,,0,500,24.0,False,9216.0,20000,20000.0,3636,3636,0.6055962691538974,1.0,3636,228,4751,210086,127978,567344,569727
S2,none,86,76x79,0,6.0,15.0,1.08,0.85,0.001,0.5,0.35,,,,0,500,24.0,False,7944.0,20000,20000.0,3608,3608,0.6009327115256495,1.0,3608,182,4360,185555,111403,493920,495884
S2,none,89,76x79,0,6.0,15.0,1.08,0.85,0.001,0.5,0.35,,,,0,500,24.0,False,7056.0,20000,20000.0,3627,3627,0.6040972684876749,1.0,3626,215,4032,178307,107196,471499,473154
S2,none,87,76x79,0,6.0,15.0,1.08,0.85,0.001,0.5,0.35,,,,0,500,24.0,False,6216.0,20000,20000.0,3631,3631,0.604763491005996,1.0,3631,171,4140,185024,106814,450140,451907
S2,none,85,76x79,0,6.0,15.0,1.08,0.85,0.001,0.5,0.35,,,,0,500,24.0,False,5328.0,20000,20000.0,3613,3613,0.6017654896735509,1.0,3613,161,4183,183188,105806,439319,441111
S2,none,84,76x79,0,6.0,15.0,1.08,0.85,0.001,0.5,0.35,,,,0,500,24.0,False,5856.0,20000,20000.0,3634,3634,0.6052631578947368,1.0,3634,158,4123,174052,100894,426483,428236
S2,none,88,76x79,0,6.0,15.0,1.08,0.85,0.001,0.5,0.35,,,,0,500,24.0,False,4704.0,20000,20000.0,3640,3640,0.6062624916722186,1.0,3640,151,4120,188870,107880,437263,439019
S2,none,90,76x79,0,6.0,15.0,1.08,0.85,0.001,0.5,0.35,,,,0,500,24.0,False,4608.0,20000,20000.0,3622,3622,0.6032644903397735,1.0,3622,166,4811,214875,120764,466798,469227
S2,none,99,76x79,0,6.0,15.0,1.08,0.85,0.001,0.5,0.35,,,,0,500,24.0,False,12648.0,20000,20000.0,3604,3605,0.6004330446369087,0.9997226074895977,3604,296,5724,226261,141227,663127,666452
S2,none,96,76x79,0,6.0,15.0,1.08,0.85,0.001,0.5,0.35,,,,0,500,24.0,False,11256.0,20000,20000.0,3602,3603,0.6000999333777481,0.9997224535109631,3602,301,4924,203540,128936,609595,612118
S2,none,93,76x79,0,6.0,15.0,1.08,0.85,0.001,0.5,0.35,,,,0,500,24.0,False,9576.0,20000,20000.0,3643,3643,0.6067621585609594,1.0,3643,273,5924,230262,139756,622572,626135
S2,none,94,76x79,0,6.0,15.0,1.08,0.85,0.001,0.5,0.35,,,,0,500,24.0,False,7800.0,20000,20000.0,3634,3634,0.6052631578947368,1.0,3634,230,3634,170022,104432,473182,474446
S2,none,98,76x79,0,6.0,15.0,1.08,0.85,0.001,0.5,0.35,,,,0,500,24.0,False,7776.0,20000,20000.0,3644,3644,0.6069287141905396,1.0,3644,213,4137,185167,111645,493874,495651
S2,none,92,76x79,0,6.0,15.0,1.08,0.85,0.001,0.5,0.35,,,,0,500,24.0,False,6456.0,20000,20000.0,3631,3631,0.604763491005996,1.0,3631,184,3692,164109,98668,432427,433746
S2,none,97,76x79,0,6.0,15.0,1.08,0.85,0.001,0.5,0.35,,,,0,500,24.0,False,5256.0,20000,20000.0,3632,3632,0.6049300466355763,1.0,3632,155,4868,226247,129049,509736,512232
S2,none,95,76x79,0,6.0,15.0,1.08,0.85,0.001,0.5,0.35,,,,0,500,24.0,False,3912.0,20000,20000.0,3630,3630,0.6045969353764157,1.0,3630,134,4403,209312,117090,448336,450365
S2,none,0,76x79,0,6.0,15.0,1.08,0.85,0.001,0.5,0.4,,,,0,500,24.0,False,4728.0,20000,20000.0,3661,3661,0.6097601598934044,1.0,3661,98,3531,112377,78866,305366,306554
S2,none,5,76x79,0,6.0,15.0,1.08,0.85,0.001,0.5,0.4,,,,0,500,24.0,False,4272.0,20000,20000.0,3630,3630,0.6045969353764157,1.0,3630,120,3051,112712,79731,301932,302609
S2,none,2,76x79,0,6.0,15.0,1.08,0.85,0.001,0.5,0.4,,,,0,500,24.0,False,2976.0,20000,20000.0,3628,3628,0.6042638241172552,1.0,3628,86,3218,114239,79071,287288,288130
S2,none,1,76x79,0,6.0,15.0,1.08,0.85,0.001,0.5,0.4,,,,0,500,24.0,False,3960.0,20000,20000.0,3633,3633,0.6050966022651566,1.0,3633,108,3455,111525,77516,292458,293542
S2,none,6,76x79,0,6.0,15.0,1.08,0.85,0.001,0.5,0.4,,,,0,500,24.0,False,4080.0,20000,20000.0,3640,3640,0.6062624916722186,1.0,3640,112,3595,117192,81702,303359,304590
S2,none,3,76x79,0,6.0,15.0,1.08,0.85,0.001,0.5,0.4,,,,0,500,24.0,False,2184.0,20000,20000.0,3645,3645,0.60709526982012,1.0,3645,80,3119,118686,81030,283254,284014
S2,none,7,76x79,0,6.0,15.0,1.08,0.85,0.001,0.5,0.4,,,,0,500,24.0,False,3168.0,20000,20000.0,3648,3648,0.6075949367088608,1.0,3648,96,3317,115134,78603,278373,279334
S2,none,4,76x79,0,6.0,15.0,1.08,0.85,0.001,0.5,0.4,,,,0,500,24.0,False,3192.0,20000,20000.0,3643,3643,0.6067621585609594,1.0,3643,92,3457,125668,85886,304203,305299
S2,none,11,76x79,0,6.0,15.0,1.08,0.85,0.001,0.5,0.4,,,,0,500,24.0,False,5400.0,20000,20000.0,3628,3628,0.6042638241172552,1.0,3628,105,3462,118928,84921,334996,336082
S2,none,15,76x79,0,6.0,15.0,1.08,0.85,0.001,0.5,0.4,,,,0,500,24.0,False,5088.0,20000,20000.0,3650,3650,0.6079280479680214,1.0,3650,115,3078,114445,82237,324801,325525
S2,none,13,76x79,0,6.0,15.0,1.08,0.85,0.001,0.5,0.4,,,,0,500,24.0,False,3960.0,20000,20000.0,3636,3636,0.6055962691538974,1.0,3636,105,3351,116370,80753,299694,300677
S2,none,12,76x79,0,6.0,15.0,1.08,0.85,0.001,0.5,0.4,,,,0,500,24.0,False,3960.0,20000,20000.0,3642,3642,0.606595602931379,1.0,3642,92,3306,121080,84576,310313,311257
S2,none,10,76x79,0,6.0,15.0,1.08,0.85,0.001,0.5,0.4,,,,0,500,24.0,False,2496.0,20000,20000.0,3644,3644,0.6069287141905396,1.0,3644,77,2575,94061,63846,233600,233815
S2,none,8,76x79,0,6.0,15.0,1.08,0.85,0.001,0.5,0.4,,,,0,500,24.0,False,3720.0,20000,20000.0,3651,3651,0.6080946035976016,1.0,3651,77,3214,118084,82297,302561,303422
S2,none,9,76x79,0,6.0,15.0,1.08,0.85,0.001,0.5,0.4,,,,0,500,24.0,False,3720.0,20000,20000.0,3645,3645,0.60709526982012,1.0,3645,81,3577,125680,86980,316147,317365
S2,none,14,76x79,0,6.0,15.0,1.08,0.85,0.001,0.5,0.4,,,,0,500,24.0,False,2472.0,20000,20000.0,3638,3638,0.605929380413058,1.0,3638,70,2940,115306,78338,274009,274583
S2,none,23,76x79,0,6.0,15.0,1.08,0.85,0.001,0.5,0.4,,,,0,500,24.0,False,7488.0,20000,20000.0,3640,3640,0.6062624916722186,1.0,3640,195,4389,137446,102140,422871,424896
S2,none,17,76x79,0,6.0,15.0,1.08,0.85,0.001,0.5,0.4,,,,0,500,24.0,False,7488.0,20000,20000.0,3655,3655,0.6087608261159227,1.0,3654,183,3570,121698,91571,394214,395435
S2,none,19,76x79,0,6.0,15.0,1.08,0.85,0.001,0.5,0.4,,,,0,500,24.0,False,5304.0,20000,20000.0,3653,3653,0.6084277148567622,1.0,3653,137,3716,122712,87529,345683,347048
S2,none,22,76x79,0,6.0,15.0,1.08,0.85,0.001,0.5,0.4,,,,0,500,24.0,False,3912.0,20000,20000.0,3632,3632,0.6049300466355763,1.0,3632,122,3553,123079,85829,315806,316987
S2,none,16,76x79,0,6.0,15.0,1.08,0.85,0.001,0.5,0.4,,,,0,500,24.0,False,4008.0,20000,20000.0,3655,3655,0.6087608261159227,1.0,3655,88,3563,124984,85844,307507,308721
S2,none,20,76x79,0,6.0,15.0,1.08,0.85,0.001,0.5,0.4,,,,0,500,24.0,False,3000.0,20000,20000.0,3644,3644,0.6069287141905396,1.0,3644,97,2782,104787,71489,257239,257661
S2,none,18,76x79,0,6.0,15.0,1.08,0.85,0.001,0.5,0.4,,,,0,500,24.0,False,2424.0,20000,20000.0,3646,3646,0.6072618254497002,1.0,3646,85,3149,114806,77685,267207,267998
S2,none,21,76x79,0,6.0,15.0,1.08,0.85,0.001,0.5,0.4,,,,0,500,24.0,False,2160.0,20000,20000.0,3635,3635,0.6054297135243171,1.0,3635,73,2892,103351,68831,237657,238180
S2,none,29,76x79,0,6.0,15.0,1.08,0.85,0.001,0.5,0.4,,,,0,500,24.0,False,4272.0,20000,20000.0,3652,3652,0.6082611592271818,1.0,3652,114,3276,114647,81166,307936,308860
S2,none,24,76x79,0,6.0,15.0,1.08,0.85,0.001,0.5,0.4,,,,0,500,24.0,False,4032.0,20000,20000.0,3648,3648,0.6075949367088608,1.0,3648,131,3387,124932,87317,322009,323040
S2,none,30,76x79,0,6.0,15.0,1.08,0.85,0.001,0.5,0.4,,,,0,500,24.0,False,3600.0,20000,20000.0,3631,3632,0.6049300466355763,0.9997246696035242,3631,87,3273,116487,79889,287749,288650
S2,none,27,76x79,0,6.0,15.0,1.08,0.85,0.001,0.5,0.4,,,,0,500,24.0,False,3768.0,20000,20000.0,3639,3639,0.6060959360426382,1.0,3639,106,3392,107667,74589,279767,280794
S2,none,28,76x79,0,6.0,15.0,1.08,0.85,0.001,0.5,0.4,,,,0,500,24.0,False,2952.0,20000,20000.0,3640,3640,0.6062624916722186,1.0,3640,89,2843,104495,71866,260954,261433
S2,none,25,76x79,0,6.0,15.0,1.08,0.85,0.001,0.5,0.4,,,,0,500,24.0,False,2880.0,20000,20000.0,3641,3641,0.6064290473017988,1.0,3641,81,3555,130681,89504,312012,313204
S2,none,26,76x79,0,6.0,15.0,1.08,0.85,0.001,0.5,0.4,,,,0,500,24.0,False,2328.0,20000,20000.0,3642,3642,0.606595602931379,1.0,3642,87,3181,119932,80633,273012,273831
S2,none,31,76x79,0,6.0,15.0,1.08,0.85,0.001,0.5,0.4,,,,0,500,24.0,False,2664.0,20000,20000.0,3629,3629,0.6044303797468354,1.0,3629,75,2616,89883,61291,222632,222873
S2,none,32,76x79,0,6.0,15.0,1.08,0.85,0.001,0.5,0.4,,,,0,500,24.0,False,6048.0,20000,20000.0,3635,3635,0.6054297135243171,1.0,3635,148,3528,112627,82487,339776,340935
S2,none,37,76x79,0,6.0,15.0,1.08,0.85,0.001,0.5,0.4,,,,0,500,24.0,False,8448.0,20000,20000.0,3648,3648,0.6075949367088608,1.0,3648,196,5062,153688,113633,462720,465426
S2,none,39,76x79,0,6.0,15.0,1.08,0.85,0.001,0.5,0.4,,,,0,500,24.0,False,4200.0,20000,20000.0,3653,3653,0.6084277148567622,1.0,3653,137,3810,126339,89528,341106,342565
S2,none,35,76x79,0,6.0,15.0,1.08,0.85,0.001,0.5,0.4,,,,0,500,24.0,False,3816.0,20000,20000.0,3629,3629,0.6044303797468354,1.0,3629,104,3125,105300,72521,272706,273456
S2,none,34,76x79,0,6.0,15.0,1.08,0.85,0.001,0.5,0.4,,,,0,500,24.0,False,3072.0,20000,20000.0,3653,3653,0.6084277148567622,1.0,3653,103,3500,124594,85142,304466,305615
S2,none,36,76x79,0,6.0,15.0,1.08,0.85,0.001,0.5,0.4,,,,0,500,24.0,False,2040.0,20000,20000.0,3637,3637,0.6057628247834776,1.0,3637,60,2240,91571,61472,215013,214886
S2,none,33,76x79,0,6.0,15.0,1.08,0.85,0.001,0.5,0.4,,,,0,500,24.0,False,2544.0,20000,20000.0,3636,3636,0.6055962691538974,1.0,3636,83,2789,114179,77813,275154,275575
S2,none,38,76x79,0,6.0,15.0,1.08,0.85,0.001,0.5,0.4,,,,0,500,24.0,False,2832.0,20000,20000.0,3645,3646,0.6072618254497002,0.9997257268239166,3645,92,3440,115618,79195,281363,282445
S2,none,42,76x79,0,6.0,15.0,1.08,0.85,0.001,0.5,0.4,,,,0,500,24.0,False,6144.0,20000,20000.0,3636,3636,0.6055962691538974,1.0,3636,135,3970,126490,91345,362980,364582
S2,none,45,76x79,0,6.0,15.0,1.08,0.85,0.001,0.5,0.4,,,,0,500,24.0,False,4944.0,20000,20000.0,3642,3642,0.606595602931379,1.0,3642,150,3637,118082,83494,326225,327500
S2,none,44,76x79,0,6.0,15.0,1.08,0.85,0.001,0.5,0.4,,,,0,500,24.0,False,5016.0,20000,20000.0,3644,3644,0.6069287141905396,1.0,3644,117,3564,117138,83264,321929,323133
S2,none,43,76x79,0,6.0,15.0,1.08,0.85,0.001,0.5,0.4,,,,0,500,24.0,False,3336.0,20000,20000.0,3644,3645,0.60709526982012,0.9997256515775035,3644,93,2859,110169,76653,281656,282156
S2,none,40,76x79,0,6.0,15.0,1.08,0.85,0.001,0.5,0.4,,,,0,500,24.0,False,3336.0,20000,20000.0,3655,3655,0.6087608261159227,1.0,3655,110,3554,122915,84611,307064,308269
S2,none,47,76x79,0,6.0,15.0,1.08,0.85,0.001,0.5,0.4,,,,0,500,24.0,False,2544.0,20000,20000.0,3653,3653,0.6084277148567622,1.0,3653,70,3008,116210,78091,269453,270110
S2,none,46,76x79,0,6.0,15.0,1.08,0.85,0.001,0.5,0.4,,,,0,500,24.0,False,2808.0,20000,20000.0,3630,3630,0.6045969353764157,1.0,3630,85,3489,123174,83880,297515,298630
S2,none,41,76x79,0,6.0,15.0,1.08,0.85,0.001,0.5,0.4,,,,0,500,24.0,False,2472.0,20000,20000.0,3644,3644,0.6069287141905396,1.0,3644,66,2553,102058,68595,243589,243782
S2,none,48,76x79,0,6.0,15.0,1.08,0.85,0.001,0.5,0.4,,,,0,500,24.0,False,5208.0,20000,20000.0,3631,3631,0.604763491005996,1.0,3631,127,3514,111807,80339,317117,318258
S2,none,51,76x79,0,6.0,15.0,1.08,0.85,0.001,0.5,0.4,,,,0,500,24.0,False,5064.0,20000,20000.0,3647,3647,0.6074283810792804,1.0,3647,128,3715,134551,96473,371333,372691
S2,none,52,76x79,0,6.0,15.0,1.08,0.85,0.001,0.5,0.4,,,,0,500,24.0,False,4176.0,20000,20000.0,3671,3671,0.6114257161892072,1.0,3671,108,2871,104023,73581,282602,283140
S2,none,49,76x79,0,6.0,15.0,1.08,0.85,0.001,0.5,0.4,,,,0,500,24.0,False,4872.0,20000,20000.0,3639,3640,0.6062624916722186,0.9997252747252747,3639,130,3549,124128,87878,338158,339343
S2,none,54,76x79,0,6.0,15.0,1.08,0.85,0.001,0.5,0.4,,,,0,500,24.0,False,4296.0,20000,20000.0,3647,3647,0.6074283810792804,1.0,3646,113,2853,105352,74460,285854,286350
S2,none,55,76x79,0,6.0,15.0,1.08,0.85,0.001,0.5,0.4,,,,0,500,24.0,False,4200.0,20000,20000.0,3634,3634,0.6052631578947368,1.0,3634,128,3253,109119,76745,293110,293993
S2,none,53,76x79,0,6.0,15.0,1.08,0.85,0.001,0.5,0.4,,,,0,500,24.0,False,3312.0,20000,20000.0,3613,3614,0.6019320453031313,0.9997232982844494,3612,94,3503,126735,87309,311901,313014
S2,none,50,76x79,0,6.0,15.0,1.08,0.85,0.001,0.5,0.4,,,,0,500,24.0,False,2184.0,20000,20000.0,3649,3649,0.607761492338441,1.0,3649,60,2484,95004,63372,224177,224306
S2,none,62,76x79,0,6.0,15.0,1.08,0.85,0.001,0.5,0.4,,,,0,500,24.0,False,4728.0,20000,20000.0,3671,3671,0.6114257161892072,1.0,3670,159,4211,130235,91088,345859,347737
S2,none,59,76x79,0,6.0,15.0,1.08,0.85,0.001,0.5,0.4,,,,0,500,24.0,False,4608.0,20000,20000.0,3653,3653,0.6084277148567622,1.0,3653,131,3392,106938,75243,292031,293072
S2,none,61,76x79,0,6.0,15.0,1.08,0.85,0.001,0.5,0.4,,,,0,500,24.0,False,4416.0,20000,20000.0,3664,3664,0.6102598267821452,1.0,3664,102,3183,105961,73944,283921,284764
S2,none,58,76x79,0,6.0,15.0,1.08,0.85,0.001,0.5,0.4,,,,0,500,24.0,False,3192.0,20000,20000.0,3641,3641,0.6064290473017988,1.0,3641,74,3102,104202,70745,258369,259108
S2,none,60,76x79,0,6.0,15.0,1.08,0.85,0.001,0.5,0.4,,,,0,500,24.0,False,3528.0,20000,20000.0,3647,3647,0.6074283810792804,1.0,3647,121,3398,130151,89374,323371,324412
S2,none,56,76x79,0,6.0,15.0,1.08,0.85,0.001,0.5,0.4,,,,0,500,24.0,False,3312.0,20000,20000.0,3658,3658,0.6092604930046636,1.0,3658,106,3411,118918,81589,295551,296616
S2,none,63,76x79,0,6.0,15.0,1.08,0.85,0.001,0.5,0.4,,,,0,500,24.0,False,2520.0,20000,20000.0,3651,3651,0.6080946035976016,1.0,3650,80,2964,105546,71151,251649,252260
S2,none,57,76x79,0,6.0,15.0,1.08,0.85,0.001,0.5,0.4,,,,0,500,24.0,False,2184.0,20000,20000.0,3637,3638,0.605929380413058,0.9997251236943375,3637,62,2745,99863,67170,235876,236255
S2,none,69,76x79,0,6.0,15.0,1.08,0.85,0.001,0.5,0.4,,,,0,500,24.0,False,6336.0,20000,20000.0,3638,3638,0.605929380413058,1.0,3638,140,3344,112402,83115,345025,346003
S2,none,70,76x79,0,6.0,15.0,1.08,0.85,0.001,0.5,0.4,,,,0,500,24.0,False,4992.0,20000,20000.0,3647,3647,0.6074283810792804,1.0,3646,132,4050,133300,94210,355758,357451
S2,none,67,76x79,0,6.0,15.0,1.08,0.85,0.001,0.5,0.4,,,,0,500,24.0,False,3336.0,20000,20000.0,3625,3625,0.6037641572285143,1.0,3625,106,2955,99683,68466,253913,254489
S2,none,71,76x79,0,6.0,15.0,1.08,0.85,0.001,0.5,0.4,,,,0,500,24.0,False,3528.0,20000,20000.0,3637,3637,0.6057628247834776,1.0,3637,95,2920,111469,76901,283586,284139
S2,none,65,76x79,0,6.0,15.0,1.08,0.85,0.001,0.5,0.4,,,,0,500,24.0,False,3768.0,20000,20000.0,3646,3646,0.6072618254497002,1.0,3646,112,3538,120117,82613,304008,305188
S2,none,66,76x79,0,6.0,15.0,1.08,0.85,0.001,0.5,0.4,,,,0,500,24.0,False,3432.0,20000,20000.0,3649,3649,0.607761492338441,1.0,3648,109,2921,109380,76154,282773,283339
S2,none,68,76x79,0,6.0,15.0,1.08,0.85,0.001,0.5,0.4,,,,0,500,24.0,False,1896.0,20000,20000.0,3618,3618,0.6025982678214523,1.0,3618,69,2852,99435,66895,230044,230510
S2,none,64,76x79,0,6.0,15.0,1.08,0.85,0.001,0.5,0.4,,,,0,500,24.0,False,3000.0,20000,20000.0,3652,3652,0.6082611592271818,1.0,3652,78,3042,101115,68374,246872,247562
S2,none,72,76x79,0,6.0,15.0,1.08,0.85,0.001,0.5,0.4,,,,0,500,24.0,False,4176.0,20000,20000.0,3645,3645,0.60709526982012,1.0,3645,112,3300,126461,89121,333523,334464
S2,none,79,76x79,0,6.0,15.0,1.08,0.85,0.001,0.5,0.4,,,,0,500,24.0,False,4056.0,20000,20000.0,3629,3629,0.6044303797468354,1.0,3629,106,2795,100480,70509,272026,272446
S2,none,78,76x79,0,6.0,15.0,1.08,0.85,0.001,0.5,0.4,,,,0,500,24.0,False,4296.0,20000,20000.0,3650,3650,0.6079280479680214,1.0,3650,101,3251,115995,81426,310105,311002
S2,none,73,76x79,0,6.0,15.0,1.08,0.85,0.001,0.5,0.4,,,,0,500,24.0,False,3792.0,20000,20000.0,3638,3638,0.605929380413058,1.0,3638,100,3101,115766,81031,302291,303026
S2,none,74,76x79,0,6.0,15.0,1.08,0.85,0.001,0.5,0.4,,,,0,500,24.0,False,3528.0,20000,20000.0,3650,3650,0.6079280479680214,1.0,3650,88,3531,109403,75275,276855,278032
S2,none,75,76x79,0,6.0,15.0,1.08,0.85,0.001,0.5,0.4,,,,0,500,24.0,False,3528.0,20000,20000.0,3636,3636,0.6055962691538974,1.0,3636,88,3162,107150,74087,273888,274682
S2,none,77,76x79,0,6.0,15.0,1.08,0.85,0.001,0.5,0.4,,,,0,500,24.0,False,3576.0,20000,20000.0,3637,3637,0.6057628247834776,1.0,3637,116,3612,132730,92897,336891,338136
S2,none,76,76x79,0,6.0,15.0,1.08,0.85,0.001,0.5,0.4,,,,0,500,24.0,False,2880.0,20000,20000.0,3637,3637,0.6057628247834776,1.0,3637,91,2903,107936,73628,263046,263582
S2,none,83,76x79,0,6.0,15.0,1.08,0.85,0.001,0.5,0.4,,,,0,500,24.0,False,5976.0,20000,20000.0,3637,3637,0.6057628247834776,1.0,3637,148,3521,114908,84102,346598,347752
S2,none,80,76x79,0,6.0,15.0,1.08,0.85,0.001,0.5,0.4,,,,0,500,24.0,False,4800.0,20000,20000.0,3640,3640,0.6062624916722186,1.0,3640,123,3451,116844,82989,320707,321794
S2,none,87,76x79,0,6.0,15.0,1.08,0.85,0.001,0.5,0.4,,,,0,500,24.0,False,4896.0,20000,20000.0,3664,3664,0.6102598267821452,1.0,3664,106,3060,105698,75302,297581,298301
S2,none,86,76x79,0,6.0,15.0,1.08,0.85,0.001,0.5,0.4,,,,0,500,24.0,False,5592.0,20000,20000.0,3655,3655,0.6087608261159227,1.0,3655,150,3614,119581,86896,349306,350571
S2,none,85,76x79,0,6.0,15.0,1.08,0.85,0.001,0.5,0.4,,,,0,500,24.0,False,3240.0,20000,20000.0,3633,3633,0.6050966022651566,1.0,3633,91,2941,101483,69411,254186,254756
S2,none,84,76x79,0,6.0,15.0,1.08,0.85,0.001,0.5,0.4,,,,0,500,24.0,False,2472.0,20000,20000.0,3643,3643,0.6067621585609594,1.0,3643,76,2983,110307,75010,263106,263728
S2,none,82,76x79,0,6.0,15.0,1.08,0.85,0.001,0.5,0.4,,,,0,500,24.0,False,2568.0,20000,20000.0,3636,3636,0.6055962691538974,1.0,3636,96,3102,106718,73023,259274,260008
S2,none,81,76x79,0,6.0,15.0,1.08,0.85,0.001,0.5,0.4,,,,0,500,24.0,False,1848.0,20000,20000.0,3630,3630,0.6045969353764157,1.0,3630,79,2524,96144,63996,224671,224821
S2,none,94,76x79,0,6.0,15.0,1.08,0.85,0.001,0.5,0.4,,,,0,500,24.0,False,5448.0,20000,20000.0,3638,3638,0.605929380413058,1.0,3638,156,3714,120444,85973,337562,338910
S2,none,89,76x79,0,6.0,15.0,1.08,0.85,0.001,0.5,0.4,,,,0,500,24.0,False,4512.0,20000,20000.0,3633,3633,0.6050966022651566,1.0,3633,118,2745,91585,65171,261696,262070
S2,none,93,76x79,0,6.0,15.0,1.08,0.85,0.001,0.5,0.4,,,,0,500,24.0,False,4008.0,20000,20000.0,3622,3622,0.6032644903397735,1.0,3622,101,3331,119706,82853,304068,305017
S2,none,92,76x79,0,6.0,15.0,1.08,0.85,0.001,0.5,0.4,,,,0,500,24.0,False,4008.0,20000,20000.0,3639,3639,0.6060959360426382,1.0,3639,104,2745,108307,76841,293250,293630
S2,none,91,76x79,0,6.0,15.0,1.08,0.85,0.001,0.5,0.4,,,,0,500,24.0,False,3984.0,20000,20000.0,3637,3637,0.6057628247834776,1.0,3637,102,2800,94908,67313,264434,264867
S2,none,90,76x79,0,6.0,15.0,1.08,0.85,0.001,0.5,0.4,,,,0,500,24.0,False,3528.0,20000,20000.0,3641,3641,0.6064290473017988,1.0,3640,88,3173,111898,77340,287195,288005
S2,none,88,76x79,0,6.0,15.0,1.08,0.85,0.001,0.5,0.4,,,,0,500,24.0,False,3552.0,20000,20000.0,3657,3657,0.6090939373750833,1.0,3657,91,3122,116573,80742,295005,295780
S2,none,95,76x79,0,6.0,15.0,1.08,0.85,0.001,0.5,0.4,,,,0,500,24.0,False,3000.0,20000,20000.0,3647,3647,0.6074283810792804,1.0,3647,103,3473,126701,86960,307899,309015
S2,none,98,76x79,0,6.0,15.0,1.08,0.85,0.001,0.5,0.4,,,,0,500,24.0,False,6528.0,20000,20000.0,3642,3642,0.606595602931379,1.0,3642,177,4023,133193,97298,388114,389775
S2,none,96,76x79,0,6.0,15.0,1.08,0.85,0.001,0.5,0.4,,,,0,500,24.0,False,5904.0,20000,20000.0,3633,3633,0.6050966022651566,1.0,3633,128,4005,122217,87413,343593,345227
S2,none,97,76x79,0,6.0,15.0,1.08,0.85,0.001,0.5,0.4,,,,0,500,24.0,False,3888.0,20000,20000.0,3639,3639,0.6060959360426382,1.0,3639,117,3388,108716,75968,286867,287890
S2,none,99,76x79,0,6.0,15.0,1.08,0.85,0.001,0.5,0.4,,,,0,500,24.0,False,2712.0,20000,20000.0,3623,3623,0.6034310459693538,1.0,3623,75,2875,107027,72156,255605,256099
S2,none,2,76x79,0,6.0,15.0,1.08,0.85,0.001,0.5,0.45,,,,0,500,24.0,False,3216.0,20000,20000.0,3658,3658,0.6092604930046636,1.0,3658,67,3405,85120,69329,225229,226288
S2,none,1,76x79,0,6.0,15.0,1.08,0.85,0.001,0.5,0.45,,,,0,500,24.0,False,2688.0,20000,20000.0,3660,3660,0.6095936042638241,1.0,3660,65,2332,68712,56966,192583,192571
S2,none,0,76x79,0,6.0,15.0,1.08,0.85,0.001,0.5,0.45,,,,0,500,24.0,False,3048.0,20000,20000.0,3654,3654,0.6085942704863424,1.0,3654,65,3082,82568,67453,212971,213703
S2,none,3,76x79,0,6.0,15.0,1.08,0.85,0.001,0.5,0.45,,,,0,500,24.0,False,2184.0,20000,20000.0,3634,3635,0.6054297135243171,0.9997248968363136,3633,62,2875,80388,63754,193784,194290
S2,none,11,76x79,0,6.0,15.0,1.08,0.85,0.001,0.5,0.45,,,,0,500,24.0,False,3168.0,20000,20000.0,3655,3655,0.6087608261159227,1.0,3655,65,2395,72237,61139,213782,213828
S2,none,4,76x79,0,6.0,15.0,1.08,0.85,0.001,0.5,0.45,,,,0,500,24.0,False,3936.0,20000,20000.0,3654,3655,0.6087608261159227,0.9997264021887825,3654,97,3684,87560,73048,248690,250025
S2,none,10,76x79,0,6.0,15.0,1.08,0.85,0.001,0.5,0.45,,,,0,500,24.0,False,4344.0,20000,20000.0,3658,3658,0.6092604930046636,1.0,3658,72,3687,96357,81845,272369,273710
S2,none,8,76x79,0,6.0,15.0,1.08,0.85,0.001,0.5,0.45,,,,0,500,24.0,False,3096.0,20000,20000.0,3661,3662,0.6099267155229847,0.9997269251774986,3661,81,2725,78268,64530,214404,214787
S2,none,6,76x79,0,6.0,15.0,1.08,0.85,0.001,0.5,0.45,,,,0,500,24.0,False,2496.0,20000,20000.0,3657,3657,0.6090939373750833,1.0,3657,56,2205,63036,52035,172901,172759
S2,none,7,76x79,0,6.0,15.0,1.08,0.85,0.001,0.5,0.45,,,,0,500,24.0,False,2040.0,20000,20000.0,3656,3656,0.608927381745503,1.0,3656,54,2489,74199,59921,190604,190745
S2,none,9,76x79,0,6.0,15.0,1.08,0.85,0.001,0.5,0.45,,,,0,500,24.0,False,2328.0,20000,20000.0,3657,3657,0.6090939373750833,1.0,3657,64,2884,76745,62052,194051,194588
S2,none,5,76x79,0,6.0,15.0,1.08,0.85,0.001,0.5,0.45,,,,0,500,24.0,False,1656.0,20000,20000.0,3663,3663,0.610093271152565,1.0,3663,48,2280,68546,54419,168239,168178
S2,none,13,76x79,0,6.0,15.0,1.08,0.85,0.001,0.5,0.45,,,,0,500,24.0,False,2976.0,20000,20000.0,3645,3645,0.60709526982012,1.0,3644,81,2859,77509,63546,206878,207378
S2,none,17,76x79,0,6.0,15.0,1.08,0.85,0.001,0.5,0.45,,,,0,500,24.0,False,3552.0,20000,20000.0,3640,3640,0.6062624916722186,1.0,3640,90,3098,76742,64350,224232,224966
S2,none,15,76x79,0,6.0,15.0,1.08,0.85,0.001,0.5,0.45,,,,0,500,24.0,False,2640.0,20000,20000.0,3662,3662,0.6099267155229847,1.0,3662,76,2499,76150,63549,208598,208755
S2,none,16,76x79,0,6.0,15.0,1.08,0.85,0.001,0.5,0.45,,,,0,500,24.0,False,2496.0,20000,20000.0,3656,3656,0.608927381745503,1.0,3656,69,2116,66959,55416,186567,186335
S2,none,18,76x79,0,6.0,15.0,1.08,0.85,0.001,0.5,0.45,,,,0,500,24.0,False,3408.0,20000,20000.0,3649,3649,0.607761492338441,1.0,3649,85,3609,90711,74247,242316,243570
S2,none,14,76x79,0,6.0,15.0,1.08,0.85,0.001,0.5,0.45,,,,0,500,24.0,False,3192.0,20000,20000.0,3672,3672,0.6115922718187875,1.0,3672,79,2791,76334,63580,220362,220821
S2,none,19,76x79,0,6.0,15.0,1.08,0.85,0.001,0.5,0.45,,,,0,500,24.0,False,2784.0,20000,20000.0,3670,3670,0.6112591605596269,1.0,3670,45,2475,64949,53464,182466,182607
S2,none,12,76x79,0,6.0,15.0,1.08,0.85,0.001,0.5,0.45,,,,0,500,24.0,False,2088.0,20000,20000.0,3667,3667,0.6107594936708861,1.0,3667,51,2849,79025,63419,193115,193627
S2,none,20,76x79,0,6.0,15.0,1.08,0.85,0.001,0.5,0.45,,,,0,500,24.0,False,2544.0,20000,20000.0,3656,3656,0.608927381745503,1.0,3656,69,2173,62764,51386,177030,176855
S2,none,25,76x79,0,6.0,15.0,1.08,0.85,0.001,0.5,0.45,,,,0,500,24.0,False,2808.0,20000,20000.0,3652,3652,0.6082611592271818,1.0,3652,88,2356,72313,60675,208481,208485
S2,none,23,76x79,0,6.0,15.0,1.08,0.85,0.001,0.5,0.45,,,,0,500,24.0,False,2448.0,20000,20000.0,3650,3650,0.6079280479680214,1.0,3650,60,2979,76971,61310,196431,197056
S2,none,26,76x79,0,6.0,15.0,1.08,0.85,0.001,0.5,0.45,,,,0,500,24.0,False,2136.0,20000,20000.0,3655,3655,0.6087608261159227,1.0,3655,55,2417,72809,59118,190628,190696
S2,none,24,76x79,0,6.0,15.0,1.08,0.85,0.001,0.5,0.45,,,,0,500,24.0,False,2400.0,20000,20000.0,3661,3662,0.6099267155229847,0.9997269251774986,3661,54,2677,73966,60182,195723,196058
S2,none,27,76x79,0,6.0,15.0,1.08,0.85,0.001,0.5,0.45,,,,0,500,24.0,False,2160.0,20000,20000.0,3649,3649,0.607761492338441,1.0,3649,62,2894,76677,62217,199130,199669
S2,none,22,76x79,0,6.0,15.0,1.08,0.85,0.001,0.5,0.45,,,,0,500,24.0,False,2064.0,20000,20000.0,3648,3648,0.6075949367088608,1.0,3648,60,2934,82143,66310,207056,207634
S2,none,21,76x79,0,6.0,15.0,1.08,0.85,0.001,0.5,0.45,,,,0,500,24.0,False,1368.0,20000,20000.0,3658,3658,0.6092604930046636,1.0,3658,47,2286,75742,61398,189114,189054
S2,none,28,76x79,0,6.0,15.0,1.08,0.85,0.001,0.5,0.45,,,,0,500,24.0,False,3456.0,20000,20000.0,3650,3650,0.6079280479680214,1.0,3650,97,2679,78711,66740,233373,233698
S2,none,35,76x79,0,6.0,15.0,1.08,0.85,0.001,0.5,0.45,,,,0,500,24.0,False,3768.0,20000,20000.0,3672,3672,0.6115922718187875,1.0,3672,89,3347,83640,69543,230207,231222
S2,none,32,76x79,0,6.0,15.0,1.08,0.85,0.001,0.5,0.45,,,,0,500,24.0,False,2832.0,20000,20000.0,3668,3668,0.6109260493004663,1.0,3668,72,2563,77995,64423,212468,212695
S2,none,30,76x79,0,6.0,15.0,1.08,0.85,0.001,0.5,0.45,,,,0,500,24.0,False,2448.0,20000,20000.0,3656,3656,0.608927381745503,1.0,3656,75,2575,79671,64963,209569,209796
S2,none,31,76x79,0,6.0,15.0,1.08,0.85,0.001,0.5,0.45,,,,0,500,24.0,False,2472.0,20000,20000.0,3636,3636,0.6055962691538974,1.0,3636,49,2667,80721,67082,214657,214956
S2,none,34,76x79,0,6.0,15.0,1.08,0.85,0.001,0.5,0.45,,,,0,500,24.0,False,2040.0,20000,20000.0,3634,3634,0.6052631578947368,1.0,3634,66,2472,78580,64850,210036,210138
S2,none,29,76x79,0,6.0,15.0,1.08,0.85,0.001,0.5,0.45,,,,0,500,24.0,False,2544.0,20000,20000.0,3668,3668,0.6109260493004663,1.0,3668,60,2751,77157,63732,205972,206387
S2,none,33,76x79,0,6.0,15.0,1.08,0.85,0.001,0.5,0.45,,,,0,500,24.0,False,1680.0,20000,20000.0,3639,3639,0.6060959360426382,1.0,3639,46,2278,71133,56819,174261,174174
S2,none,37,76x79,0,6.0,15.0,1.08,0.85,0.001,0.5,0.45,,,,0,500,24.0,False,3384.0,20000,20000.0,3652,3652,0.6082611592271818,1.0,3652,74,3388,86332,71113,234415,235451
S2,none,39,76x79,0,6.0,15.0,1.08,0.85,0.001,0.5,0.45,,,,0,500,24.0,False,2664.0,20000,20000.0,3671,3671,0.6114257161892072,1.0,3671,69,2514,77931,64370,212974,213155
S2,none,43,76x79,0,6.0,15.0,1.08,0.85,0.001,0.5,0.45,,,,0,500,24.0,False,1992.0,20000,20000.0,3653,3653,0.6084277148567622,1.0,3652,62,2323,71016,57974,185455,185427
S2,none,42,76x79,0,6.0,15.0,1.08,0.85,0.001,0.5,0.45,,,,0,500,24.0,False,2568.0,20000,20000.0,3661,3661,0.6097601598934044,1.0,3661,60,2437,73447,60722,199278,199372
S2,none,38,76x79,0,6.0,15.0,1.08,0.85,0.001,0.5,0.45,,,,0,500,24.0,False,2688.0,20000,20000.0,3647,3647,0.6074283810792804,1.0,3647,59,2999,81668,67145,212006,212648
S2,none,36,76x79,0,6.0,15.0,1.08,0.85,0.001,0.5,0.45,,,,0,500,24.0,False,2112.0,20000,20000.0,3654,3654,0.6085942704863424,1.0,3654,57,2457,72192,58147,182713,182820
S2,none,40,76x79,0,6.0,15.0,1.08,0.85,0.001,0.5,0.45,,,,0,500,24.0,False,1752.0,20000,20000.0,3650,3650,0.6079280479680214,1.0,3650,54,2341,71507,57132,179873,179860
S2,none,41,76x79,0,6.0,15.0,1.08,0.85,0.001,0.5,0.45,,,,0,500,24.0,False,1680.0,20000,20000.0,3667,3667,0.6107594936708861,1.0,3667,62,2561,78403,63044,194378,194602
S2,none,49,76x79,0,6.0,15.0,1.08,0.85,0.001,0.5,0.45,,,,0,500,24.0,False,3624.0,20000,20000.0,3641,3642,0.606595602931379,0.999725425590335,3641,81,3125,82556,68615,230468,231231
S2,none,51,76x79,0,6.0,15.0,1.08,0.85,0.001,0.5,0.45,,,,0,500,24.0,False,2640.0,20000,20000.0,3617,3617,0.6024317121918721,1.0,3617,61,2495,76784,63543,211964,212072
S2,none,45,76x79,0,6.0,15.0,1.08,0.85,0.001,0.5,0.45,,,,0,500,24.0,False,2808.0,20000,20000.0,3647,3647,0.6074283810792804,1.0,3647,69,2684,77990,64959,211087,211414
S2,none,44,76x79,0,6.0,15.0,1.08,0.85,0.001,0.5,0.45,,,,0,500,24.0,False,2496.0,20000,20000.0,3662,3662,0.6099267155229847,1.0,3662,74,2913,80926,65889,210832,211403
S2,none,50,76x79,0,6.0,15.0,1.08,0.85,0.001,0.5,0.45,,,,0,500,24.0,False,1584.0,20000,20000.0,3648,3648,0.6075949367088608,1.0,3648,52,2214,68157,54455,167251,167109
S2,none,48,76x79,0,6.0,15.0,1.08,0.85,0.001,0.5,0.45,,,,0,500,24.0,False,1632.0,20000,20000.0,3645,3645,0.60709526982012,1.0,3645,61,2347,79233,64215,197240,197228
S2,none,46,76x79,0,6.0,15.0,1.08,0.85,0.001,0.5,0.45,,,,0,500,24.0,False,1872.0,20000,20000.0,3649,3649,0.607761492338441,1.0,3649,52,2344,72249,58562,182634,182623
S2,none,47,76x79,0,6.0,15.0,1.08,0.85,0.001,0.5,0.45,,,,0,500,24.0,False,2016.0,20000,20000.0,3647,3647,0.6074283810792804,1.0,3647,48,2670,76324,61238,192884,193197
S2,none,55,76x79,0,6.0,15.0,1.08,0.85,0.001,0.5,0.45,,,,0,500,24.0,False,2448.0,20000,20000.0,3657,3657,0.6090939373750833,1.0,3657,75,2392,72779,59850,194248,194293
S2,none,59,76x79,0,6.0,15.0,1.08,0.85,0.001,0.5,0.45,,,,0,500,24.0,False,2496.0,20000,20000.0,3660,3660,0.6095936042638241,1.0,3660,64,2620,73464,60738,203754,204030
S2,none,58,76x79,0,6.0,15.0,1.08,0.85,0.001,0.5,0.45,,,,0,500,24.0,False,2544.0,20000,20000.0,3671,3671,0.6114257161892072,1.0,3671,69,2935,77251,62232,199392,199994
S2,none,57,76x79,0,6.0,15.0,1.08,0.85,0.001,0.5,0.45,,,,0,500,24.0,False,2160.0,20000,20000.0,3653,3653,0.6084277148567622,1.0,3653,55,2388,74006,60084,191625,191662
S2,none,53,76x79,0,6.0,15.0,1.08,0.85,0.001,0.5,0.45,,,,0,500,24.0,False,2064.0,20000,20000.0,3652,3652,0.6082611592271818,1.0,3652,50,2876,82999,66361,205233,205757
S2,none,56,76x79,0,6.0,15.0,1.08,0.85,0.001,0.5,0.45,,,,0,500,24.0,False,2352.0,20000,20000.0,3654,3654,0.6085942704863424,1.0,3654,66,2723,77178,63311,204184,204557
S2,none,52,76x79,0,6.0,15.0,1.08,0.85,0.001,0.5,0.45,,,,0,500,24.0,False,1680.0,20000,20000.0,3660,3660,0.6095936042638241,1.0,3660,36,2397,71979,57194,176566,176619
S2,none,54,76x79,0,6.0,15.0,1.08,0.85,0.001,0.5,0.45,,,,0,500,24.0,False,1728.0,20000,20000.0,3656,3656,0.608927381745503,1.0,3656,57,2437,75700,60869,184688,184777
S2,none,66,76x79,0,6.0,15.0,1.08,0.85,0.001,0.5,0.45,,,,0,500,24.0,False,4152.0,20000,20000.0,3645,3645,0.60709526982012,1.0,3645,96,2904,77939,66526,237135,237680
S2,none,64,76x79,0,6.0,15.0,1.08,0.85,0.001,0.5,0.45,,,,0,500,24.0,False,2904.0,20000,20000.0,3642,3642,0.606595602931379,1.0,3642,77,2223,72599,61939,216936,216797
S2,none,67,76x79,0,6.0,15.0,1.08,0.85,0.001,0.5,0.45,,,,0,500,24.0,False,2640.0,20000,20000.0,3660,3660,0.6095936042638241,1.0,3660,56,2681,79928,65878,216251,216588
S2,none,62,76x79,0,6.0,15.0,1.08,0.85,0.001,0.5,0.45,,,,0,500,24.0,False,2568.0,20000,20000.0,3645,3645,0.60709526982012,1.0,3645,66,2736,73447,59352,190230,190607
S2,none,60,76x79,0,6.0,15.0,1.08,0.85,0.001,0.5,0.45,,,,0,500,24.0,False,1704.0,20000,20000.0,3643,3643,0.6067621585609594,1.0,3642,51,2350,73136,59309,182380,182369
S2,none,63,76x79,0,6.0,15.0,1.08,0.85,0.001,0.5,0.45,,,,0,500,24.0,False,2136.0,20000,20000.0,3648,3648,0.6075949367088608,1.0,3648,49,2574,73933,59947,184932,185150
S2,none,65,76x79,0,6.0,15.0,1.08,0.85,0.001,0.5,0.45,,,,0,500,24.0,False,2040.0,20000,20000.0,3668,3668,0.6109260493004663,1.0,3668,57,2356,77915,64103,202965,202985
S2,none,61,76x79,0,6.0,15.0,1.08,0.85,0.001,0.5,0.45,,,,0,500,24.0,False,1656.0,20000,20000.0,3642,3642,0.606595602931379,1.0,3642,40,2165,66611,53446,169523,169326
S2,none,72,76x79,0,6.0,15.0,1.08,0.85,0.001,0.5,0.45,,,,0,500,24.0,False,2808.0,20000,20000.0,3647,3648,0.6075949367088608,0.9997258771929824,3647,79,2283,72607,60888,206628,206555
S2,none,74,76x79,0,6.0,15.0,1.08,0.85,0.001,0.5,0.45,,,,0,500,24.0,False,4128.0,20000,20000.0,3660,3660,0.6095936042638241,1.0,3660,108,2794,85820,73750,259417,259867
S2,none,71,76x79,0,6.0,15.0,1.08,0.85,0.001,0.5,0.45,,,,0,500,24.0,False,3600.0,20000,20000.0,3651,3651,0.6080946035976016,1.0,3651,71,2982,82283,69084,232954,233583
S2,none,70,76x79,0,6.0,15.0,1.08,0.85,0.001,0.5,0.45,,,,0,500,24.0,False,2016.0,20000,20000.0,3650,3650,0.6079280479680214,1.0,3650,66,2534,78990,64404,204747,204927
S2,none,75,76x79,0,6.0,15.0,1.08,0.85,0.001,0.5,0.45,,,,0,500,24.0,False,2952.0,20000,20000.0,3658,3658,0.6092604930046636,1.0,3658,62,2933,81814,67616,221496,222083
S2,none,73,76x79,0,6.0,15.0,1.08,0.85,0.001,0.5,0.45,,,,0,500,24.0,False,2496.0,20000,20000.0,3657,3657,0.6090939373750833,1.0,3657,78,2517,74281,60796,199721,199891
S2,none,68,76x79,0,6.0,15.0,1.08,0.85,0.001,0.5,0.45,,,,0,500,24.0,False,2520.0,20000,20000.0,3653,3653,0.6084277148567622,1.0,3653,76,2838,83779,68560,218992,219479
S2,none,69,76x79,0,6.0,15.0,1.08,0.85,0.001,0.5,0.45,,,,0,500,24.0,False,2016.0,20000,20000.0,3655,3655,0.6087608261159227,1.0,3655,65,2678,76949,62494,193896,194225
S2,none,80,76x79,0,6.0,15.0,1.08,0.85,0.001,0.5,0.45,,,,0,500,24.0,False,3096.0,20000,20000.0,3641,3642,0.606595602931379,0.999725425590335,3641,73,2924,77554,64797,214900,215462
S2,none,79,76x79,0,6.0,15.0,1.08,0.85,0.001,0.5,0.45,,,,0,500,24.0,False,2400.0,20000,20000.0,3660,3660,0.6095936042638241,1.0,3660,56,2542,71279,58523,190559,190757
S2,none,83,76x79,0,6.0,15.0,1.08,0.85,0.001,0.5,0.45,,,,0,500,24.0,False,2856.0,20000,20000.0,3644,3644,0.6069287141905396,1.0,3644,59,2776,76179,62983,211062,211478
S2,none,81,76x79,0,6.0,15.0,1.08,0.85,0.001,0.5,0.45,,,,0,500,24.0,False,2976.0,20000,20000.0,3656,3656,0.608927381745503,1.0,3656,57,2997,82820,67205,219404,220053
S2,none,78,76x79,0,6.0,15.0,1.08,0.85,0.001,0.5,0.45,,,,0,500,24.0,False,1800.0,20000,20000.0,3667,3667,0.6107594936708861,1.0,3667,54,2301,69639,56780,178392,178356
S2,none,82,76x79,0,6.0,15.0,1.08,0.85,0.001,0.5,0.45,,,,0,500,24.0,False,2232.0,20000,20000.0,3646,3646,0.6072618254497002,1.0,3646,61,3013,79153,63851,198429,199084
S2,none,76,76x79,0,6.0,15.0,1.08,0.85,0.001,0.5,0.45,,,,0,500,24.0,False,1224.0,20000,20000.0,3657,3657,0.6090939373750833,1.0,3657,41,2103,65450,52443,156346,156102
S2,none,77,76x79,0,6.0,15.0,1.08,0.85,0.001,0.5,0.45,,,,0,500,24.0,False,1512.0,20000,20000.0,3657,3658,0.6092604930046636,0.9997266265718973,3657,52,2543,75925,60622,185971,186168
S2,none,89,76x79,0,6.0,15.0,1.08,0.85,0.001,0.5,0.45,,,,0,500,24.0,False,3168.0,20000,20000.0,3644,3644,0.6069287141905396,1.0,3644,70,2600,70572,59086,202131,202371
S2,none,85,76x79,0,6.0,15.0,1.08,0.85,0.001,0.5,0.45,,,,0,500,24.0,False,2688.0,20000,20000.0,3646,3646,0.6072618254497002,1.0,3646,67,3218,84483,69298,224062,224922
S2,none,88,76x79,0,6.0,15.0,1.08,0.85,0.001,0.5,0.45,,,,0,500,24.0,False,2784.0,20000,20000.0,3663,3663,0.610093271152565,1.0,3662,62,3239,85291,70486,230254,231152
S2,none,91,76x79,0,6.0,15.0,1.08,0.85,0.001,0.5,0.45,,,,0,500,24.0,False,1992.0,20000,20000.0,3658,3658,0.6092604930046636,1.0,3658,52,2040,68097,55761,179196,178890
S2,none,87,76x79,0,6.0,15.0,1.08,0.85,0.001,0.5,0.45,,,,0,500,24.0,False,1992.0,20000,20000.0,3660,3660,0.6095936042638241,1.0,3660,72,2465,69227,56498,185564,185685
S2,none,84,76x79,0,6.0,15.0,1.08,0.85,0.001,0.5,0.45,,,,0,500,24.0,False,1992.0,20000,20000.0,3644,3644,0.6069287141905396,1.0,3644,44,2479,72409,57846,180893,181012
S2,none,86,76x79,0,6.0,15.0,1.08,0.85,0.001,0.5,0.45,,,,0,500,24.0,False,2352.0,20000,20000.0,3654,3654,0.6085942704863424,1.0,3654,55,2688,77275,62733,198447,198785
S2,none,90,76x79,0,6.0,15.0,1.08,0.85,0.001,0.5,0.45,,,,0,500,24.0,False,1584.0,20000,20000.0,3654,3654,0.6085942704863424,1.0,3654,49,2468,76443,62189,190909,191027
S2,none,95,76x79,0,6.0,15.0,1.08,0.85,0.001,0.5,0.45,,,,0,500,24.0,False,3840.0,20000,20000.0,3671,3671,0.6114257161892072,1.0,3671,81,3102,81838,67824,231671,232440
S2,none,98,76x79,0,6.0,15.0,1.08,0.85,0.001,0.5,0.45,,,,0,500,24.0,False,2712.0,20000,20000.0,3676,3676,0.6122584943371085,1.0,3676,74,2755,81406,68131,225466,225893
S2,none,94,76x79,0,6.0,15.0,1.08,0.85,0.001,0.5,0.45,,,,0,500,24.0,False,2688.0,20000,20000.0,3657,3657,0.6090939373750833,1.0,3657,69,2752,89317,72441,228375,228780
S2,none,93,76x79,0,6.0,15.0,1.08,0.85,0.001,0.5,0.45,,,,0,500,24.0,False,2184.0,20000,20000.0,3659,3659,0.6094270486342438,1.0,3659,56,2632,75535,62347,200274,200561
S2,none,97,76x79,0,6.0,15.0,1.08,0.85,0.001,0.5,0.45,,,,0,500,24.0,False,2688.0,20000,20000.0,3651,3652,0.6082611592271818,0.9997261774370209,3651,62,2779,75181,61932,202757,203184
S2,none,92,76x79,0,6.0,15.0,1.08,0.85,0.001,0.5,0.45,,,,0,500,24.0,False,1800.0,20000,20000.0,3669,3669,0.6110926049300467,1.0,3669,54,1907,62375,50375,159947,159519
S2,none,99,76x79,0,6.0,15.0,1.08,0.85,0.001,0.5,0.45,,,,0,500,24.0,False,1584.0,20000,20000.0,3653,3653,0.6084277148567622,1.0,3653,71,2512,79034,63595,193099,193260
S2,none,96,76x79,0,6.0,15.0,1.08,0.85,0.001,0.5,0.45,,,,0,500,24.0,False,1824.0,20000,20000.0,3658,3658,0.6092604930046636,1.0,3658,51,2522,76346,60551,185454,185630
S2,none,4,76x79,0,6.0,15.0,1.08,0.85,0.001,0.5,0.5,,,,0,500,24.0,False,1896.0,20000,20000.0,3650,3650,0.6079280479680214,1.0,3650,39,2281,55494,54011,155662,155589
S2,none,2,76x79,0,6.0,15.0,1.08,0.85,0.001,0.5,0.5,,,,0,500,24.0,False,1992.0,20000,20000.0,3672,3672,0.6115922718187875,1.0,3672,49,2165,49548,48126,146368,146201
S2,none,3,76x79,0,6.0,15.0,1.08,0.85,0.001,0.5,0.5,,,,0,500,24.0,False,1560.0,20000,20000.0,3665,3665,0.6104263824117255,1.0,3665,45,2014,52961,51382,145517,145192
S2,none,0,76x79,0,6.0,15.0,1.08,0.85,0.001,0.5,0.5,,,,0,500,24.0,False,2208.0,20000,20000.0,3661,3661,0.6097601598934044,1.0,3661,65,2585,58442,58105,171591,171833
S2,none,6,76x79,0,6.0,15.0,1.08,0.85,0.001,0.5,0.5,,,,0,500,24.0,False,1920.0,20000,20000.0,3670,3670,0.6112591605596269,1.0,3670,44,2166,54578,54140,156844,156676
S2,none,7,76x79,0,6.0,15.0,1.08,0.85,0.001,0.5,0.5,,,,0,500,24.0,False,1800.0,20000,20000.0,3680,3680,0.6129247168554297,1.0,3680,41,2303,54318,52833,152520,152499
S2,none,5,76x79,0,6.0,15.0,1.08,0.85,0.001,0.5,0.5,,,,0,500,24.0,False,1056.0,20000,20000.0,3644,3644,0.6069287141905396,1.0,3644,41,1903,53381,51975,144909,144452
S2,none,1,76x79,0,6.0,15.0,1.08,0.85,0.001,0.5,0.5,,,,0,500,24.0,False,1920.0,20000,20000.0,3657,3657,0.6090939373750833,1.0,3657,57,2132,55055,54321,158060,157845
S2,none,10,76x79,0,6.0,15.0,1.08,0.85,0.001,0.5,0.5,,,,0,500,24.0,False,1944.0,20000,20000.0,3660,3660,0.6095936042638241,1.0,3660,35,2216,55015,53680,154479,154351
S2,none,8,76x79,0,6.0,15.0,1.08,0.85,0.001,0.5,0.5,,,,0,500,24.0,False,1320.0,20000,20000.0,3671,3671,0.6114257161892072,1.0,3671,36,1950,51757,50173,142951,142568
S2,none,14,76x79,0,6.0,15.0,1.08,0.85,0.001,0.5,0.5,,,,0,500,24.0,False,1752.0,20000,20000.0,3663,3663,0.610093271152565,1.0,3663,31,2117,54962,53579,149997,149773
S2,none,11,76x79,0,6.0,15.0,1.08,0.85,0.001,0.5,0.5,,,,0,500,24.0,False,1800.0,20000,20000.0,3664,3664,0.6102598267821452,1.0,3664,42,2468,56996,56069,159370,159498
S2,none,9,76x79,0,6.0,15.0,1.08,0.85,0.001,0.5,0.5,,,,0,500,24.0,False,2064.0,20000,20000.0,3681,3681,0.6130912724850099,1.0,3681,45,1912,48771,47940,145576,145165
S2,none,12,76x79,0,6.0,15.0,1.08,0.85,0.001,0.5,0.5,,,,0,500,24.0,False,2016.0,20000,20000.0,3672,3672,0.6115922718187875,1.0,3672,42,2468,58144,56830,163390,163526
S2,none,13,76x79,0,6.0,15.0,1.08,0.85,0.001,0.5,0.5,,,,0,500,24.0,False,1512.0,20000,20000.0,3652,3652,0.6082611592271818,1.0,3652,49,2176,57841,55643,153487,153311
S2,none,15,76x79,0,6.0,15.0,1.08,0.85,0.001,0.5,0.5,,,,0,500,24.0,False,1368.0,20000,20000.0,3656,3657,0.6090939373750833,0.9997265518184304,3656,37,2495,63389,61244,164227,164375
S2,none,19,76x79,0,6.0,15.0,1.08,0.85,0.001,0.5,0.5,,,,0,500,24.0,False,2400.0,20000,20000.0,3655,3655,0.6087608261159227,1.0,3655,61,1965,52724,52583,162819,162435
S2,none,17,76x79,0,6.0,15.0,1.08,0.85,0.001,0.5,0.5,,,,0,500,24.0,False,2208.0,20000,20000.0,3659,3659,0.6094270486342438,1.0,3659,40,2298,62435,61293,174148,174101
S2,none,23,76x79,0,6.0,15.0,1.08,0.85,0.001,0.5,0.5,,,,0,500,24.0,False,1920.0,20000,20000.0,3671,3671,0.6114257161892072,1.0,3671,57,2423,59960,58203,165111,165201
S2,none,16,76x79,0,6.0,15.0,1.08,0.85,0.001,0.5,0.5,,,,0,500,24.0,False,2496.0,20000,20000.0,3662,3662,0.6099267155229847,1.0,3662,56,2490,69446,68470,193292,193440
S2,none,20,76x79,0,6.0,15.0,1.08,0.85,0.001,0.5,0.5,,,,0,500,24.0,False,2184.0,20000,20000.0,3691,3691,0.6147568287808128,1.0,3691,60,2332,59371,59400,174970,174989
S2,none,18,76x79,0,6.0,15.0,1.08,0.85,0.001,0.5,0.5,,,,0,500,24.0,False,1872.0,20000,20000.0,3663,3664,0.6102598267821452,0.9997270742358079,3663,43,2112,52702,52510,152465,152237
S2,none,22,76x79,0,6.0,15.0,1.08,0.85,0.001,0.5,0.5,,,,0,500,24.0,False,1272.0,20000,20000.0,3663,3663,0.610093271152565,1.0,3662,38,2153,55614,53491,150709,150521
S2,none,21,76x79,0,6.0,15.0,1.08,0.85,0.001,0.5,0.5,,,,0,500,24.0,False,1872.0,20000,20000.0,3673,3673,0.6117588274483677,1.0,3673,55,2687,66732,64144,177901,178257
S2,none,26,76x79,0,6.0,15.0,1.08,0.85,0.001,0.5,0.5,,,,0,500,24.0,False,2616.0,20000,20000.0,3658,3658,0.6092604930046636,1.0,3658,59,2557,57491,56928,173671,173882
S2,none,25,76x79,0,6.0,15.0,1.08,0.85,0.001,0.5,0.5,,,,0,500,24.0,False,2520.0,20000,20000.0,3659,3659,0.6094270486342438,1.0,3659,58,2792,64265,63708,184868,185315
S2,none,31,76x79,0,6.0,15.0,1.08,0.85,0.001,0.5,0.5,,,,0,500,24.0,False,2568.0,20000,20000.0,3662,3662,0.6099267155229847,1.0,3662,59,2489,58303,57581,176468,176615
S2,none,24,76x79,0,6.0,15.0,1.08,0.85,0.001,0.5,0.5,,,,0,500,24.0,False,2184.0,20000,20000.0,3677,3677,0.6124250499666889,1.0,3677,44,2489,68743,68310,188333,188495
S2,none,28,76x79,0,6.0,15.0,1.08,0.85,0.001,0.5,0.5,,,,0,500,24.0,False,1800.0,20000,20000.0,3656,3656,0.608927381745503,1.0,3656,33,1837,47514,46428,138047,137536
S2,none,29,76x79,0,6.0,15.0,1.08,0.85,0.001,0.5,0.5,,,,0,500,24.0,False,1920.0,20000,20000.0,3679,3679,0.6127581612258495,1.0,3679,42,2170,58318,56865,159878,159723
S2,none,30,76x79,0,6.0,15.0,1.08,0.85,0.001,0.5,0.5,,,,0,500,24.0,False,1704.0,20000,20000.0,3660,3660,0.6095936042638241,1.0,3660,39,2039,51724,50326,148240,147935
S2,none,27,76x79,0,6.0,15.0,1.08,0.85,0.001,0.5,0.5,,,,0,500,24.0,False,1392.0,20000,20000.0,3671,3671,0.6114257161892072,1.0,3671,42,2251,59237,57309,159978,159896
S2,none,35,76x79,0,6.0,15.0,1.08,0.85,0.001,0.5,0.5,,,,0,500,24.0,False,2424.0,20000,20000.0,3665,3665,0.6104263824117255,1.0,3665,40,1826,51644,52261,158397,157884
S2,none,39,76x79,0,6.0,15.0,1.08,0.85,0.001,0.5,0.5,,,,0,500,24.0,False,1800.0,20000,20000.0,3658,3658,0.6092604930046636,1.0,3658,46,1777,49443,48164,141875,141306
S2,none,34,76x79,0,6.0,15.0,1.08,0.85,0.001,0.5,0.5,,,,0,500,24.0,False,1728.0,20000,20000.0,3666,3666,0.6105929380413058,1.0,3666,45,1997,53553,52898,151984,151643
S2,none,33,76x79,0,6.0,15.0,1.08,0.85,0.001,0.5,0.5,,,,0,500,24.0,False,1656.0,20000,20000.0,3673,3673,0.6117588274483677,1.0,3673,48,1960,54278,53600,153335,152964
S2,none,36,76x79,0,6.0,15.0,1.08,0.85,0.001,0.5,0.5,,,,0,500,24.0,False,1752.0,20000,20000.0,3663,3663,0.610093271152565,1.0,3663,46,1936,52791,51716,147679,147274
S2,none,32,76x79,0,6.0,15.0,1.08,0.85,0.001,0.5,0.5,,,,0,500,24.0,False,1704.0,20000,20000.0,3679,3679,0.6127581612258495,1.0,3679,33,2176,54588,53686,156057,155908
S2,none,38,76x79,0,6.0,15.0,1.08,0.85,0.001,0.5,0.5,,,,0,500,24.0,False,1488.0,20000,20000.0,3677,3677,0.6124250499666889,1.0,3677,37,1825,49566,48083,134056,133554
S2,none,37,76x79,0,6.0,15.0,1.08,0.85,0.001,0.5,0.5,,,,0,500,24.0,False,1608.0,20000,20000.0,3657,3657,0.6090939373750833,1.0,3656,36,2054,56762,55102,151435,151142
S2,none,43,76x79,0,6.0,15.0,1.08,0.85,0.001,0.5,0.5,,,,0,500,24.0,False,1944.0,20000,20000.0,3650,3650,0.6079280479680214,1.0,3650,45,2290,58112,56639,163908,163844
S2,none,41,76x79,0,6.0,15.0,1.08,0.85,0.001,0.5,0.5,,,,0,500,24.0,False,1680.0,20000,20000.0,3653,3653,0.6084277148567622,1.0,3653,46,2161,59709,57895,158487,158297
S2,none,45,76x79,0,6.0,15.0,1.08,0.85,0.001,0.5,0.5,,,,0,500,24.0,False,1728.0,20000,20000.0,3649,3649,0.607761492338441,1.0,3649,45,2115,52101,50707,143867,143627
S2,none,42,76x79,0,6.0,15.0,1.08,0.85,0.001,0.5,0.5,,,,0,500,24.0,False,1392.0,20000,20000.0,3676,3676,0.6122584943371085,1.0,3676,41,1950,51409,49055,138708,138330
S2,none,40,76x79,0,6.0,15.0,1.08,0.85,0.001,0.5,0.5,,,,0,500,24.0,False,1344.0,20000,20000.0,3654,3654,0.6085942704863424,1.0,3654,34,2000,56640,54658,146624,146274
S2,none,44,76x79,0,6.0,15.0,1.08,0.85,0.001,0.5,0.5,,,,0,500,24.0,False,1344.0,20000,20000.0,3665,3665,0.6104263824117255,1.0,3665,38,1938,52155,50784,140924,140523
S2,none,47,76x79,0,6.0,15.0,1.08,0.85,0.001,0.5,0.5,,,,0,500,24.0,False,1920.0,20000,20000.0,3674,3674,0.6119253830779481,1.0,3674,48,2419,60577,59326,166866,166955
S2,none,46,76x79,0,6.0,15.0,1.08,0.85,0.001,0.5,0.5,,,,0,500,24.0,False,1560.0,20000,20000.0,3680,3680,0.6129247168554297,1.0,3680,38,2036,54695,52634,149873,149585
S2,none,49,76x79,0,6.0,15.0,1.08,0.85,0.001,0.5,0.5,,,,0,500,24.0,False,2496.0,20000,20000.0,3655,3655,0.6087608261159227,1.0,3655,61,1970,53980,54649,174329,173950
S2,none,53,76x79,0,6.0,15.0,1.08,0.85,0.001,0.5,0.5,,,,0,500,24.0,False,2328.0,20000,20000.0,3662,3662,0.6099267155229847,1.0,3662,38,2177,57418,56955,168172,168007
S2,none,51,76x79,0,6.0,15.0,1.08,0.85,0.001,0.5,0.5,,,,0,500,24.0,False,1872.0,20000,20000.0,3655,3655,0.6087608261159227,1.0,3655,42,2077,56917,56521,162299,162027
S2,none,52,76x79,0,6.0,15.0,1.08,0.85,0.001,0.5,0.5,,,,0,500,24.0,False,1512.0,20000,20000.0,3660,3660,0.6095936042638241,1.0,3660,49,2617,63629,62465,171980,172253
S2,none,55,76x79,0,6.0,15.0,1.08,0.85,0.001,0.5,0.5,,,,0,500,24.0,False,1632.0,20000,20000.0,3655,3655,0.6087608261159227,1.0,3655,45,2006,55104,53382,150351,150008
S2,none,48,76x79,0,6.0,15.0,1.08,0.85,0.001,0.5,0.5,,,,0,500,24.0,False,1296.0,20000,20000.0,3670,3670,0.6112591605596269,1.0,3670,36,2026,60454,58908,158833,158525
S2,none,50,76x79,0,6.0,15.0,1.08,0.85,0.001,0.5,0.5,,,,0,500,24.0,False,1584.0,20000,20000.0,3680,3680,0.6129247168554297,1.0,3680,40,2336,58995,57616,156551,156563
S2,none,54,76x79,0,6.0,15.0,1.08,0.85,0.001,0.5,0.5,,,,0,500,24.0,False,1416.0,20000,20000.0,3664,3664,0.6102598267821452,1.0,3664,47,1849,47216,45547,130385,129894
S2,none,61,76x79,0,6.0,15.0,1.08,0.85,0.001,0.5,0.5,,,,0,500,24.0,False,2520.0,20000,20000.0,3655,3655,0.6087608261159227,1.0,3655,41,2281,57897,56690,167787,167719
S2,none,56,76x79,0,6.0,15.0,1.08,0.85,0.001,0.5,0.5,,,,0,500,24.0,False,2112.0,20000,20000.0,3660,3660,0.6095936042638241,1.0,3660,52,2302,56477,55167,158566,158524
S2,none,62,76x79,0,6.0,15.0,1.08,0.85,0.001,0.5,0.5,,,,0,500,24.0,False,1752.0,20000,20000.0,3662,3662,0.6099267155229847,1.0,3662,42,2061,56587,55256,157346,157065
S2,none,63,76x79,0,6.0,15.0,1.08,0.85,0.001,0.5,0.5,,,,0,500,24.0,False,1992.0,20000,20000.0,3665,3665,0.6104263824117255,1.0,3665,46,1934,53211,52400,155167,154762
S2,none,59,76x79,0,6.0,15.0,1.08,0.85,0.001,0.5,0.5,,,,0,500,24.0,False,2136.0,20000,20000.0,3660,3660,0.6095936042638241,1.0,3660,39,2321,54434,53060,153306,153283
S2,none,57,76x79,0,6.0,15.0,1.08,0.85,0.001,0.5,0.5,,,,0,500,24.0,False,1728.0,20000,20000.0,3676,3676,0.6122584943371085,1.0,3676,42,1975,49632,48369,142201,141848
S2,none,60,76x79,0,6.0,15.0,1.08,0.85,0.001,0.5,0.5,,,,0,500,24.0,False,1800.0,20000,20000.0,3680,3681,0.6130912724850099,0.9997283346916599,3680,47,2030,52205,50811,146599,146306
S2,none,58,76x79,0,6.0,15.0,1.08,0.85,0.001,0.5,0.5,,,,0,500,24.0,False,1656.0,20000,20000.0,3663,3663,0.610093271152565,1.0,3663,51,2427,57434,56603,161212,161298
S2,none,68,76x79,0,6.0,15.0,1.08,0.85,0.001,0.5,0.5,,,,0,500,24.0,False,2064.0,20000,20000.0,3664,3664,0.6102598267821452,1.0,3664,40,2081,50488,49668,146093,145834
S2,none,71,76x79,0,6.0,15.0,1.08,0.85,0.001,0.5,0.5,,,,0,500,24.0,False,1968.0,20000,20000.0,3658,3658,0.6092604930046636,1.0,3658,51,2130,52869,51862,149930,149714
S2,none,65,76x79,0,6.0,15.0,1.08,0.85,0.001,0.5,0.5,,,,0,500,24.0,False,1920.0,20000,20000.0,3662,3662,0.6099267155229847,1.0,3662,58,2033,50854,50245,147355,147046
S2,none,69,76x79,0,6.0,15.0,1.08,0.85,0.001,0.5,0.5,,,,0,500,24.0,False,2016.0,20000,20000.0,3665,3665,0.6104263824117255,1.0,3665,57,2101,53929,52867,156116,155878
S2,none,64,76x79,0,6.0,15.0,1.08,0.85,0.001,0.5,0.5,,,,0,500,24.0,False,1800.0,20000,20000.0,3683,3683,0.6134243837441705,1.0,3683,48,2308,57823,57773,163907,163894
S2,none,67,76x79,0,6.0,15.0,1.08,0.85,0.001,0.5,0.5,,,,0,500,24.0,False,1800.0,20000,20000.0,3667,3667,0.6107594936708861,1.0,3666,43,2080,52609,51043,146341,146084
S2,none,70,76x79,0,6.0,15.0,1.08,0.85,0.001,0.5,0.5,,,,0,500,24.0,False,1848.0,20000,20000.0,3660,3660,0.6095936042638241,1.0,3660,35,1899,50866,49167,143355,142910
S2,none,66,76x79,0,6.0,15.0,1.08,0.85,0.001,0.5,0.5,,,,0,500,24.0,False,1752.0,20000,20000.0,3677,3677,0.6124250499666889,1.0,3677,45,1969,53794,53456,158260,157902
S2,none,79,76x79,0,6.0,15.0,1.08,0.85,0.001,0.5,0.5,,,,0,500,24.0,False,2232.0,20000,20000.0,3659,3660,0.6095936042638241,0.9997267759562841,3659,43,1742,46863,46431,146032,145430
S2,none,72,76x79,0,6.0,15.0,1.08,0.85,0.001,0.5,0.5,,,,0,500,24.0,False,1752.0,20000,20000.0,3658,3658,0.6092604930046636,1.0,3658,41,1902,51235,50050,147047,146603
S2,none,74,76x79,0,6.0,15.0,1.08,0.85,0.001,0.5,0.5,,,,0,500,24.0,False,1920.0,20000,20000.0,3676,3676,0.6122584943371085,1.0,3676,47,2441,60730,60144,171821,171934
S2,none,73,76x79,0,6.0,15.0,1.08,0.85,0.001,0.5,0.5,,,,0,500,24.0,False,1608.0,20000,20000.0,3686,3686,0.6139240506329114,1.0,3686,56,2109,54012,52622,154169,153960
S2,none,75,76x79,0,6.0,15.0,1.08,0.85,0.001,0.5,0.5,,,,0,500,24.0,False,2040.0,20000,20000.0,3656,3656,0.608927381745503,1.0,3656,44,2593,65315,63866,176658,176903
S2,none,76,76x79,0,6.0,15.0,1.08,0.85,0.001,0.5,0.5,,,,0,500,24.0,False,1248.0,20000,20000.0,3665,3665,0.6104263824117255,1.0,3665,49,2238,57741,55479,147430,147329
S2,none,78,76x79,0,6.0,15.0,1.08,0.85,0.001,0.5,0.5,,,,0,500,24.0,False,1440.0,20000,20000.0,3661,3661,0.6097601598934044,1.0,3661,28,1929,50543,48575,135285,134871
S2,none,77,76x79,0,6.0,15.0,1.08,0.85,0.001,0.5,0.5,,,,0,500,24.0,False,1176.0,20000,20000.0,3656,3656,0.608927381745503,1.0,3656,40,2214,56655,54434,150399,150265
S2,none,81,76x79,0,6.0,15.0,1.08,0.85,0.001,0.5,0.5,,,,0,500,24.0,False,2952.0,20000,20000.0,3660,3660,0.6095936042638241,1.0,3660,65,2361,60359,61060,191196,191213
S2,none,80,76x79,0,6.0,15.0,1.08,0.85,0.001,0.5,0.5,,,,0,500,24.0,False,2328.0,20000,20000.0,3668,3668,0.6109260493004663,1.0,3668,48,2620,60213,59480,176005,176289
S2,none,87,76x79,0,6.0,15.0,1.08,0.85,0.001,0.5,0.5,,,,0,500,24.0,False,2064.0,20000,20000.0,3640,3640,0.6062624916722186,1.0,3640,41,1989,52045,51413,154710,154335
S2,none,83,76x79,0,6.0,15.0,1.08,0.85,0.001,0.5,0.5,,,,0,500,24.0,False,2064.0,20000,20000.0,3668,3668,0.6109260493004663,1.0,3668,33,2580,66000,64257,176802,177046
S2,none,82,76x79,0,6.0,15.0,1.08,0.85,0.001,0.5,0.5,,,,0,500,24.0,False,1728.0,20000,20000.0,3650,3650,0.6079280479680214,1.0,3650,50,2606,62406,61013,172008,172260
S2,none,85,76x79,0,6.0,15.0,1.08,0.85,0.001,0.5,0.5,,,,0,500,24.0,False,1776.0,20000,20000.0,3662,3662,0.6099267155229847,1.0,3662,45,2979,73816,72144,195750,196387
S2,none,84,76x79,0,6.0,15.0,1.08,0.85,0.001,0.5,0.5,,,,0,500,24.0,False,1464.0,20000,20000.0,3679,3679,0.6127581612258495,1.0,3679,35,1983,54379,52566,147562,147220
S2,none,86,76x79,0,6.0,15.0,1.08,0.85,0.001,0.5,0.5,,,,0,500,24.0,False,1464.0,20000,20000.0,3675,3675,0.6120919387075283,1.0,3675,44,2005,56446,55164,159268,158944
S2,none,93,76x79,0,6.0,15.0,1.08,0.85,0.001,0.5,0.5,,,,0,500,24.0,False,2520.0,20000,20000.0,3666,3666,0.6105929380413058,1.0,3666,46,2130,57534,57773,171304,171096
S2,none,88,76x79,0,6.0,15.0,1.08,0.85,0.001,0.5,0.5,,,,0,500,24.0,False,1920.0,20000,20000.0,3664,3664,0.6102598267821452,1.0,3664,49,2083,52838,51918,153055,152798
S2,none,92,76x79,0,6.0,15.0,1.08,0.85,0.001,0.5,0.5,,,,0,500,24.0,False,1392.0,20000,20000.0,3670,3670,0.6112591605596269,1.0,3670,49,1975,50434,48829,137637,137278
S2,none,89,76x79,0,6.0,15.0,1.08,0.85,0.001,0.5,0.5,,,,0,500,24.0,False,1896.0,20000,20000.0,3660,3660,0.6095936042638241,1.0,3660,53,2125,51157,50796,153640,153421
S2,none,95,76x79,0,6.0,15.0,1.08,0.85,0.001,0.5,0.5,,,,0,500,24.0,False,2640.0,20000,20000.0,3665,3665,0.6104263824117255,1.0,3665,64,2350,63810,64554,187810,187821
S2,none,91,76x79,0,6.0,15.0,1.08,0.85,0.001,0.5,0.5,,,,0,500,24.0,False,1512.0,20000,20000.0,3679,3679,0.6127581612258495,1.0,3679,37,1924,51253,50531,147252,146851
S2,none,94,76x79,0,6.0,15.0,1.08,0.85,0.001,0.5,0.5,,,,0,500,24.0,False,1584.0,20000,20000.0,3674,3674,0.6119253830779481,1.0,3674,37,1868,50699,49566,143251,142789
S2,none,90,76x79,0,6.0,15.0,1.08,0.85,0.001,0.5,0.5,,,,0,500,24.0,False,1224.0,20000,20000.0,3656,3656,0.608927381745503,1.0,3656,39,1900,50234,48910,136581,136133
S2,none,97,76x79,0,6.0,15.0,1.08,0.85,0.001,0.5,0.5,,,,0,500,24.0,False,1944.0,20000,20000.0,3668,3668,0.6109260493004663,1.0,3668,45,2462,61587,59678,167564,167690
S2,none,1,76x79,0,6.0,15.0,1.08,0.85,0.001,0.5,0.55,,,,0,500,24.0,False,1632.0,20000,20000.0,3675,3675,0.6120919387075283,1.0,3675,45,1774,41713,49802,130009,129454
S2,none,2,76x79,0,6.0,15.0,1.08,0.85,0.001,0.5,0.55,,,,0,500,24.0,False,1512.0,20000,20000.0,3674,3675,0.6120919387075283,0.9997278911564625,3674,26,1659,38470,45696,121238,120568
S2,none,98,76x79,0,6.0,15.0,1.08,0.85,0.001,0.5,0.5,,,,0,500,24.0,False,1200.0,20000,20000.0,3675,3675,0.6120919387075283,1.0,3675,36,1835,47598,45944,130557,130063
S2,none,99,76x79,0,6.0,15.0,1.08,0.85,0.001,0.5,0.5,,,,0,500,24.0,False,1272.0,20000,20000.0,3649,3649,0.607761492338441,1.0,3649,39,2369,61971,59136,154398,154412
S2,none,96,76x79,0,6.0,15.0,1.08,0.85,0.001,0.5,0.5,,,,0,500,24.0,False,1056.0,20000,20000.0,3652,3652,0.6082611592271818,1.0,3652,35,2175,55496,54265,149008,148831
S2,none,0,76x79,0,6.0,15.0,1.08,0.85,0.001,0.5,0.55,,,,0,500,24.0,False,1728.0,20000,20000.0,3666,3666,0.6105929380413058,1.0,3666,34,1907,44265,53260,140008,139577
S2,none,3,76x79,0,6.0,15.0,1.08,0.85,0.001,0.5,0.55,,,,0,500,24.0,False,1272.0,20000,20000.0,3659,3659,0.6094270486342438,1.0,3659,30,1623,39403,46019,117850,117128
S2,none,11,76x79,0,6.0,15.0,1.08,0.85,0.001,0.5,0.55,,,,0,500,24.0,False,1992.0,20000,20000.0,3683,3683,0.6134243837441705,1.0,3683,40,2113,47667,56994,150310,150102
S2,none,9,76x79,0,6.0,15.0,1.08,0.85,0.001,0.5,0.55,,,,0,500,24.0,False,960.0,20000,20000.0,3693,3693,0.6150899400399733,1.0,3692,21,1602,42345,49317,119641,118932
S2,none,4,76x79,0,6.0,15.0,1.08,0.85,0.001,0.5,0.55,,,,0,500,24.0,False,1776.0,20000,20000.0,3678,3678,0.6125916055962691,1.0,3677,36,2040,47474,56541,144026,143740
S2,none,10,76x79,0,6.0,15.0,1.08,0.85,0.001,0.5,0.55,,,,0,500,24.0,False,1512.0,20000,20000.0,3693,3693,0.6150899400399733,1.0,3693,43,1448,37910,45213,122837,121974
S2,none,7,76x79,0,6.0,15.0,1.08,0.85,0.001,0.5,0.55,,,,0,500,24.0,False,1224.0,20000,20000.0,3676,3676,0.6122584943371085,1.0,3676,35,2351,52202,60701,150667,150690
S2,none,6,76x79,0,6.0,15.0,1.08,0.85,0.001,0.5,0.55,,,,0,500,24.0,False,1536.0,20000,20000.0,3660,3660,0.6095936042638241,1.0,3660,36,1673,38867,46617,123434,122763
S2,none,8,76x79,0,6.0,15.0,1.08,0.85,0.001,0.5,0.55,,,,0,500,24.0,False,1392.0,20000,20000.0,3682,3682,0.6132578281145903,1.0,3682,32,1816,40514,47352,122949,122443
S2,none,5,76x79,0,6.0,15.0,1.08,0.85,0.001,0.5,0.55,,,,0,500,24.0,False,1128.0,20000,20000.0,3684,3684,0.6135909393737509,1.0,3684,29,1793,40670,47634,121412,120885
S2,none,14,76x79,0,6.0,15.0,1.08,0.85,0.001,0.5,0.55,,,,0,500,24.0,False,1824.0,20000,20000.0,3659,3659,0.6094270486342438,1.0,3659,34,1864,41671,49569,132166,131685
S2,none,17,76x79,0,6.0,15.0,1.08,0.85,0.001,0.5,0.55,,,,0,500,24.0,False,1656.0,20000,20000.0,3674,3674,0.6119253830779481,1.0,3674,34,1951,43301,51508,136179,135800
S2,none,19,76x79,0,6.0,15.0,1.08,0.85,0.001,0.5,0.55,,,,0,500,24.0,False,1776.0,20000,20000.0,3673,3673,0.6117588274483677,1.0,3673,48,2004,41573,50432,140597,140270
S2,none,16,76x79,0,6.0,15.0,1.08,0.85,0.001,0.5,0.55,,,,0,500,24.0,False,1536.0,20000,20000.0,3677,3677,0.6124250499666889,1.0,3677,40,1805,38924,45911,126104,125582
S2,none,13,76x79,0,6.0,15.0,1.08,0.85,0.001,0.5,0.55,,,,0,500,24.0,False,1368.0,20000,20000.0,3682,3682,0.6132578281145903,1.0,3682,33,1889,40039,47098,121644,121211
S2,none,15,76x79,0,6.0,15.0,1.08,0.85,0.001,0.5,0.55,,,,0,500,24.0,False,1632.0,20000,20000.0,3668,3668,0.6109260493004663,1.0,3668,48,2034,45728,54588,145435,145133
S2,none,12,76x79,0,6.0,15.0,1.08,0.85,0.001,0.5,0.55,,,,0,500,24.0,False,1944.0,20000,20000.0,3677,3677,0.6124250499666889,1.0,3677,40,2134,50498,60863,158303,158110
S2,none,18,76x79,0,6.0,15.0,1.08,0.85,0.001,0.5,0.55,,,,0,500,24.0,False,1344.0,20000,20000.0,3662,3662,0.6099267155229847,1.0,3662,23,1650,37782,44436,114980,114288
S2,none,24,76x79,0,6.0,15.0,1.08,0.85,0.001,0.5,0.55,,,,0,500,24.0,False,1560.0,20000,20000.0,3675,3675,0.6120919387075283,1.0,3675,37,1699,44194,52016,133562,132932
S2,none,23,76x79,0,6.0,15.0,1.08,0.85,0.001,0.5,0.55,,,,0,500,24.0,False,1512.0,20000,20000.0,3674,3674,0.6119253830779481,1.0,3674,50,1960,42908,50645,132076,131706
S2,none,25,76x79,0,6.0,15.0,1.08,0.85,0.001,0.5,0.55,,,,0,500,24.0,False,1656.0,20000,20000.0,3667,3667,0.6107594936708861,1.0,3667,29,1800,41721,49000,130990,130453
S2,none,20,76x79,0,6.0,15.0,1.08,0.85,0.001,0.5,0.55,,,,0,500,24.0,False,1440.0,20000,20000.0,3666,3666,0.6105929380413058,1.0,3666,26,2059,46907,55218,137503,137224
S2,none,27,76x79,0,6.0,15.0,1.08,0.85,0.001,0.5,0.55,,,,0,500,24.0,False,1704.0,20000,20000.0,3674,3674,0.6119253830779481,1.0,3674,39,2048,45150,53720,140478,140196
S2,none,26,76x79,0,6.0,15.0,1.08,0.85,0.001,0.5,0.55,,,,0,500,24.0,False,1368.0,20000,20000.0,3659,3659,0.6094270486342438,1.0,3659,33,1754,42286,50757,133997,133406
S2,none,22,76x79,0,6.0,15.0,1.08,0.85,0.001,0.5,0.55,,,,0,500,24.0,False,1080.0,20000,20000.0,3671,3671,0.6114257161892072,1.0,3671,37,1761,40742,47141,118070,117498
S2,none,21,76x79,0,6.0,15.0,1.08,0.85,0.001,0.5,0.55,,,,0,500,24.0,False,1224.0,20000,20000.0,3681,3681,0.6130912724850099,1.0,3681,30,1920,43402,51003,127167,126764
S2,none,29,76x79,0,6.0,15.0,1.08,0.85,0.001,0.5,0.55,,,,0,500,24.0,False,2568.0,20000,20000.0,3711,3711,0.6180879413724184,1.0,3711,42,2104,44987,54733,155295,155106
S2,none,31,76x79,0,6.0,15.0,1.08,0.85,0.001,0.5,0.55,,,,0,500,24.0,False,2160.0,20000,20000.0,3673,3674,0.6119253830779481,0.9997278170930866,3673,46,1884,42576,51495,142692,142246
S2,none,34,76x79,0,6.0,15.0,1.08,0.85,0.001,0.5,0.55,,,,0,500,24.0,False,1584.0,20000,20000.0,3668,3668,0.6109260493004663,1.0,3668,32,1393,36422,43658,120846,119903
S2,none,35,76x79,0,6.0,15.0,1.08,0.85,0.001,0.5,0.55,,,,0,500,24.0,False,1488.0,20000,20000.0,3672,3672,0.6115922718187875,1.0,3672,38,1736,39192,46567,125526,124930
S2,none,30,76x79,0,6.0,15.0,1.08,0.85,0.001,0.5,0.55,,,,0,500,24.0,False,1440.0,20000,20000.0,3677,3677,0.6124250499666889,1.0,3677,34,1678,40401,48349,127716,127067
S2,none,32,76x79,0,6.0,15.0,1.08,0.85,0.001,0.5,0.55,,,,0,500,24.0,False,1536.0,20000,20000.0,3658,3658,0.6092604930046636,1.0,3658,36,2007,45811,54113,135837,135498
S2,none,28,76x79,0,6.0,15.0,1.08,0.85,0.001,0.5,0.55,,,,0,500,24.0,False,1152.0,20000,20000.0,3662,3662,0.6099267155229847,1.0,3662,32,1783,38088,45351,118135,117576
S2,none,33,76x79,0,6.0,15.0,1.08,0.85,0.001,0.5,0.55,,,,0,500,24.0,False,984.0,20000,20000.0,3666,3666,0.6105929380413058,1.0,3666,27,1697,40529,46576,114087,113446
S2,none,41,76x79,0,6.0,15.0,1.08,0.85,0.001,0.5,0.55,,,,0,500,24.0,False,1512.0,20000,20000.0,3683,3683,0.6134243837441705,1.0,3683,34,1783,39520,46724,122405,121867
S2,none,36,76x79,0,6.0,15.0,1.08,0.85,0.001,0.5,0.55,,,,0,500,24.0,False,1104.0,20000,20000.0,3675,3675,0.6120919387075283,1.0,3675,32,1852,42360,49289,124678,124201
S2,none,42,76x79,0,6.0,15.0,1.08,0.85,0.001,0.5,0.55,,,,0,500,24.0,False,1200.0,20000,20000.0,3675,3675,0.6120919387075283,1.0,3675,20,1688,39132,45829,117502,116861
S2,none,38,76x79,0,6.0,15.0,1.08,0.85,0.001,0.5,0.55,,,,0,500,24.0,False,1008.0,20000,20000.0,3664,3664,0.6102598267821452,1.0,3664,40,1685,41177,48505,121052,120397
S2,none,37,76x79,0,6.0,15.0,1.08,0.85,0.001,0.5,0.55,,,,0,500,24.0,False,1344.0,20000,20000.0,3691,3691,0.6147568287808128,1.0,3691,46,1865,42562,50442,129980,129532
S2,none,43,76x79,0,6.0,15.0,1.08,0.85,0.001,0.5,0.55,,,,0,500,24.0,False,1488.0,20000,20000.0,3664,3664,0.6102598267821452,1.0,3664,29,2206,49989,58494,145617,145483
S2,none,40,76x79,0,6.0,15.0,1.08,0.85,0.001,0.5,0.55,,,,0,500,24.0,False,1296.0,20000,20000.0,3658,3658,0.6092604930046636,1.0,3658,28,1665,39601,46843,121140,120459
S2,none,39,76x79,0,6.0,15.0,1.08,0.85,0.001,0.5,0.55,,,,0,500,24.0,False,1176.0,20000,20000.0,3674,3674,0.6119253830779481,1.0,3674,31,2082,45167,53356,133338,133090
S2,none,45,76x79,0,6.0,15.0,1.08,0.85,0.001,0.5,0.55,,,,0,500,24.0,False,1512.0,20000,20000.0,3663,3663,0.610093271152565,1.0,3663,47,1958,47727,56873,144050,143667
S2,none,51,76x79,0,6.0,15.0,1.08,0.85,0.001,0.5,0.55,,,,0,500,24.0,False,1584.0,20000,20000.0,3663,3663,0.610093271152565,1.0,3663,37,2066,46717,54650,138066,137791
S2,none,49,76x79,0,6.0,15.0,1.08,0.85,0.001,0.5,0.55,,,,0,500,24.0,False,1728.0,20000,20000.0,3671,3671,0.6114257161892072,1.0,3671,37,2010,46069,55057,144628,144305
S2,none,47,76x79,0,6.0,15.0,1.08,0.85,0.001,0.5,0.55,,,,0,500,24.0,False,1128.0,20000,20000.0,3684,3684,0.6135909393737509,1.0,3684,33,1647,38728,44987,118429,117756
S2,none,46,76x79,0,6.0,15.0,1.08,0.85,0.001,0.5,0.55,,,,0,500,24.0,False,1392.0,20000,20000.0,3666,3666,0.6105929380413058,1.0,3666,33,2055,47278,56030,141682,141399
S2,none,48,76x79,0,6.0,15.0,1.08,0.85,0.001,0.5,0.55,,,,0,500,24.0,False,1248.0,20000,20000.0,3674,3674,0.6119253830779481,1.0,3674,43,2280,48943,58163,144865,144815
S2,none,44,76x79,0,6.0,15.0,1.08,0.85,0.001,0.5,0.55,,,,0,500,24.0,False,1248.0,20000,20000.0,3678,3678,0.6125916055962691,1.0,3678,36,1843,41337,48031,120343,119860
S2,none,50,76x79,0,6.0,15.0,1.08,0.85,0.001,0.5,0.55,,,,0,500,24.0,False,1104.0,20000,20000.0,3677,3677,0.6124250499666889,1.0,3677,33,1812,39593,46182,113708,113193
S2,none,55,76x79,0,6.0,15.0,1.08,0.85,0.001,0.5,0.55,,,,0,500,24.0,False,1776.0,20000,20000.0,3683,3683,0.6134243837441705,1.0,3683,44,2272,48467,57463,148144,148095
S2,none,53,76x79,0,6.0,15.0,1.08,0.85,0.001,0.5,0.55,,,,0,500,24.0,False,1728.0,20000,20000.0,3677,3677,0.6124250499666889,1.0,3676,27,1891,41767,49127,130537,130101
S2,none,56,76x79,0,6.0,15.0,1.08,0.85,0.001,0.5,0.55,,,,0,500,24.0,False,1440.0,20000,20000.0,3681,3681,0.6130912724850099,1.0,3681,38,1747,41330,49381,128827,128251
S2,none,52,76x79,0,6.0,15.0,1.08,0.85,0.001,0.5,0.55,,,,0,500,24.0,False,960.0,20000,20000.0,3671,3672,0.6115922718187875,0.9997276688453159,3671,32,1864,41508,47843,118474,118006
S2,none,58,76x79,0,6.0,15.0,1.08,0.85,0.001,0.5,0.55,,,,0,500,24.0,False,1272.0,20000,20000.0,3665,3665,0.6104263824117255,1.0,3665,33,2114,46118,55697,143411,143186
S2,none,59,76x79,0,6.0,15.0,1.08,0.85,0.001,0.5,0.55,,,,0,500,24.0,False,1632.0,20000,20000.0,3676,3676,0.6122584943371085,1.0,3676,48,1985,45342,53950,139614,139271
S2,none,57,76x79,0,6.0,15.0,1.08,0.85,0.001,0.5,0.55,,,,0,500,24.0,False,1584.0,20000,20000.0,3660,3660,0.6095936042638241,1.0,3660,45,1896,44338,52476,133398,132950
S2,none,54,76x79,0,6.0,15.0,1.08,0.85,0.001,0.5,0.55,,,,0,500,24.0,False,912.0,20000,20000.0,3679,3679,0.6127581612258495,1.0,3679,27,1818,42117,50004,125657,125150
S2,none,62,76x79,0,6.0,15.0,1.08,0.85,0.001,0.5,0.55,,,,0,500,24.0,False,1968.0,20000,20000.0,3675,3675,0.6120919387075283,1.0,3675,36,1936,42425,50874,138988,138595
S2,none,61,76x79,0,6.0,15.0,1.08,0.85,0.001,0.5,0.55,,,,0,500,24.0,False,1752.0,20000,20000.0,3659,3659,0.6094270486342438,1.0,3659,45,1837,45089,54039,142125,141617
S2,none,63,76x79,0,6.0,15.0,1.08,0.85,0.001,0.5,0.55,,,,0,500,24.0,False,1368.0,20000,20000.0,3671,3671,0.6114257161892072,1.0,3671,29,1845,39890,46834,122797,122309
S2,none,66,76x79,0,6.0,15.0,1.08,0.85,0.001,0.5,0.55,,,,0,500,24.0,False,1632.0,20000,20000.0,3672,3672,0.6115922718187875,1.0,3672,45,1796,41551,49593,134173,133637
S2,none,67,76x79,0,6.0,15.0,1.08,0.85,0.001,0.5,0.55,,,,0,500,24.0,False,1608.0,20000,20000.0,3669,3669,0.6110926049300467,1.0,3669,38,2144,49800,59788,150673,150482
S2,none,64,76x79,0,6.0,15.0,1.08,0.85,0.001,0.5,0.55,,,,0,500,24.0,False,1224.0,20000,20000.0,3667,3668,0.6109260493004663,0.9997273718647764,3667,37,1735,42438,50261,130787,130186
S2,none,65,76x79,0,6.0,15.0,1.08,0.85,0.001,0.5,0.55,,,,0,500,24.0,False,1080.0,20000,20000.0,3679,3679,0.6127581612258495,1.0,3679,36,1998,45607,53725,131461,131134
S2,none,60,76x79,0,6.0,15.0,1.08,0.85,0.001,0.5,0.55,,,,0,500,24.0,False,1344.0,20000,20000.0,3681,3681,0.6130912724850099,1.0,3680,28,2029,45891,53950,132993,132699
S2,none,70,76x79,0,6.0,15.0,1.08,0.85,0.001,0.5,0.55,,,,0,500,24.0,False,1872.0,20000,20000.0,3689,3689,0.6144237175216523,1.0,3688,38,1808,43899,52178,140021,139514
S2,none,68,76x79,0,6.0,15.0,1.08,0.85,0.001,0.5,0.55,,,,0,500,24.0,False,1824.0,20000,20000.0,3682,3682,0.6132578281145903,1.0,3682,34,2059,45789,53568,140810,140547
S2,none,74,76x79,0,6.0,15.0,1.08,0.85,0.001,0.5,0.55,,,,0,500,24.0,False,1248.0,20000,20000.0,3687,3687,0.6140906062624917,1.0,3687,32,1837,41754,49936,128274,127794
S2,none,75,76x79,0,6.0,15.0,1.08,0.85,0.001,0.5,0.55,,,,0,500,24.0,False,1368.0,20000,20000.0,3674,3674,0.6119253830779481,1.0,3674,35,1997,48468,57593,142494,142161
S2,none,71,76x79,0,6.0,15.0,1.08,0.85,0.001,0.5,0.55,,,,0,500,24.0,False,1464.0,20000,20000.0,3677,3677,0.6124250499666889,1.0,3677,33,1799,41115,48703,128267,127739
S2,none,69,76x79,0,6.0,15.0,1.08,0.85,0.001,0.5,0.55,,,,0,500,24.0,False,1536.0,20000,20000.0,3671,3671,0.6114257161892072,1.0,3671,41,1564,40489,48464,126648,125879
S2,none,72,76x79,0,6.0,15.0,1.08,0.85,0.001,0.5,0.55,,,,0,500,24.0,False,1632.0,20000,20000.0,3657,3657,0.6090939373750833,1.0,3657,34,2063,44954,52672,135478,135194
S2,none,73,76x79,0,6.0,15.0,1.08,0.85,0.001,0.5,0.55,,,,0,500,24.0,False,1656.0,20000,20000.0,3666,3666,0.6105929380413058,1.0,3666,37,1913,42423,50278,132441,132016
S2,none,81,76x79,0,6.0,15.0,1.08,0.85,0.001,0.5,0.55,,,,0,500,24.0,False,1440.0,20000,20000.0,3660,3660,0.6095936042638241,1.0,3660,27,1694,41432,48453,128873,128223
S2,none,77,76x79,0,6.0,15.0,1.08,0.85,0.001,0.5,0.55,,,,0,500,24.0,False,1248.0,20000,20000.0,3689,3689,0.6144237175216523,1.0,3689,23,1722,43031,50916,123690,123097
S2,none,76,76x79,0,6.0,15.0,1.08,0.85,0.001,0.5,0.55,,,,0,500,24.0,False,1224.0,20000,20000.0,3666,3666,0.6105929380413058,1.0,3666,38,1561,39577,46339,118179,117402
S2,none,78,76x79,0,6.0,15.0,1.08,0.85,0.001,0.5,0.55,,,,0,500,24.0,False,1368.0,20000,20000.0,3669,3669,0.6110926049300467,1.0,3669,45,2077,44906,53699,137786,137528
S2,none,79,76x79,0,6.0,15.0,1.08,0.85,0.001,0.5,0.55,,,,0,500,24.0,False,1536.0,20000,20000.0,3675,3675,0.6120919387075283,1.0,3675,33,2004,45360,53739,140758,140433
S2,none,83,76x79,0,6.0,15.0,1.08,0.85,0.001,0.5,0.55,,,,0,500,24.0,False,1416.0,20000,20000.0,3687,3687,0.6140906062624917,1.0,3687,40,1943,43041,50718,130804,130430
S2,none,80,76x79,0,6.0,15.0,1.08,0.85,0.001,0.5,0.55,,,,0,500,24.0,False,1440.0,20000,20000.0,3659,3659,0.6094270486342438,1.0,3659,28,2107,47419,55639,141768,141530
S2,none,82,76x79,0,6.0,15.0,1.08,0.85,0.001,0.5,0.55,,,,0,500,24.0,False,1368.0,20000,20000.0,3687,3687,0.6140906062624917,1.0,3687,38,2022,43795,51430,131707,131412
S2,none,85,76x79,0,6.0,15.0,1.08,0.85,0.001,0.5,0.55,,,,0,500,24.0,False,2040.0,20000,20000.0,3656,3656,0.608927381745503,1.0,3656,57,2238,50986,61795,166426,166316
S2,none,88,76x79,0,6.0,15.0,1.08,0.85,0.001,0.5,0.55,,,,0,500,24.0,False,1824.0,20000,20000.0,3670,3670,0.6112591605596269,1.0,3670,54,2203,48408,58326,154189,154058
S2,none,90,76x79,0,6.0,15.0,1.08,0.85,0.001,0.5,0.55,,,,0,500,24.0,False,1296.0,20000,20000.0,3676,3676,0.6122584943371085,1.0,3676,28,1740,43103,51504,133067,132479
S2,none,89,76x79,0,6.0,15.0,1.08,0.85,0.001,0.5,0.55,,,,0,500,24.0,False,1536.0,20000,20000.0,3673,3673,0.6117588274483677,1.0,3673,31,1758,43303,50984,131871,131298
S2,none,86,76x79,0,6.0,15.0,1.08,0.85,0.001,0.5,0.55,,,,0,500,24.0,False,1368.0,20000,20000.0,3676,3676,0.6122584943371085,1.0,3676,38,1827,43566,51222,129168,128667
S2,none,87,76x79,0,6.0,15.0,1.08,0.85,0.001,0.5,0.55,,,,0,500,24.0,False,1224.0,20000,20000.0,3673,3673,0.6117588274483677,1.0,3673,36,1488,37649,44650,115530,114687
S2,none,84,76x79,0,6.0,15.0,1.08,0.85,0.001,0.5,0.55,,,,0,500,24.0,False,1296.0,20000,20000.0,3679,3679,0.6127581612258495,1.0,3679,29,1664,38548,45221,116971,116310
S2,none,91,76x79,0,6.0,15.0,1.08,0.85,0.001,0.5,0.55,,,,0,500,24.0,False,1296.0,20000,20000.0,3673,3673,0.6117588274483677,1.0,3673,33,2030,42801,50436,128562,128261
S2,none,93,76x79,0,6.0,15.0,1.08,0.85,0.001,0.5,0.55,,,,0,500,24.0,False,1896.0,20000,20000.0,3676,3676,0.6122584943371085,1.0,3676,41,2204,52104,61592,159159,159035
S2,none,97,76x79,0,6.0,15.0,1.08,0.85,0.001,0.5,0.55,,,,0,500,24.0,False,1464.0,20000,20000.0,3659,3659,0.6094270486342438,1.0,3659,44,1876,41088,48455,126032,125563
S2,none,92,76x79,0,6.0,15.0,1.08,0.85,0.001,0.5,0.55,,,,0,500,24.0,False,1416.0,20000,20000.0,3673,3673,0.6117588274483677,1.0,3672,46,1997,45598,54058,135726,135392
S2,none,96,76x79,0,6.0,15.0,1.08,0.85,0.001,0.5,0.55,,,,0,500,24.0,False,1104.0,20000,20000.0,3673,3673,0.6117588274483677,1.0,3673,32,1833,44240,51938,130425,129927
S2,none,94,76x79,0,6.0,15.0,1.08,0.85,0.001,0.5,0.55,,,,0,500,24.0,False,1176.0,20000,20000.0,3663,3663,0.610093271152565,1.0,3663,35,1721,40275,47674,120565,119945
S2,none,95,76x79,0,6.0,15.0,1.08,0.85,0.001,0.5,0.55,,,,0,500,24.0,False,1392.0,20000,20000.0,3694,3694,0.6152564956695536,1.0,3694,38,1606,37889,44986,119962,119258
S2,none,99,76x79,0,6.0,15.0,1.08,0.85,0.001,0.5,0.55,,,,0,500,24.0,False,1152.0,20000,20000.0,3684,3684,0.6135909393737509,1.0,3684,31,1786,42864,50412,125400,124866
S2,none,98,76x79,0,6.0,15.0,1.08,0.85,0.001,0.5,0.55,,,,0,500,24.0,False,888.0,20000,20000.0,3674,3674,0.6119253830779481,1.0,3674,33,1788,42505,49225,122916,122374
S2,none,0,76x79,0,6.0,15.0,1.08,0.85,0.001,0.5,0.6,,,,0,500,24.0,False,1608.0,20000,20000.0,3661,3661,0.6097601598934044,1.0,3661,40,1677,36443,52886,128742,128076
S2,none,1,76x79,0,6.0,15.0,1.08,0.85,0.001,0.5,0.6,,,,0,500,24.0,False,1032.0,20000,20000.0,3650,3650,0.6079280479680214,1.0,3650,24,1629,32259,46074,106005,105280
S2,none,2,76x79,0,6.0,15.0,1.08,0.85,0.001,0.5,0.6,,,,0,500,24.0,False,1200.0,20000,20000.0,3670,3670,0.6112591605596269,1.0,3670,31,1703,34009,49616,118027,117396
S2,none,4,76x79,0,6.0,15.0,1.08,0.85,0.001,0.5,0.6,,,,0,500,24.0,False,1584.0,20000,20000.0,3667,3667,0.6107594936708861,1.0,3667,40,1833,37164,53980,126838,126334
S2,none,7,76x79,0,6.0,15.0,1.08,0.85,0.001,0.5,0.6,,,,0,500,24.0,False,1272.0,20000,20000.0,3677,3677,0.6124250499666889,1.0,3677,40,1844,34981,50407,118469,117986
S2,none,3,76x79,0,6.0,15.0,1.08,0.85,0.001,0.5,0.6,,,,0,500,24.0,False,1176.0,20000,20000.0,3693,3693,0.6150899400399733,1.0,3693,34,1635,33680,48417,114268,113592
S2,none,5,76x79,0,6.0,15.0,1.08,0.85,0.001,0.5,0.6,,,,0,500,24.0,False,960.0,20000,20000.0,3693,3693,0.6150899400399733,1.0,3693,26,1669,33377,47650,109595,108953
S2,none,6,76x79,0,6.0,15.0,1.08,0.85,0.001,0.5,0.6,,,,0,500,24.0,False,960.0,20000,20000.0,3694,3694,0.6152564956695536,1.0,3694,21,1384,30352,44020,103477,102551
S2,none,13,76x79,0,6.0,15.0,1.08,0.85,0.001,0.5,0.6,,,,0,500,24.0,False,1272.0,20000,20000.0,3682,3682,0.6132578281145903,1.0,3681,35,1721,35311,51186,123966,123365
S2,none,8,76x79,0,6.0,15.0,1.08,0.85,0.001,0.5,0.6,,,,0,500,24.0,False,1176.0,20000,20000.0,3668,3668,0.6109260493004663,1.0,3668,26,1677,32828,46177,110624,109965
S2,none,10,76x79,0,6.0,15.0,1.08,0.85,0.001,0.5,0.6,,,,0,500,24.0,False,1368.0,20000,20000.0,3677,3677,0.6124250499666889,1.0,3677,25,1503,32668,47342,114194,113370
S2,none,15,76x79,0,6.0,15.0,1.08,0.85,0.001,0.5,0.6,,,,0,500,24.0,False,1272.0,20000,20000.0,3687,3687,0.6140906062624917,1.0,3687,35,1822,34348,49505,118516,118021
S2,none,11,76x79,0,6.0,15.0,1.08,0.85,0.001,0.5,0.6,,,,0,500,24.0,False,1368.0,20000,20000.0,3682,3682,0.6132578281145903,1.0,3682,28,1699,35036,50268,118681,118058
S2,none,9,76x79,0,6.0,15.0,1.08,0.85,0.001,0.5,0.6,,,,0,500,24.0,False,1128.0,20000,20000.0,3673,3673,0.6117588274483677,1.0,3673,28,1502,33773,48726,113157,112328
S2,none,14,76x79,0,6.0,15.0,1.08,0.85,0.001,0.5,0.6,,,,0,500,24.0,False,1536.0,20000,20000.0,3675,3675,0.6120919387075283,1.0,3675,29,1749,33331,47884,116675,116095
S2,none,12,76x79,0,6.0,15.0,1.08,0.85,0.001,0.5,0.6,,,,0,500,24.0,False,1296.0,20000,20000.0,3680,3680,0.6129247168554297,1.0,3680,30,1605,34551,50014,115962,115243
S2,none,17,76x79,0,6.0,15.0,1.08,0.85,0.001,0.5,0.6,,,,0,500,24.0,False,1368.0,20000,20000.0,3677,3677,0.6124250499666889,1.0,3677,40,1642,30690,43918,108831,108146
S2,none,16,76x79,0,6.0,15.0,1.08,0.85,0.001,0.5,0.6,,,,0,500,24.0,False,1152.0,20000,20000.0,3683,3683,0.6134243837441705,1.0,3683,34,1796,34152,48727,115206,114681
S2,none,20,76x79,0,6.0,15.0,1.08,0.85,0.001,0.5,0.6,,,,0,500,24.0,False,1296.0,20000,20000.0,3683,3683,0.6134243837441705,1.0,3683,30,1796,34676,50244,119258,118733
S2,none,18,76x79,0,6.0,15.0,1.08,0.85,0.001,0.5,0.6,,,,0,500,24.0,False,1392.0,20000,20000.0,3688,3688,0.6142571618920719,1.0,3688,40,1911,33933,49179,119463,119058
S2,none,23,76x79,0,6.0,15.0,1.08,0.85,0.001,0.5,0.6,,,,0,500,24.0,False,984.0,20000,20000.0,3682,3682,0.6132578281145903,1.0,3682,36,1506,32650,46491,107464,106648
S2,none,22,76x79,0,6.0,15.0,1.08,0.85,0.001,0.5,0.6,,,,0,500,24.0,False,1056.0,20000,20000.0,3661,3661,0.6097601598934044,1.0,3661,27,1523,29664,42354,100238,99418
S2,none,21,76x79,0,6.0,15.0,1.08,0.85,0.001,0.5,0.6,,,,0,500,24.0,False,1200.0,20000,20000.0,3689,3689,0.6144237175216523,1.0,3689,25,1667,33219,48440,117060,116412
S2,none,19,76x79,0,6.0,15.0,1.08,0.85,0.001,0.5,0.6,,,,0,500,24.0,False,1272.0,20000,20000.0,3685,3685,0.6137574950033311,1.0,3684,26,1601,33322,48219,113794,113076
S2,none,25,76x79,0,6.0,15.0,1.08,0.85,0.001,0.5,0.6,,,,0,500,24.0,False,1392.0,20000,20000.0,3673,3673,0.6117588274483677,1.0,3673,27,1572,32228,46881,116199,115440
S2,none,30,76x79,0,6.0,15.0,1.08,0.85,0.001,0.5,0.6,,,,0,500,24.0,False,1320.0,20000,20000.0,3675,3675,0.6120919387075283,1.0,3675,40,1609,36566,53196,121302,120582
S2,none,27,76x79,0,6.0,15.0,1.08,0.85,0.001,0.5,0.6,,,,0,500,24.0,False,1296.0,20000,20000.0,3682,3683,0.6134243837441705,0.9997284822155851,3682,38,1527,32977,46832,110524,109730
S2,none,24,76x79,0,6.0,15.0,1.08,0.85,0.001,0.5,0.6,,,,0,500,24.0,False,1128.0,20000,20000.0,3694,3694,0.6152564956695536,1.0,3694,34,1515,29419,41464,100508,99713
S2,none,29,76x79,0,6.0,15.0,1.08,0.85,0.001,0.5,0.6,,,,0,500,24.0,False,1512.0,20000,20000.0,3670,3670,0.6112591605596269,1.0,3670,38,1644,37036,53272,127278,126588
S2,none,26,76x79,0,6.0,15.0,1.08,0.85,0.001,0.5,0.6,,,,0,500,24.0,False,1128.0,20000,20000.0,3664,3664,0.6102598267821452,1.0,3663,24,1675,33813,48451,112606,111941
S2,none,28,76x79,0,6.0,15.0,1.08,0.85,0.001,0.5,0.6,,,,0,500,24.0,False,960.0,20000,20000.0,3669,3670,0.6112591605596269,0.9997275204359674,3669,23,1629,32488,46720,108035,107330
S2,none,31,76x79,0,6.0,15.0,1.08,0.85,0.001,0.5,0.6,,,,0,500,24.0,False,1536.0,20000,20000.0,3684,3684,0.6135909393737509,1.0,3684,29,1834,37437,53676,128091,127605
S2,none,32,76x79,0,6.0,15.0,1.08,0.85,0.001,0.5,0.6,,,,0,500,24.0,False,1488.0,20000,20000.0,3696,3696,0.6155896069287142,1.0,3696,25,1792,35301,51661,122761,122245
S2,none,35,76x79,0,6.0,15.0,1.08,0.85,0.001,0.5,0.6,,,,0,500,24.0,False,1464.0,20000,20000.0,3685,3685,0.6137574950033311,1.0,3685,35,1638,32841,48075,121318,120637
S2,none,34,76x79,0,6.0,15.0,1.08,0.85,0.001,0.5,0.6,,,,0,500,24.0,False,1224.0,20000,20000.0,3677,3678,0.6125916055962691,0.9997281131049484,3677,23,1861,35874,51538,119360,118895
S2,none,36,76x79,0,6.0,15.0,1.08,0.85,0.001,0.5,0.6,,,,0,500,24.0,False,1344.0,20000,20000.0,3711,3711,0.6180879413724184,1.0,3711,28,1618,33502,48596,119520,118845
S2,none,37,76x79,0,6.0,15.0,1.08,0.85,0.001,0.5,0.6,,,,0,500,24.0,False,1032.0,20000,20000.0,3676,3676,0.6122584943371085,1.0,3676,27,1504,29973,43242,100264,99440
S2,none,38,76x79,0,6.0,15.0,1.08,0.85,0.001,0.5,0.6,,,,0,500,24.0,False,1032.0,20000,20000.0,3664,3664,0.6102598267821452,1.0,3664,31,1790,38403,55125,125606,125056
S2,none,33,76x79,0,6.0,15.0,1.08,0.85,0.001,0.5,0.6,,,,0,500,24.0,False,1056.0,20000,20000.0,3692,3692,0.6149233844103931,1.0,3692,29,2016,37252,53574,121254,120958
S2,none,39,76x79,0,6.0,15.0,1.08,0.85,0.001,0.5,0.6,,,,0,500,24.0,False,1536.0,20000,20000.0,3694,3694,0.6152564956695536,1.0,3694,43,2208,41191,59900,144582,144480
S2,none,40,76x79,0,6.0,15.0,1.08,0.85,0.001,0.5,0.6,,,,0,500,24.0,False,1224.0,20000,20000.0,3683,3683,0.6134243837441705,1.0,3683,31,1701,31194,44175,104149,103529
S2,none,45,76x79,0,6.0,15.0,1.08,0.85,0.001,0.5,0.6,,,,0,500,24.0,False,1440.0,20000,20000.0,3676,3676,0.6122584943371085,1.0,3676,30,1835,39805,57904,135164,134671
S2,none,41,76x79,0,6.0,15.0,1.08,0.85,0.001,0.5,0.6,,,,0,500,24.0,False,1200.0,20000,20000.0,3669,3669,0.6110926049300467,1.0,3669,27,1586,31613,45503,109173,108424
S2,none,44,76x79,0,6.0,15.0,1.08,0.85,0.001,0.5,0.6,,,,0,500,24.0,False,1032.0,20000,20000.0,3684,3684,0.6135909393737509,1.0,3684,37,1506,31663,45100,103492,102678
S2,none,46,76x79,0,6.0,15.0,1.08,0.85,0.001,0.5,0.6,,,,0,500,24.0,False,1368.0,20000,20000.0,3694,3694,0.6152564956695536,1.0,3694,28,1699,33524,47765,113764,113153
S2,none,42,76x79,0,6.0,15.0,1.08,0.85,0.001,0.5,0.6,,,,0,500,24.0,False,1080.0,20000,20000.0,3672,3672,0.6115922718187875,1.0,3672,27,1727,36126,51219,115344,114739
S2,none,43,76x79,0,6.0,15.0,1.08,0.85,0.001,0.5,0.6,,,,0,500,24.0,False,1104.0,20000,20000.0,3689,3689,0.6144237175216523,1.0,3689,18,1400,31224,44446,104455,103540
S2,none,47,76x79,0,6.0,15.0,1.08,0.85,0.001,0.5,0.6,,,,0,500,24.0,False,1032.0,20000,20000.0,3672,3672,0.6115922718187875,1.0,3672,29,1518,31023,44574,105237,104423
S2,none,53,76x79,0,6.0,15.0,1.08,0.85,0.001,0.5,0.6,,,,0,500,24.0,False,1032.0,20000,20000.0,3684,3684,0.6135909393737509,1.0,3684,28,1625,30508,43207,102802,102107
S2,none,51,76x79,0,6.0,15.0,1.08,0.85,0.001,0.5,0.6,,,,0,500,24.0,False,1056.0,20000,20000.0,3683,3683,0.6134243837441705,1.0,3683,32,1673,30564,43951,103782,103134
S2,none,54,76x79,0,6.0,15.0,1.08,0.85,0.001,0.5,0.6,,,,0,500,24.0,False,1416.0,20000,20000.0,3687,3687,0.6140906062624917,1.0,3687,44,1738,35063,51146,121108,120529
S2,none,49,76x79,0,6.0,15.0,1.08,0.85,0.001,0.5,0.6,,,,0,500,24.0,False,1728.0,20000,20000.0,3697,3698,0.6159227181878747,0.9997295835586804,3697,30,1751,36177,52535,132625,132070
S2,none,48,76x79,0,6.0,15.0,1.08,0.85,0.001,0.5,0.6,,,,0,500,24.0,False,984.0,20000,20000.0,3689,3689,0.6144237175216523,1.0,3689,20,1633,34527,49105,111196,110514
S2,none,52,76x79,0,6.0,15.0,1.08,0.85,0.001,0.5,0.6,,,,0,500,24.0,False,864.0,20000,20000.0,3673,3673,0.6117588274483677,1.0,3673,29,1837,36670,51293,113903,113409
S2,none,55,76x79,0,6.0,15.0,1.08,0.85,0.001,0.5,0.6,,,,0,500,24.0,False,1200.0,20000,20000.0,3684,3684,0.6135909393737509,1.0,3684,28,1895,39214,56612,128838,128413
S2,none,50,76x79,0,6.0,15.0,1.08,0.85,0.001,0.5,0.6,,,,0,500,24.0,False,840.0,20000,20000.0,3676,3676,0.6122584943371085,1.0,3676,27,1576,32808,46549,106268,105516
S2,none,56,76x79,0,6.0,15.0,1.08,0.85,0.001,0.5,0.6,,,,0,500,24.0,False,1560.0,20000,20000.0,3681,3681,0.6130912724850099,1.0,3681,39,1752,35847,52458,125987,125416
S2,none,57,76x79,0,6.0,15.0,1.08,0.85,0.001,0.5,0.6,,,,0,500,24.0,False,1656.0,20000,20000.0,3683,3683,0.6134243837441705,1.0,3683,37,1809,36387,53311,130757,130245
S2,none,63,76x79,0,6.0,15.0,1.08,0.85,0.001,0.5,0.6,,,,0,500,24.0,False,1152.0,20000,20000.0,3684,3684,0.6135909393737509,1.0,3684,30,1753,32234,45800,106665,106098
S2,none,60,76x79,0,6.0,15.0,1.08,0.85,0.001,0.5,0.6,,,,0,500,24.0,False,912.0,20000,20000.0,3679,3679,0.6127581612258495,1.0,3679,18,1489,30479,43625,103013,102177
S2,none,61,76x79,0,6.0,15.0,1.08,0.85,0.001,0.5,0.6,,,,0,500,24.0,False,1200.0,20000,20000.0,3681,3681,0.6130912724850099,1.0,3681,24,1680,34798,48813,114039,113396
S2,none,59,76x79,0,6.0,15.0,1.08,0.85,0.001,0.5,0.6,,,,0,500,24.0,False,1248.0,20000,20000.0,3670,3670,0.6112591605596269,1.0,3670,25,1788,35099,50643,117350,116804
S2,none,58,76x79,0,6.0,15.0,1.08,0.85,0.001,0.5,0.6,,,,0,500,24.0,False,960.0,20000,20000.0,3687,3687,0.6140906062624917,1.0,3687,27,1387,31023,44512,103102,102172
S2,none,62,76x79,0,6.0,15.0,1.08,0.85,0.001,0.5,0.6,,,,0,500,24.0,False,768.0,20000,20000.0,3693,3693,0.6150899400399733,1.0,3693,29,1634,34449,48464,107110,106433
S2,none,66,76x79,0,6.0,15.0,1.08,0.85,0.001,0.5,0.6,,,,0,500,24.0,False,1536.0,20000,20000.0,3679,3679,0.6127581612258495,1.0,3679,34,1696,33951,49000,122939,122310
S2,none,70,76x79,0,6.0,15.0,1.08,0.85,0.001,0.5,0.6,,,,0,500,24.0,False,1536.0,20000,20000.0,3683,3683,0.6134243837441705,1.0,3683,36,1633,32643,47578,118086,117398
S2,none,64,76x79,0,6.0,15.0,1.08,0.85,0.001,0.5,0.6,,,,0,500,24.0,False,1344.0,20000,20000.0,3671,3672,0.6115922718187875,0.9997276688453159,3671,29,1618,31607,45392,109892,109178
S2,none,67,76x79,0,6.0,15.0,1.08,0.85,0.001,0.5,0.6,,,,0,500,24.0,False,984.0,20000,20000.0,3676,3676,0.6122584943371085,1.0,3676,25,1582,32924,47347,110505,109759
S2,none,71,76x79,0,6.0,15.0,1.08,0.85,0.001,0.5,0.6,,,,0,500,24.0,False,1440.0,20000,20000.0,3672,3672,0.6115922718187875,1.0,3672,34,1713,33183,48478,117721,117102
S2,none,68,76x79,0,6.0,15.0,1.08,0.85,0.001,0.5,0.6,,,,0,500,24.0,False,1032.0,20000,20000.0,3688,3688,0.6142571618920719,1.0,3688,30,1727,34108,48672,108519,107930
S2,none,65,76x79,0,6.0,15.0,1.08,0.85,0.001,0.5,0.6,,,,0,500,24.0,False,1080.0,20000,20000.0,3679,3679,0.6127581612258495,1.0,3679,32,1500,30331,43113,101673,100848
S2,none,69,76x79,0,6.0,15.0,1.08,0.85,0.001,0.5,0.6,,,,0,500,24.0,False,1224.0,20000,20000.0,3694,3694,0.6152564956695536,1.0,3694,24,1518,30575,43858,102581,101789
S2,none,72,76x79,0,6.0,15.0,1.08,0.85,0.001,0.5,0.6,,,,0,500,24.0,False,1272.0,20000,20000.0,3691,3691,0.6147568287808128,1.0,3691,31,1498,34233,49005,117996,117181
S2,none,75,76x79,0,6.0,15.0,1.08,0.85,0.001,0.5,0.6,,,,0,500,24.0,False,1536.0,20000,20000.0,3698,3698,0.6159227181878747,1.0,3698,30,1991,39517,57272,135516,135201
S2,none,77,76x79,0,6.0,15.0,1.08,0.85,0.001,0.5,0.6,,,,0,500,24.0,False,960.0,20000,20000.0,3689,3689,0.6144237175216523,1.0,3689,29,1646,33977,48281,108448,107779
S2,none,74,76x79,0,6.0,15.0,1.08,0.85,0.001,0.5,0.6,,,,0,500,24.0,False,1008.0,20000,20000.0,3668,3668,0.6109260493004663,1.0,3667,29,1697,34345,48881,109580,108941
S2,none,78,76x79,0,6.0,15.0,1.08,0.85,0.001,0.5,0.6,,,,0,500,24.0,False,1272.0,20000,20000.0,3684,3684,0.6135909393737509,1.0,3684,30,1483,30643,44278,107631,106794
S2,none,79,76x79,0,6.0,15.0,1.08,0.85,0.001,0.5,0.6,,,,0,500,24.0,False,1344.0,20000,20000.0,3676,3676,0.6122584943371085,1.0,3676,34,1835,35463,50624,118643,118150
S2,none,73,76x79,0,6.0,15.0,1.08,0.85,0.001,0.5,0.6,,,,0,500,24.0,False,1056.0,20000,20000.0,3685,3685,0.6137574950033311,1.0,3685,30,1603,32590,46707,108976,108260
S2,none,76,76x79,0,6.0,15.0,1.08,0.85,0.001,0.5,0.6,,,,0,500,24.0,False,1032.0,20000,20000.0,3684,3684,0.6135909393737509,1.0,3684,28,1590,31758,45497,108992,108262
S2,none,81,76x79,0,6.0,15.0,1.08,0.85,0.001,0.5,0.6,,,,0,500,24.0,False,1416.0,20000,20000.0,3671,3671,0.6114257161892072,1.0,3671,31,1581,30770,44516,109512,108760
S2,none,83,76x79,0,6.0,15.0,1.08,0.85,0.001,0.5,0.6,,,,0,500,24.0,False,1632.0,20000,20000.0,3687,3687,0.6140906062624917,1.0,3687,27,1750,33852,49687,121512,120945
S2,none,80,76x79,0,6.0,15.0,1.08,0.85,0.001,0.5,0.6,,,,0,500,24.0,False,1224.0,20000,20000.0,3663,3663,0.610093271152565,1.0,3663,22,1646,32140,46412,111649,110954
S2,none,84,76x79,0,6.0,15.0,1.08,0.85,0.001,0.5,0.6,,,,0,500,24.0,False,1152.0,20000,20000.0,3683,3683,0.6134243837441705,1.0,3683,20,1708,34196,49565,119292,118679
S2,none,82,76x79,0,6.0,15.0,1.08,0.85,0.001,0.5,0.6,,,,0,500,24.0,False,1008.0,20000,20000.0,3679,3679,0.6127581612258495,1.0,3679,27,1751,36231,51800,116016,115442
S2,none,87,76x79,0,6.0,15.0,1.08,0.85,0.001,0.5,0.6,,,,0,500,24.0,False,1104.0,20000,20000.0,3692,3692,0.6149233844103931,1.0,3692,28,1630,33825,48222,113407,112725
S2,none,85,76x79,0,6.0,15.0,1.08,0.85,0.001,0.5,0.6,,,,0,500,24.0,False,1176.0,20000,20000.0,3679,3679,0.6127581612258495,1.0,3679,36,1737,35926,51863,121087,120499
S2,none,86,76x79,0,6.0,15.0,1.08,0.85,0.001,0.5,0.6,,,,0,500,24.0,False,912.0,20000,20000.0,3682,3682,0.6132578281145903,1.0,3682,30,1814,36098,51699,114018,113510
S2,none,90,76x79,0,6.0,15.0,1.08,0.85,0.001,0.5,0.6,,,,0,500,24.0,False,1992.0,20000,20000.0,3686,3686,0.6139240506329114,1.0,3686,41,1733,32791,48345,128061,127476
S2,none,92,76x79,0,6.0,15.0,1.08,0.85,0.001,0.5,0.6,,,,0,500,24.0,False,1752.0,20000,20000.0,3685,3685,0.6137574950033311,1.0,3685,30,1527,32109,48271,128089,127297
S2,none,89,76x79,0,6.0,15.0,1.08,0.85,0.001,0.5,0.6,,,,0,500,24.0,False,1440.0,20000,20000.0,3690,3690,0.6145902731512325,1.0,3690,29,1643,35979,52148,123286,122615
S2,none,91,76x79,0,6.0,15.0,1.08,0.85,0.001,0.5,0.6,,,,0,500,24.0,False,1560.0,20000,20000.0,3672,3672,0.6115922718187875,1.0,3672,35,1556,33344,48803,119574,118798
S2,none,88,76x79,0,6.0,15.0,1.08,0.85,0.001,0.5,0.6,,,,0,500,24.0,False,1608.0,20000,20000.0,3690,3690,0.6145902731512325,1.0,3690,37,1673,35757,52377,126951,126310
S2,none,95,76x79,0,6.0,15.0,1.08,0.85,0.001,0.5,0.6,,,,0,500,24.0,False,1488.0,20000,20000.0,3675,3675,0.6120919387075283,1.0,3675,35,1444,30610,44478,111155,110270
S2,none,94,76x79,0,6.0,15.0,1.08,0.85,0.001,0.5,0.6,,,,0,500,24.0,False,936.0,20000,20000.0,3662,3662,0.6099267155229847,1.0,3662,28,1615,33390,47969,109072,108345
S2,none,93,76x79,0,6.0,15.0,1.08,0.85,0.001,0.5,0.6,,,,0,500,24.0,False,1320.0,20000,20000.0,3669,3669,0.6110926049300467,1.0,3669,27,1577,35207,50814,116773,116015
S2,none,96,76x79,0,6.0,15.0,1.08,0.85,0.001,0.5,0.6,,,,0,500,24.0,False,1104.0,20000,20000.0,3675,3675,0.6120919387075283,1.0,3675,26,1659,34080,49564,118123,117453
S2,none,97,76x79,0,6.0,15.0,1.08,0.85,0.001,0.5,0.6,,,,0,500,24.0,False,1272.0,20000,20000.0,3688,3688,0.6142571618920719,1.0,3688,37,1711,33836,48266,114088,113483
S2,none,99,76x79,0,6.0,15.0,1.08,0.85,0.001,0.5,0.6,,,,0,500,24.0,False,960.0,20000,20000.0,3688,3688,0.6142571618920719,1.0,3688,22,1552,30507,42874,96221,95457
S2,none,98,76x79,0,6.0,15.0,1.08,0.85,0.001,0.5,0.6,,,,0,500,24.0,False,1080.0,20000,20000.0,3689,3689,0.6144237175216523,1.0,3688,35,1722,33193,47626,112271,111678
S2,none,1,76x79,0,6.0,15.0,1.08,0.85,0.001,0.5,1.0,,,,0,500,24.0,False,504.0,20000,20000.0,3741,3741,0.6230846102598268,1.0,3741,15,1162,0,40275,57862,56761
S2,none,0,76x79,0,6.0,15.0,1.08,0.85,0.001,0.5,1.0,,,,0,500,24.0,False,504.0,20000,20000.0,3732,3732,0.6215856095936043,1.0,3732,16,1171,0,38134,52891,51790
S2,none,2,76x79,0,6.0,15.0,1.08,0.85,0.001,0.5,1.0,,,,0,500,24.0,False,720.0,20000,20000.0,3725,3725,0.6204197201865423,1.0,3725,16,1244,0,42054,64844,63809
S2,none,3,76x79,0,6.0,15.0,1.08,0.85,0.001,0.5,1.0,,,,0,500,24.0,False,552.0,20000,20000.0,3726,3726,0.6205862758161226,1.0,3726,18,1179,0,41234,57149,56050
S2,none,10,76x79,0,6.0,15.0,1.08,0.85,0.001,0.5,1.0,,,,0,500,24.0,False,888.0,20000,20000.0,3724,3724,0.620253164556962,1.0,3724,16,1173,0,41855,65455,64348
S2,none,5,76x79,0,6.0,15.0,1.08,0.85,0.001,0.5,1.0,,,,0,500,24.0,False,480.0,20000,20000.0,3724,3724,0.620253164556962,1.0,3724,12,1121,0,39242,53697,52538
S2,none,6,76x79,0,6.0,15.0,1.08,0.85,0.001,0.5,1.0,,,,0,500,24.0,False,696.0,20000,20000.0,3719,3719,0.6194203864090606,1.0,3719,9,953,0,37102,57674,56342
S2,none,8,76x79,0,6.0,15.0,1.08,0.85,0.001,0.5,1.0,,,,0,500,24.0,False,600.0,20000,20000.0,3739,3739,0.6227514990006662,1.0,3739,18,1191,0,39851,59406,58332
S2,none,9,76x79,0,6.0,15.0,1.08,0.85,0.001,0.5,1.0,,,,0,500,24.0,False,480.0,20000,20000.0,3724,3724,0.620253164556962,1.0,3724,11,1222,0,40226,55332,54274
S2,none,4,76x79,0,6.0,15.0,1.08,0.85,0.001,0.5,1.0,,,,0,500,24.0,False,504.0,20000,20000.0,3725,3725,0.6204197201865423,1.0,3725,17,1241,0,40177,55826,54788
S2,none,7,76x79,0,6.0,15.0,1.08,0.85,0.001,0.5,1.0,,,,0,500,24.0,False,672.0,20000,20000.0,3735,3735,0.6220852764823451,1.0,3735,15,1209,0,41543,62581,61521
S2,none,11,76x79,0,6.0,15.0,1.08,0.85,0.001,0.5,1.0,,,,0,500,24.0,False,504.0,20000,20000.0,3732,3732,0.6215856095936043,1.0,3732,9,1282,0,38593,54985,53995
S2,none,13,76x79,0,6.0,15.0,1.08,0.85,0.001,0.5,1.0,,,,0,500,24.0,False,456.0,20000,20000.0,3723,3723,0.6200866089273818,1.0,3723,10,1201,0,37078,51152,50072
S2,none,17,76x79,0,6.0,15.0,1.08,0.85,0.001,0.5,1.0,,,,0,500,24.0,False,552.0,20000,20000.0,3716,3716,0.6189207195203198,1.0,3716,11,1231,0,40654,57033,55976
S2,none,14,76x79,0,6.0,15.0,1.08,0.85,0.001,0.5,1.0,,,,0,500,24.0,False,744.0,20000,20000.0,3736,3736,0.6222518321119254,1.0,3736,14,1136,0,40441,60886,59754
S2,none,18,76x79,0,6.0,15.0,1.08,0.85,0.001,0.5,1.0,,,,0,500,24.0,False,528.0,20000,20000.0,3729,3729,0.6210859427048634,1.0,3729,8,1281,0,39788,56790,55796
S2,none,16,76x79,0,6.0,15.0,1.08,0.85,0.001,0.5,1.0,,,,0,500,24.0,False,504.0,20000,20000.0,3732,3732,0.6215856095936043,1.0,3732,16,1117,0,39926,56744,55589
S2,none,19,76x79,0,6.0,15.0,1.08,0.85,0.001,0.5,1.0,,,,0,500,24.0,False,600.0,20000,20000.0,3729,3729,0.6210859427048634,1.0,3729,14,1156,0,38524,57593,56474
S2,none,12,76x79,0,6.0,15.0,1.08,0.85,0.001,0.5,1.0,,,,0,500,24.0,False,504.0,20000,20000.0,3744,3744,0.6235842771485676,1.0,3744,8,1194,0,38951,54222,53156
S2,none,15,76x79,0,6.0,15.0,1.08,0.85,0.001,0.5,1.0,,,,0,500,24.0,False,456.0,20000,20000.0,3723,3723,0.6200866089273818,1.0,3723,12,1222,0,37644,54636,53577
S2,none,20,76x79,0,6.0,15.0,1.08,0.85,0.001,0.5,1.0,,,,0,500,24.0,False,624.0,20000,20000.0,3730,3730,0.6212524983344437,1.0,3730,7,1217,0,41843,61006,59949
S2,none,23,76x79,0,6.0,15.0,1.08,0.85,0.001,0.5,1.0,,,,0,500,24.0,False,696.0,20000,20000.0,3721,3721,0.6197534976682212,1.0,3721,14,1175,0,39659,59793,58685
S2,none,21,76x79,0,6.0,15.0,1.08,0.85,0.001,0.5,1.0,,,,0,500,24.0,False,720.0,20000,20000.0,3732,3732,0.6215856095936043,1.0,3732,14,1242,0,42862,62918,61888
S2,none,22,76x79,0,6.0,15.0,1.08,0.85,0.001,0.5,1.0,,,,0,500,24.0,False,384.0,20000,20000.0,3723,3723,0.6200866089273818,1.0,3723,14,1201,0,41592,56652,55572
S2,none,24,76x79,0,6.0,15.0,1.08,0.85,0.001,0.5,1.0,,,,0,500,24.0,False,528.0,20000,20000.0,3738,3738,0.6225849433710859,1.0,3738,16,1193,0,39054,54294,53221
S2,none,26,76x79,0,6.0,15.0,1.08,0.85,0.001,0.5,1.0,,,,0,500,24.0,False,576.0,20000,20000.0,3737,3737,0.6224183877415057,1.0,3737,11,1316,0,44097,62325,61374
S2,none,27,76x79,0,6.0,15.0,1.08,0.85,0.001,0.5,1.0,,,,0,500,24.0,False,504.0,20000,20000.0,3740,3740,0.6229180546302465,1.0,3740,17,1276,0,40281,56079,55091
S2,none,25,76x79,0,6.0,15.0,1.08,0.85,0.001,0.5,1.0,,,,0,500,24.0,False,600.0,20000,20000.0,3724,3724,0.620253164556962,1.0,3724,15,1167,0,39940,56854,55741
S2,none,29,76x79,0,6.0,15.0,1.08,0.85,0.001,0.5,1.0,,,,0,500,24.0,False,864.0,20000,20000.0,3738,3738,0.6225849433710859,1.0,3738,13,1055,0,39155,62098,60887
S2,none,34,76x79,0,6.0,15.0,1.08,0.85,0.001,0.5,1.0,,,,0,500,24.0,False,624.0,20000,20000.0,3737,3737,0.6224183877415057,1.0,3737,14,1265,0,40252,57338,56336
S2,none,28,76x79,0,6.0,15.0,1.08,0.85,0.001,0.5,1.0,,,,0,500,24.0,False,648.0,20000,20000.0,3738,3738,0.6225849433710859,1.0,3738,18,1114,0,36346,55189,54037
S2,none,30,76x79,0,6.0,15.0,1.08,0.85,0.001,0.5,1.0,,,,0,500,24.0,False,840.0,20000,20000.0,3719,3719,0.6194203864090606,1.0,3719,12,1186,0,41006,62416,61317
S2,none,33,76x79,0,6.0,15.0,1.08,0.85,0.001,0.5,1.0,,,,0,500,24.0,False,696.0,20000,20000.0,3731,3731,0.621419053964024,1.0,3731,14,1187,0,39206,59775,58689
S2,none,32,76x79,0,6.0,15.0,1.08,0.85,0.001,0.5,1.0,,,,0,500,24.0,False,432.0,20000,20000.0,3736,3736,0.6222518321119254,1.0,3736,16,1251,0,40656,56659,55642
S2,none,31,76x79,0,6.0,15.0,1.08,0.85,0.001,0.5,1.0,,,,0,500,24.0,False,504.0,20000,20000.0,3732,3732,0.6215856095936043,1.0,3732,8,1234,0,39528,55755,54717
S2,none,35,76x79,0,6.0,15.0,1.08,0.85,0.001,0.5,1.0,,,,0,500,24.0,False,600.0,20000,20000.0,3733,3733,0.6217521652231845,1.0,3733,15,1090,0,38923,56098,54917
S2,none,42,76x79,0,6.0,15.0,1.08,0.85,0.001,0.5,1.0,,,,0,500,24.0,False,600.0,20000,20000.0,3734,3734,0.6219187208527648,1.0,3734,11,1196,0,40675,58493,57419
S2,none,36,76x79,0,6.0,15.0,1.08,0.85,0.001,0.5,1.0,,,,0,500,24.0,False,744.0,20000,20000.0,3743,3743,0.6234177215189873,1.0,3743,13,1146,0,38741,60568,59453
S2,none,43,76x79,0,6.0,15.0,1.08,0.85,0.001,0.5,1.0,,,,0,500,24.0,False,624.0,20000,20000.0,3732,3732,0.6215856095936043,1.0,3732,11,1202,0,37193,54529,53459
S2,none,37,76x79,0,6.0,15.0,1.08,0.85,0.001,0.5,1.0,,,,0,500,24.0,False,528.0,20000,20000.0,3729,3729,0.6210859427048634,1.0,3729,13,1229,0,38434,53968,52922
S2,none,39,76x79,0,6.0,15.0,1.08,0.85,0.001,0.5,1.0,,,,0,500,24.0,False,600.0,20000,20000.0,3732,3732,0.6215856095936043,1.0,3732,11,1326,0,40447,58038,57092
S2,none,40,76x79,0,6.0,15.0,1.08,0.85,0.001,0.5,1.0,,,,0,500,24.0,False,432.0,20000,20000.0,3747,3747,0.6240839440373085,1.0,3747,16,1162,0,38215,53357,52262
S2,none,38,76x79,0,6.0,15.0,1.08,0.85,0.001,0.5,1.0,,,,0,500,24.0,False,432.0,20000,20000.0,3728,3728,0.6209193870752832,1.0,3728,10,1296,0,42301,57136,56156
S2,none,41,76x79,0,6.0,15.0,1.08,0.85,0.001,0.5,1.0,,,,0,500,24.0,False,576.0,20000,20000.0,3717,3717,0.6190872751499,1.0,3717,10,1304,0,40562,56887,55904
S2,none,49,76x79,0,6.0,15.0,1.08,0.85,0.001,0.5,1.0,,,,0,500,24.0,False,936.0,20000,20000.0,3718,3718,0.6192538307794804,1.0,3718,10,1160,0,39218,63782,62656
S2,none,51,76x79,0,6.0,15.0,1.08,0.85,0.001,0.5,1.0,,,,0,500,24.0,False,480.0,20000,20000.0,3736,3736,0.6222518321119254,1.0,3736,9,1221,0,39914,57201,56154
S2,none,45,76x79,0,6.0,15.0,1.08,0.85,0.001,0.5,1.0,,,,0,500,24.0,False,576.0,20000,20000.0,3734,3734,0.6219187208527648,1.0,3734,11,1207,0,42129,60752,59689
S2,none,47,76x79,0,6.0,15.0,1.08,0.85,0.001,0.5,1.0,,,,0,500,24.0,False,360.0,20000,20000.0,3727,3727,0.6207528314457028,1.0,3727,14,1178,0,41688,55312,54213
S2,none,44,76x79,0,6.0,15.0,1.08,0.85,0.001,0.5,1.0,,,,0,500,24.0,False,432.0,20000,20000.0,3734,3734,0.6219187208527648,1.0,3734,16,1190,0,36549,53368,52288
S2,none,46,76x79,0,6.0,15.0,1.08,0.85,0.001,0.5,1.0,,,,0,500,24.0,False,624.0,20000,20000.0,3742,3742,0.6232511658894071,1.0,3742,12,1152,0,39021,57112,56002
S2,none,48,76x79,0,6.0,15.0,1.08,0.85,0.001,0.5,1.0,,,,0,500,24.0,False,552.0,20000,20000.0,3728,3728,0.6209193870752832,1.0,3728,11,1163,0,41659,59326,58213
S2,none,50,76x79,0,6.0,15.0,1.08,0.85,0.001,0.5,1.0,,,,0,500,24.0,False,576.0,20000,20000.0,3738,3738,0.6225849433710859,1.0,3738,13,1145,0,39768,58553,57432
S2,none,58,76x79,0,6.0,15.0,1.08,0.85,0.001,0.5,1.0,,,,0,500,24.0,False,624.0,20000,20000.0,3737,3737,0.6224183877415057,1.0,3737,13,1251,0,42159,61212,60196
S2,none,56,76x79,0,6.0,15.0,1.08,0.85,0.001,0.5,1.0,,,,0,500,24.0,False,576.0,20000,20000.0,3721,3721,0.6197534976682212,1.0,3721,10,1298,0,40667,57764,56779
S2,none,53,76x79,0,6.0,15.0,1.08,0.85,0.001,0.5,1.0,,,,0,500,24.0,False,600.0,20000,20000.0,3704,3704,0.6169220519653564,1.0,3704,10,1087,0,37666,55909,54696
S2,none,59,76x79,0,6.0,15.0,1.08,0.85,0.001,0.5,1.0,,,,0,500,24.0,False,696.0,20000,20000.0,3742,3742,0.6232511658894071,1.0,3742,10,1192,0,41195,60685,59615
S2,none,52,76x79,0,6.0,15.0,1.08,0.85,0.001,0.5,1.0,,,,0,500,24.0,False,576.0,20000,20000.0,3734,3734,0.6219187208527648,1.0,3734,12,1226,0,40793,56983,55939
S2,none,54,76x79,0,6.0,15.0,1.08,0.85,0.001,0.5,1.0,,,,0,500,24.0,False,528.0,20000,20000.0,3724,3724,0.620253164556962,1.0,3724,13,1221,0,41181,55751,54692
S2,none,57,76x79,0,6.0,15.0,1.08,0.85,0.001,0.5,1.0,,,,0,500,24.0,False,816.0,20000,20000.0,3738,3738,0.6225849433710859,1.0,3738,18,1219,0,39574,62212,61165
S2,none,55,76x79,0,6.0,15.0,1.08,0.85,0.001,0.5,1.0,,,,0,500,24.0,False,552.0,20000,20000.0,3738,3738,0.6225849433710859,1.0,3737,16,1136,0,39330,55572,54442
S2,none,65,76x79,0,6.0,15.0,1.08,0.85,0.001,0.5,1.0,,,,0,500,24.0,False,576.0,20000,20000.0,3749,3749,0.6244170552964691,1.0,3749,18,1226,0,40408,58574,57545
S2,none,62,76x79,0,6.0,15.0,1.08,0.85,0.001,0.5,1.0,,,,0,500,24.0,False,576.0,20000,20000.0,3721,3721,0.6197534976682212,1.0,3721,14,1249,0,39453,56163,55129
S2,none,63,76x79,0,6.0,15.0,1.08,0.85,0.001,0.5,1.0,,,,0,500,24.0,False,528.0,20000,20000.0,3745,3745,0.6237508327781479,1.0,3744,15,1273,0,42281,59507,58521
S2,none,64,76x79,0,6.0,15.0,1.08,0.85,0.001,0.5,1.0,,,,0,500,24.0,False,696.0,20000,20000.0,3727,3727,0.6207528314457028,1.0,3727,16,1219,0,41527,63313,62255
S2,none,60,76x79,0,6.0,15.0,1.08,0.85,0.001,0.5,1.0,,,,0,500,24.0,False,768.0,20000,20000.0,3723,3723,0.6200866089273818,1.0,3723,14,1031,0,36998,58338,57088
S2,none,61,76x79,0,6.0,15.0,1.08,0.85,0.001,0.5,1.0,,,,0,500,24.0,False,600.0,20000,20000.0,3731,3731,0.621419053964024,1.0,3731,17,1340,0,40391,60964,60031
S2,none,66,76x79,0,6.0,15.0,1.08,0.85,0.001,0.5,1.0,,,,0,500,24.0,False,552.0,20000,20000.0,3729,3729,0.6210859427048634,1.0,3729,18,1219,0,38263,54511,53455
S2,none,67,76x79,0,6.0,15.0,1.08,0.85,0.001,0.5,1.0,,,,0,500,24.0,False,624.0,20000,20000.0,3737,3737,0.6224183877415057,1.0,3737,7,1221,0,42533,60489,59443
S2,none,73,76x79,0,6.0,15.0,1.08,0.85,0.001,0.5,1.0,,,,0,500,24.0,False,672.0,20000,20000.0,3732,3732,0.6215856095936043,1.0,3732,20,1263,0,41727,62083,61074
S2,none,72,76x79,0,6.0,15.0,1.08,0.85,0.001,0.5,1.0,,,,0,500,24.0,False,720.0,20000,20000.0,3745,3745,0.6237508327781479,1.0,3745,15,1143,0,39623,59734,58618
S2,none,75,76x79,0,6.0,15.0,1.08,0.85,0.001,0.5,1.0,,,,0,500,24.0,False,600.0,20000,20000.0,3731,3731,0.621419053964024,1.0,3731,13,1112,0,37081,53259,52098
S2,none,68,76x79,0,6.0,15.0,1.08,0.85,0.001,0.5,1.0,,,,0,500,24.0,False,576.0,20000,20000.0,3735,3735,0.6220852764823451,1.0,3735,8,1237,0,43589,59991,58959
S2,none,71,76x79,0,6.0,15.0,1.08,0.85,0.001,0.5,1.0,,,,0,500,24.0,False,648.0,20000,20000.0,3735,3735,0.6220852764823451,1.0,3735,12,1348,0,41207,61643,60722
S2,none,69,76x79,0,6.0,15.0,1.08,0.85,0.001,0.5,1.0,,,,0,500,24.0,False,576.0,20000,20000.0,3727,3727,0.6207528314457028,1.0,3727,11,1009,0,35190,51331,50063
S2,none,70,76x79,0,6.0,15.0,1.08,0.85,0.001,0.5,1.0,,,,0,500,24.0,False,456.0,20000,20000.0,3737,3737,0.6224183877415057,1.0,3736,9,1324,0,38471,57023,56080
S2,none,74,76x79,0,6.0,15.0,1.08,0.85,0.001,0.5,1.0,,,,0,500,24.0,False,432.0,20000,20000.0,3725,3725,0.6204197201865423,1.0,3725,13,1401,0,38892,53668,52790
S2,none,80,76x79,0,6.0,15.0,1.08,0.85,0.001,0.5,1.0,,,,0,500,24.0,False,576.0,20000,20000.0,3720,3720,0.619586942038641,1.0,3720,11,1245,0,38715,55569,54530
S2,none,79,76x79,0,6.0,15.0,1.08,0.85,0.001,0.5,1.0,,,,0,500,24.0,False,744.0,20000,20000.0,3734,3734,0.6219187208527648,1.0,3734,10,1162,0,40662,61946,60838
S2,none,81,76x79,0,6.0,15.0,1.08,0.85,0.001,0.5,1.0,,,,0,500,24.0,False,552.0,20000,20000.0,3735,3735,0.6220852764823451,1.0,3735,9,1109,0,40120,56881,55721
S2,none,76,76x79,0,6.0,15.0,1.08,0.85,0.001,0.5,1.0,,,,0,500,24.0,False,624.0,20000,20000.0,3736,3736,0.6222518321119254,1.0,3736,15,1269,0,41914,59723,58724
S2,none,83,76x79,0,6.0,15.0,1.08,0.85,0.001,0.5,1.0,,,,0,500,24.0,False,624.0,20000,20000.0,3710,3710,0.6179213857428381,1.0,3710,17,1191,0,39571,56988,55885
S2,none,82,76x79,0,6.0,15.0,1.08,0.85,0.001,0.5,1.0,,,,0,500,24.0,False,528.0,20000,20000.0,3723,3723,0.6200866089273818,1.0,3723,8,1213,0,40456,57328,56260
S2,none,78,76x79,0,6.0,15.0,1.08,0.85,0.001,0.5,1.0,,,,0,500,24.0,False,480.0,20000,20000.0,3727,3727,0.6207528314457028,1.0,3727,16,1266,0,41140,57739,56728
S2,none,77,76x79,0,6.0,15.0,1.08,0.85,0.001,0.5,1.0,,,,0,500,24.0,False,552.0,20000,20000.0,3719,3719,0.6194203864090606,1.0,3719,15,1385,0,41439,57602,56702
S2,none,91,76x79,0,6.0,15.0,1.08,0.85,0.001,0.5,1.0,,,,0,500,24.0,False,816.0,20000,20000.0,3740,3740,0.6229180546302465,1.0,3740,13,1145,0,39533,60359,59240
S2,none,85,76x79,0,6.0,15.0,1.08,0.85,0.001,0.5,1.0,,,,0,500,24.0,False,576.0,20000,20000.0,3730,3730,0.6212524983344437,1.0,3730,11,1303,0,44004,62013,61042
S2,none,90,76x79,0,6.0,15.0,1.08,0.85,0.001,0.5,1.0,,,,0,500,24.0,False,552.0,20000,20000.0,3722,3722,0.6199200532978014,1.0,3722,17,1172,0,39264,54949,53839
S2,none,84,76x79,0,6.0,15.0,1.08,0.85,0.001,0.5,1.0,,,,0,500,24.0,False,720.0,20000,20000.0,3715,3715,0.6187541638907396,1.0,3715,14,1122,0,36915,57908,56741
S2,none,86,76x79,0,6.0,15.0,1.08,0.85,0.001,0.5,1.0,,,,0,500,24.0,False,552.0,20000,20000.0,3716,3716,0.6189207195203198,1.0,3716,9,1312,0,41570,60311,59335
S2,none,87,76x79,0,6.0,15.0,1.08,0.85,0.001,0.5,1.0,,,,0,500,24.0,False,576.0,20000,20000.0,3730,3730,0.6212524983344437,1.0,3730,13,1234,0,42460,61178,60138
S2,none,89,76x79,0,6.0,15.0,1.08,0.85,0.001,0.5,1.0,,,,0,500,24.0,False,648.0,20000,20000.0,3722,3722,0.6199200532978014,1.0,3722,17,1142,0,38408,56006,54866
S2,none,88,76x79,0,6.0,15.0,1.08,0.85,0.001,0.5,1.0,,,,0,500,24.0,False,672.0,20000,20000.0,3715,3715,0.6187541638907396,1.0,3715,15,1202,0,41836,60934,59847
S2,none,96,76x79,0,6.0,15.0,1.08,0.85,0.001,0.5,1.0,,,,0,500,24.0,False,576.0,20000,20000.0,3707,3707,0.6174217188540972,1.0,3707,13,1130,0,38342,54768,53601
S2,none,95,76x79,0,6.0,15.0,1.08,0.85,0.001,0.5,1.0,,,,0,500,24.0,False,552.0,20000,20000.0,3741,3741,0.6230846102598268,1.0,3741,16,1315,0,40791,56741,55793
S2,none,92,76x79,0,6.0,15.0,1.08,0.85,0.001,0.5,1.0,,,,0,500,24.0,False,672.0,20000,20000.0,3735,3735,0.6220852764823451,1.0,3735,13,1202,0,39319,59173,58106
S2,none,93,76x79,0,6.0,15.0,1.08,0.85,0.001,0.5,1.0,,,,0,500,24.0,False,576.0,20000,20000.0,3734,3734,0.6219187208527648,1.0,3734,7,1092,0,36704,54616,53438
S2,none,98,76x79,0,6.0,15.0,1.08,0.85,0.001,0.5,1.0,,,,0,500,24.0,False,720.0,20000,20000.0,3731,3731,0.621419053964024,1.0,3731,19,1156,0,37186,57290,56173
S2,none,97,76x79,0,6.0,15.0,1.08,0.85,0.001,0.5,1.0,,,,0,500,24.0,False,456.0,20000,20000.0,3740,3740,0.6229180546302465,1.0,3740,12,1137,0,41630,56507,55380
S2,none,99,76x79,0,6.0,15.0,1.08,0.85,0.001,0.5,1.0,,,,0,500,24.0,False,552.0,20000,20000.0,3745,3745,0.6237508327781479,1.0,3745,12,1209,0,40587,56808,55758
S2,none,94,76x79,0,6.0,15.0,1.08,0.85,0.001,0.5,1.0,,,,0,500,24.0,False,528.0,20000,20000.0,3733,3733,0.6217521652231845,1.0,3733,18,1120,0,36958,53084,51933
S2,none,2,76x79,0,6.0,15.0,1.08,0.85,0.001,0.75,0.3,,,,0,500,24.0,False,2376.0,20000,20000.0,3883,3883,0.6467355096602265,1.0,3883,40,1610,74689,32718,167848,167337
S2,none,1,76x79,0,6.0,15.0,1.08,0.85,0.001,0.75,0.3,,,,0,500,24.0,False,2256.0,20000,20000.0,3882,3882,0.6465689540306462,1.0,3882,49,1687,79896,34313,169518,169083
S2,none,0,76x79,0,6.0,15.0,1.08,0.85,0.001,0.75,0.3,,,,0,500,24.0,False,2952.0,20000,20000.0,3876,3876,0.6455696202531646,1.0,3876,72,2023,84570,37438,189496,189391
S2,none,4,76x79,0,6.0,15.0,1.08,0.85,0.001,0.75,0.3,,,,0,500,24.0,False,2664.0,20000,20000.0,3873,3873,0.6450699533644237,1.0,3873,56,2227,87854,37588,183942,184038
S2,none,7,76x79,0,6.0,15.0,1.08,0.85,0.001,0.75,0.3,,,,0,500,24.0,False,1848.0,20000,20000.0,3872,3872,0.6449033977348434,1.0,3872,48,1729,77624,32236,156146,155743
S2,none,3,76x79,0,6.0,15.0,1.08,0.85,0.001,0.75,0.3,,,,0,500,24.0,False,1896.0,20000,20000.0,3891,3891,0.6480679546968687,1.0,3891,44,1681,77612,32250,155597,155165
S2,none,6,76x79,0,6.0,15.0,1.08,0.85,0.001,0.75,0.3,,,,0,500,24.0,False,1560.0,20000,20000.0,3876,3876,0.6455696202531646,1.0,3876,46,1615,77157,32452,157789,157276
S2,none,5,76x79,0,6.0,15.0,1.08,0.85,0.001,0.75,0.3,,,,0,500,24.0,False,1416.0,20000,20000.0,3872,3872,0.6449033977348434,1.0,3872,46,1957,92272,38429,178288,178113
S2,none,15,76x79,0,6.0,15.0,1.08,0.85,0.001,0.75,0.3,,,,0,500,24.0,False,2616.0,20000,20000.0,3884,3884,0.6469020652898068,1.0,3884,45,2195,98548,42201,200277,200352
S2,none,13,76x79,0,6.0,15.0,1.08,0.85,0.001,0.75,0.3,,,,0,500,24.0,False,2136.0,20000,20000.0,3876,3876,0.6455696202531646,1.0,3876,61,1463,76865,32672,159025,158360
S2,none,10,76x79,0,6.0,15.0,1.08,0.85,0.001,0.75,0.3,,,,0,500,24.0,False,1896.0,20000,20000.0,3876,3876,0.6455696202531646,1.0,3876,59,1516,74657,31720,155719,155107
S2,none,8,76x79,0,6.0,15.0,1.08,0.85,0.001,0.75,0.3,,,,0,500,24.0,False,2208.0,20000,20000.0,3880,3880,0.6462358427714857,1.0,3880,54,1911,81779,34141,168306,168093
S2,none,11,76x79,0,6.0,15.0,1.08,0.85,0.001,0.75,0.3,,,,0,500,24.0,False,2808.0,20000,20000.0,3879,3879,0.6460692871419054,1.0,3879,60,2207,91488,39052,192463,192545
S2,none,12,76x79,0,6.0,15.0,1.08,0.85,0.001,0.75,0.3,,,,0,500,24.0,False,1680.0,20000,20000.0,3889,3889,0.6477348434377082,1.0,3889,51,1661,71618,29356,140799,140345
S2,none,9,76x79,0,6.0,15.0,1.08,0.85,0.001,0.75,0.3,,,,0,500,24.0,False,1776.0,20000,20000.0,3884,3884,0.6469020652898068,1.0,3884,38,2003,87697,36058,166143,166026
S2,none,14,76x79,0,6.0,15.0,1.08,0.85,0.001,0.75,0.3,,,,0,500,24.0,False,1944.0,20000,20000.0,3881,3881,0.646402398401066,1.0,3881,45,1981,89069,37433,176264,176122
S2,none,21,76x79,0,6.0,15.0,1.08,0.85,0.001,0.75,0.3,,,,0,500,24.0,False,3168.0,20000,20000.0,3886,3886,0.6472351765489673,1.0,3886,75,1723,75988,34040,181457,181062
S2,none,17,76x79,0,6.0,15.0,1.08,0.85,0.001,0.75,0.3,,,,0,500,24.0,False,2688.0,20000,20000.0,3896,3896,0.6489007328447701,1.0,3896,55,2231,89898,37843,183573,183696
S2,none,18,76x79,0,6.0,15.0,1.08,0.85,0.001,0.75,0.3,,,,0,500,24.0,False,2928.0,20000,20000.0,3872,3872,0.6449033977348434,1.0,3872,58,2126,89402,38141,188167,188161
S2,none,16,76x79,0,6.0,15.0,1.08,0.85,0.001,0.75,0.3,,,,0,500,24.0,False,2520.0,20000,20000.0,3876,3876,0.6455696202531646,1.0,3876,63,2568,114187,49250,228095,228535
S2,none,19,76x79,0,6.0,15.0,1.08,0.85,0.001,0.75,0.3,,,,0,500,24.0,False,2352.0,20000,20000.0,3885,3885,0.6470686209193871,1.0,3885,59,2055,88044,37875,184172,184108
S2,none,20,76x79,0,6.0,15.0,1.08,0.85,0.001,0.75,0.3,,,,0,500,24.0,False,2712.0,20000,20000.0,3884,3884,0.6469020652898068,1.0,3884,72,2968,123624,52655,242298,243146
S2,none,22,76x79,0,6.0,15.0,1.08,0.85,0.001,0.75,0.3,,,,0,500,24.0,False,2616.0,20000,20000.0,3881,3881,0.646402398401066,1.0,3881,52,2900,115206,48601,225798,226575
S2,none,23,76x79,0,6.0,15.0,1.08,0.85,0.001,0.75,0.3,,,,0,500,24.0,False,1944.0,20000,20000.0,3883,3883,0.6467355096602265,1.0,3883,38,1450,70627,30201,153345,152674
S2,none,24,76x79,0,6.0,15.0,1.08,0.85,0.001,0.75,0.3,,,,0,500,24.0,False,3528.0,20000,20000.0,3871,3871,0.6447368421052632,1.0,3871,74,2093,83250,37009,194123,194083
S2,none,25,76x79,0,6.0,15.0,1.08,0.85,0.001,0.75,0.3,,,,0,500,24.0,False,2160.0,20000,20000.0,3889,3889,0.6477348434377082,1.0,3889,42,1927,79176,33205,163293,163105
S2,none,27,76x79,0,6.0,15.0,1.08,0.85,0.001,0.75,0.3,,,,0,500,24.0,False,2232.0,20000,20000.0,3869,3869,0.6444037308461026,1.0,3869,49,1799,86986,37612,184088,183752
S2,none,26,76x79,0,6.0,15.0,1.08,0.85,0.001,0.75,0.3,,,,0,500,24.0,False,2688.0,20000,20000.0,3866,3866,0.6439040639573618,1.0,3866,60,2399,104945,45444,211296,211557
S2,none,29,76x79,0,6.0,15.0,1.08,0.85,0.001,0.75,0.3,,,,0,500,24.0,False,2232.0,20000,20000.0,3880,3880,0.6462358427714857,1.0,3880,60,1440,71986,30678,155295,154611
S2,none,28,76x79,0,6.0,15.0,1.08,0.85,0.001,0.75,0.3,,,,0,500,24.0,False,2760.0,20000,20000.0,3871,3871,0.6447368421052632,1.0,3871,69,2170,99135,42506,204671,204708
S2,none,31,76x79,0,6.0,15.0,1.08,0.85,0.001,0.75,0.3,,,,0,500,24.0,False,1848.0,20000,20000.0,3874,3874,0.645236508994004,1.0,3874,52,1804,75089,30729,149633,149307
S2,none,30,76x79,0,6.0,15.0,1.08,0.85,0.001,0.75,0.3,,,,0,500,24.0,False,1776.0,20000,20000.0,3891,3891,0.6480679546968687,1.0,3891,38,1806,85157,34956,163837,163530
S2,none,33,76x79,0,6.0,15.0,1.08,0.85,0.001,0.75,0.3,,,,0,500,24.0,False,2112.0,20000,20000.0,3884,3884,0.6469020652898068,1.0,3884,59,1984,82302,34536,167925,167789
S2,none,39,76x79,0,6.0,15.0,1.08,0.85,0.001,0.75,0.3,,,,0,500,24.0,False,2424.0,20000,20000.0,3883,3883,0.6467355096602265,1.0,3883,53,2037,92729,39741,189534,189450
S2,none,36,76x79,0,6.0,15.0,1.08,0.85,0.001,0.75,0.3,,,,0,500,24.0,False,1776.0,20000,20000.0,3877,3877,0.6457361758827448,1.0,3877,71,1749,82072,35258,172510,172132
S2,none,38,76x79,0,6.0,15.0,1.08,0.85,0.001,0.75,0.3,,,,0,500,24.0,False,2184.0,20000,20000.0,3879,3879,0.6460692871419054,1.0,3879,50,1875,84076,35670,172792,172542
S2,none,35,76x79,0,6.0,15.0,1.08,0.85,0.001,0.75,0.3,,,,0,500,24.0,False,1872.0,20000,20000.0,3888,3888,0.6475682878081279,1.0,3888,45,1735,80314,33937,164666,164285
S2,none,37,76x79,0,6.0,15.0,1.08,0.85,0.001,0.75,0.3,,,,0,500,24.0,False,2016.0,20000,20000.0,3884,3884,0.6469020652898068,1.0,3884,45,2089,90070,38004,180566,180535
S2,none,34,76x79,0,6.0,15.0,1.08,0.85,0.001,0.75,0.3,,,,0,500,24.0,False,1704.0,20000,20000.0,3866,3866,0.6439040639573618,1.0,3866,44,1883,87902,37277,177535,177280
S2,none,32,76x79,0,6.0,15.0,1.08,0.85,0.001,0.75,0.3,,,,0,500,24.0,False,1704.0,20000,20000.0,3883,3883,0.6467355096602265,1.0,3883,39,1443,70325,28980,143708,143030
S2,none,41,76x79,0,6.0,15.0,1.08,0.85,0.001,0.75,0.3,,,,0,500,24.0,False,3144.0,20000,20000.0,3868,3868,0.6442371752165224,1.0,3868,62,3076,116923,49913,236472,237412
S2,none,46,76x79,0,6.0,15.0,1.08,0.85,0.001,0.75,0.3,,,,0,500,24.0,False,1968.0,20000,20000.0,3872,3872,0.6449033977348434,1.0,3872,65,2245,92283,39520,189943,190056
S2,none,45,76x79,0,6.0,15.0,1.08,0.85,0.001,0.75,0.3,,,,0,500,24.0,False,1752.0,20000,20000.0,3879,3879,0.6460692871419054,1.0,3879,49,1390,70578,29843,148948,148213
S2,none,44,76x79,0,6.0,15.0,1.08,0.85,0.001,0.75,0.3,,,,0,500,24.0,False,1656.0,20000,20000.0,3887,3887,0.6474017321785477,1.0,3887,47,1647,80502,33433,161023,160553
S2,none,42,76x79,0,6.0,15.0,1.08,0.85,0.001,0.75,0.3,,,,0,500,24.0,False,1848.0,20000,20000.0,3875,3875,0.6454030646235843,1.0,3875,59,1574,78412,33079,158843,158288
S2,none,43,76x79,0,6.0,15.0,1.08,0.85,0.001,0.75,0.3,,,,0,500,24.0,False,1752.0,20000,20000.0,3877,3877,0.6457361758827448,1.0,3877,41,1378,69256,29203,144239,143490
S2,none,40,76x79,0,6.0,15.0,1.08,0.85,0.001,0.75,0.3,,,,0,500,24.0,False,1584.0,20000,20000.0,3881,3881,0.646402398401066,1.0,3881,41,1643,78810,32388,153153,152673
S2,none,47,76x79,0,6.0,15.0,1.08,0.85,0.001,0.75,0.3,,,,0,500,24.0,False,2136.0,20000,20000.0,3874,3874,0.645236508994004,1.0,3874,47,1875,75075,30708,152049,151794
S2,none,55,76x79,0,6.0,15.0,1.08,0.85,0.001,0.75,0.3,,,,0,500,24.0,False,2976.0,20000,20000.0,3874,3874,0.645236508994004,1.0,3874,56,2190,87193,37945,189224,189284
S2,none,48,76x79,0,6.0,15.0,1.08,0.85,0.001,0.75,0.3,,,,0,500,24.0,False,2136.0,20000,20000.0,3869,3869,0.6444037308461026,1.0,3869,41,1558,73686,31213,153291,152714
S2,none,49,76x79,0,6.0,15.0,1.08,0.85,0.001,0.75,0.3,,,,0,500,24.0,False,2400.0,20000,20000.0,3880,3880,0.6462358427714857,1.0,3880,57,1895,87719,37807,186200,185971
S2,none,54,76x79,0,6.0,15.0,1.08,0.85,0.001,0.75,0.3,,,,0,500,24.0,False,2112.0,20000,20000.0,3876,3876,0.6455696202531646,1.0,3876,48,1491,70558,30029,151039,150402
S2,none,50,76x79,0,6.0,15.0,1.08,0.85,0.001,0.75,0.3,,,,0,500,24.0,False,2424.0,20000,20000.0,3892,3892,0.6482345103264491,1.0,3892,61,2288,96983,40488,189930,190106
S2,none,53,76x79,0,6.0,15.0,1.08,0.85,0.001,0.75,0.3,,,,0,500,24.0,False,2472.0,20000,20000.0,3880,3880,0.6462358427714857,1.0,3880,63,1683,84121,36689,182568,182127
S2,none,51,76x79,0,6.0,15.0,1.08,0.85,0.001,0.75,0.3,,,,0,500,24.0,False,2208.0,20000,20000.0,3875,3875,0.6454030646235843,1.0,3875,50,1738,84942,36228,174975,174584
S2,none,52,76x79,0,6.0,15.0,1.08,0.85,0.001,0.75,0.3,,,,0,500,24.0,False,2064.0,20000,20000.0,3878,3878,0.6459027315123251,1.0,3878,40,1872,78477,32809,158749,158495
S2,none,62,76x79,0,6.0,15.0,1.08,0.85,0.001,0.75,0.3,,,,0,500,24.0,False,4032.0,20000,20000.0,3870,3870,0.6445702864756829,1.0,3870,92,2123,89837,41559,223169,223158
S2,none,60,76x79,0,6.0,15.0,1.08,0.85,0.001,0.75,0.3,,,,0,500,24.0,False,2640.0,20000,20000.0,3863,3863,0.643404397068621,1.0,3863,52,1672,73711,32181,169785,169316
S2,none,59,76x79,0,6.0,15.0,1.08,0.85,0.001,0.75,0.3,,,,0,500,24.0,False,2568.0,20000,20000.0,3885,3885,0.6470686209193871,1.0,3885,63,1953,91774,39669,194638,194472
S2,none,58,76x79,0,6.0,15.0,1.08,0.85,0.001,0.75,0.3,,,,0,500,24.0,False,2304.0,20000,20000.0,3884,3884,0.6469020652898068,1.0,3884,50,1988,89916,37293,177724,177592
S2,none,61,76x79,0,6.0,15.0,1.08,0.85,0.001,0.75,0.3,,,,0,500,24.0,False,2880.0,20000,20000.0,3884,3884,0.6469020652898068,1.0,3884,74,1883,81153,35313,182316,182079
S2,none,56,76x79,0,6.0,15.0,1.08,0.85,0.001,0.75,0.3,,,,0,500,24.0,False,3096.0,20000,20000.0,3879,3879,0.6460692871419054,1.0,3879,68,2150,95351,41693,207232,207257
S2,none,63,76x79,0,6.0,15.0,1.08,0.85,0.001,0.75,0.3,,,,0,500,24.0,False,2424.0,20000,20000.0,3886,3886,0.6472351765489673,1.0,3886,50,2384,98331,41351,193217,193483
S2,none,57,76x79,0,6.0,15.0,1.08,0.85,0.001,0.75,0.3,,,,0,500,24.0,False,1464.0,20000,20000.0,3889,3889,0.6477348434377082,1.0,3889,35,1474,70366,28733,140632,139991
S2,none,70,76x79,0,6.0,15.0,1.08,0.85,0.001,0.75,0.3,,,,0,500,24.0,False,3432.0,20000,20000.0,3872,3872,0.6449033977348434,1.0,3872,72,1978,90879,40801,208507,208353
S2,none,71,76x79,0,6.0,15.0,1.08,0.85,0.001,0.75,0.3,,,,0,500,24.0,False,2616.0,20000,20000.0,3882,3882,0.6465689540306462,1.0,3882,57,1750,80222,34760,175308,174936
S2,none,66,76x79,0,6.0,15.0,1.08,0.85,0.001,0.75,0.3,,,,0,500,24.0,False,3024.0,20000,20000.0,3877,3877,0.6457361758827448,1.0,3877,84,2335,99366,43213,208799,209007
S2,none,65,76x79,0,6.0,15.0,1.08,0.85,0.001,0.75,0.3,,,,0,500,24.0,False,2184.0,20000,20000.0,3882,3882,0.6465689540306462,1.0,3882,53,1483,71981,31441,159218,158579
S2,none,64,76x79,0,6.0,15.0,1.08,0.85,0.001,0.75,0.3,,,,0,500,24.0,False,2088.0,20000,20000.0,3870,3870,0.6445702864756829,1.0,3870,66,1779,82655,35520,177334,176979
S2,none,67,76x79,0,6.0,15.0,1.08,0.85,0.001,0.75,0.3,,,,0,500,24.0,False,2016.0,20000,20000.0,3872,3872,0.6449033977348434,1.0,3872,55,1555,73610,31891,160691,160114
S2,none,69,76x79,0,6.0,15.0,1.08,0.85,0.001,0.75,0.3,,,,0,500,24.0,False,2376.0,20000,20000.0,3877,3877,0.6457361758827448,1.0,3877,58,2421,96536,41083,195143,195437
S2,none,68,76x79,0,6.0,15.0,1.08,0.85,0.001,0.75,0.3,,,,0,500,24.0,False,2472.0,20000,20000.0,3889,3889,0.6477348434377082,1.0,3889,57,1928,82770,35779,178088,177901
S2,none,74,76x79,0,6.0,15.0,1.08,0.85,0.001,0.75,0.3,,,,0,500,24.0,False,2472.0,20000,20000.0,3868,3868,0.6442371752165224,1.0,3868,59,1491,76041,33167,168250,167605
S2,none,76,76x79,0,6.0,15.0,1.08,0.85,0.001,0.75,0.3,,,,0,500,24.0,False,3024.0,20000,20000.0,3886,3886,0.6472351765489673,1.0,3886,72,1871,80958,35857,183384,183137
S2,none,73,76x79,0,6.0,15.0,1.08,0.85,0.001,0.75,0.3,,,,0,500,24.0,False,1704.0,20000,20000.0,3879,3879,0.6460692871419054,1.0,3879,50,1831,80514,33253,159262,158968
S2,none,75,76x79,0,6.0,15.0,1.08,0.85,0.001,0.75,0.3,,,,0,500,24.0,False,2712.0,20000,20000.0,3883,3883,0.6467355096602265,1.0,3883,63,2250,96604,40886,197996,198125
S2,none,77,76x79,0,6.0,15.0,1.08,0.85,0.001,0.75,0.3,,,,0,500,24.0,False,1488.0,20000,20000.0,3871,3871,0.6447368421052632,1.0,3871,45,1617,77869,32354,153589,153073
S2,none,78,76x79,0,6.0,15.0,1.08,0.85,0.001,0.75,0.3,,,,0,500,24.0,False,1800.0,20000,20000.0,3875,3875,0.6454030646235843,1.0,3875,43,1816,81808,34280,163325,163012
S2,none,79,76x79,0,6.0,15.0,1.08,0.85,0.001,0.75,0.3,,,,0,500,24.0,False,2808.0,20000,20000.0,3873,3873,0.6450699533644237,1.0,3873,56,2303,104787,44994,212762,212934
S2,none,72,76x79,0,6.0,15.0,1.08,0.85,0.001,0.75,0.3,,,,0,500,24.0,False,2256.0,20000,20000.0,3875,3875,0.6454030646235843,1.0,3875,59,2253,101468,43260,204321,204445
S2,none,84,76x79,0,6.0,15.0,1.08,0.85,0.001,0.75,0.3,,,,0,500,24.0,False,3216.0,20000,20000.0,3870,3870,0.6445702864756829,1.0,3870,83,1942,85208,38055,193320,193128
S2,none,81,76x79,0,6.0,15.0,1.08,0.85,0.001,0.75,0.3,,,,0,500,24.0,False,2976.0,20000,20000.0,3865,3865,0.6437375083277814,1.0,3865,76,2120,85886,37401,185956,185937
S2,none,86,76x79,0,6.0,15.0,1.08,0.85,0.001,0.75,0.3,,,,0,500,24.0,False,3096.0,20000,20000.0,3871,3871,0.6447368421052632,1.0,3871,77,1794,83631,37229,193431,193092
S2,none,87,76x79,0,6.0,15.0,1.08,0.85,0.001,0.75,0.3,,,,0,500,24.0,False,2568.0,20000,20000.0,3873,3873,0.6450699533644237,1.0,3873,76,1911,86954,37837,186978,186758
S2,none,82,76x79,0,6.0,15.0,1.08,0.85,0.001,0.75,0.3,,,,0,500,24.0,False,2688.0,20000,20000.0,3879,3879,0.6460692871419054,1.0,3879,68,1814,80060,35059,177336,177025
S2,none,83,76x79,0,6.0,15.0,1.08,0.85,0.001,0.75,0.3,,,,0,500,24.0,False,2328.0,20000,20000.0,3881,3881,0.646402398401066,1.0,3881,51,1984,85064,36392,181471,181332
S2,none,85,76x79,0,6.0,15.0,1.08,0.85,0.001,0.75,0.3,,,,0,500,24.0,False,2088.0,20000,20000.0,3873,3873,0.6450699533644237,1.0,3873,60,2328,107793,45159,205544,205741
S2,none,80,76x79,0,6.0,15.0,1.08,0.85,0.001,0.75,0.3,,,,0,500,24.0,False,1992.0,20000,20000.0,3875,3875,0.6454030646235843,1.0,3875,54,1899,92522,39630,187013,186783
S2,none,90,76x79,0,6.0,15.0,1.08,0.85,0.001,0.75,0.3,,,,0,500,24.0,False,3840.0,20000,20000.0,3862,3862,0.6432378414390406,1.0,3862,102,2018,85752,38922,207530,207406
S2,none,88,76x79,0,6.0,15.0,1.08,0.85,0.001,0.75,0.3,,,,0,500,24.0,False,2640.0,20000,20000.0,3881,3881,0.646402398401066,1.0,3881,69,1685,81236,35693,179139,178701
S2,none,93,76x79,0,6.0,15.0,1.08,0.85,0.001,0.75,0.3,,,,0,500,24.0,False,2496.0,20000,20000.0,3896,3896,0.6489007328447701,1.0,3896,56,1515,73602,31828,165456,164863
S2,none,92,76x79,0,6.0,15.0,1.08,0.85,0.001,0.75,0.3,,,,0,500,24.0,False,2184.0,20000,20000.0,3875,3875,0.6454030646235843,1.0,3875,57,1636,71227,30277,153083,152590
S2,none,89,76x79,0,6.0,15.0,1.08,0.85,0.001,0.75,0.3,,,,0,500,24.0,False,2568.0,20000,20000.0,3876,3876,0.6455696202531646,1.0,3876,54,1756,78739,33887,172620,172248
S2,none,95,76x79,0,6.0,15.0,1.08,0.85,0.001,0.75,0.3,,,,0,500,24.0,False,2160.0,20000,20000.0,3877,3877,0.6457361758827448,1.0,3877,51,1764,88127,37197,171793,171430
S2,none,91,76x79,0,6.0,15.0,1.08,0.85,0.001,0.75,0.3,,,,0,500,24.0,False,2136.0,20000,20000.0,3882,3882,0.6465689540306462,1.0,3882,56,1770,83739,35608,174131,173779
S2,none,94,76x79,0,6.0,15.0,1.08,0.85,0.001,0.75,0.3,,,,0,500,24.0,False,2184.0,20000,20000.0,3883,3883,0.6467355096602265,1.0,3883,46,2084,92267,38647,181450,181413
S2,none,96,76x79,0,6.0,15.0,1.08,0.85,0.001,0.75,0.3,,,,0,500,24.0,False,2760.0,20000,20000.0,3878,3878,0.6459027315123251,1.0,3878,53,1811,82625,35585,181844,181529
S2,none,97,76x79,0,6.0,15.0,1.08,0.85,0.001,0.75,0.3,,,,0,500,24.0,False,2304.0,20000,20000.0,3884,3884,0.6469020652898068,1.0,3884,54,2156,82905,35321,176418,176454
S2,none,99,76x79,0,6.0,15.0,1.08,0.85,0.001,0.75,0.3,,,,0,500,24.0,False,2568.0,20000,20000.0,3885,3885,0.6470686209193871,1.0,3885,61,2312,95647,40176,190257,190450
S2,none,2,76x79,0,6.0,15.0,1.08,0.85,0.001,0.75,0.35,,,,0,500,24.0,False,1776.0,20000,20000.0,3903,3903,0.6500666222518321,1.0,3903,53,1606,60291,31231,134562,134067
S2,none,98,76x79,0,6.0,15.0,1.08,0.85,0.001,0.75,0.3,,,,0,500,24.0,False,1440.0,20000,20000.0,3882,3882,0.6465689540306462,1.0,3882,38,1892,82218,34164,158035,157805
S2,none,3,76x79,0,6.0,15.0,1.08,0.85,0.001,0.75,0.35,,,,0,500,24.0,False,1416.0,20000,20000.0,3902,3902,0.6499000666222519,1.0,3902,31,1429,54860,28055,120940,120267
S2,none,1,76x79,0,6.0,15.0,1.08,0.85,0.001,0.75,0.35,,,,0,500,24.0,False,1752.0,20000,20000.0,3899,3899,0.649400399733511,1.0,3899,48,1506,66422,34310,143724,143125
S2,none,0,76x79,0,6.0,15.0,1.08,0.85,0.001,0.75,0.35,,,,0,500,24.0,False,1848.0,20000,20000.0,3889,3889,0.6477348434377082,1.0,3889,45,1858,73749,38185,155269,155012
S2,none,10,76x79,0,6.0,15.0,1.08,0.85,0.001,0.75,0.35,,,,0,500,24.0,False,1968.0,20000,20000.0,3881,3881,0.646402398401066,1.0,3881,45,1342,59626,31780,139485,138704
S2,none,4,76x79,0,6.0,15.0,1.08,0.85,0.001,0.75,0.35,,,,0,500,24.0,False,2232.0,20000,20000.0,3889,3889,0.6477348434377082,1.0,3889,55,1752,69951,37253,161587,161224
S2,none,8,76x79,0,6.0,15.0,1.08,0.85,0.001,0.75,0.35,,,,0,500,24.0,False,1704.0,20000,20000.0,3909,3909,0.6510659560293138,1.0,3909,50,1390,61711,32390,137694,136989
S2,none,5,76x79,0,6.0,15.0,1.08,0.85,0.001,0.75,0.35,,,,0,500,24.0,False,1296.0,20000,20000.0,3894,3894,0.6485676215856095,1.0,3894,38,1418,62387,31480,129008,128316
S2,none,11,76x79,0,6.0,15.0,1.08,0.85,0.001,0.75,0.35,,,,0,500,24.0,False,1056.0,20000,20000.0,3901,3901,0.6497335109926715,1.0,3901,25,1340,61131,30626,122989,122226
S2,none,6,76x79,0,6.0,15.0,1.08,0.85,0.001,0.75,0.35,,,,0,500,24.0,False,1824.0,20000,20000.0,3898,3898,0.6492338441039307,1.0,3898,55,1710,71075,37453,156516,156120
S2,none,7,76x79,0,6.0,15.0,1.08,0.85,0.001,0.75,0.35,,,,0,500,24.0,False,1080.0,20000,20000.0,3894,3894,0.6485676215856095,1.0,3894,21,1377,60504,30558,123519,122786
S2,none,9,76x79,0,6.0,15.0,1.08,0.85,0.001,0.75,0.35,,,,0,500,24.0,False,1656.0,20000,20000.0,3892,3892,0.6482345103264491,1.0,3892,40,1819,74391,38645,153768,153475
S2,none,19,76x79,0,6.0,15.0,1.08,0.85,0.001,0.75,0.35,,,,0,500,24.0,False,1848.0,20000,20000.0,3880,3880,0.6462358427714857,1.0,3880,42,1627,72995,38732,158197,157700
S2,none,13,76x79,0,6.0,15.0,1.08,0.85,0.001,0.75,0.35,,,,0,500,24.0,False,1872.0,20000,20000.0,3886,3886,0.6472351765489673,1.0,3886,45,1746,71143,37610,155479,155107
S2,none,18,76x79,0,6.0,15.0,1.08,0.85,0.001,0.75,0.35,,,,0,500,24.0,False,2088.0,20000,20000.0,3879,3879,0.6460692871419054,1.0,3879,56,1643,63811,33655,149679,149197
S2,none,14,76x79,0,6.0,15.0,1.08,0.85,0.001,0.75,0.35,,,,0,500,24.0,False,1704.0,20000,20000.0,3893,3893,0.6484010659560293,1.0,3893,31,1451,65580,33866,139822,139162
S2,none,16,76x79,0,6.0,15.0,1.08,0.85,0.001,0.75,0.35,,,,0,500,24.0,False,1776.0,20000,20000.0,3883,3883,0.6467355096602265,1.0,3883,46,1233,54617,28649,130147,129259
S2,none,15,76x79,0,6.0,15.0,1.08,0.85,0.001,0.75,0.35,,,,0,500,24.0,False,1224.0,20000,20000.0,3906,3906,0.6505662891405729,1.0,3906,26,1184,55804,28014,119467,118553
S2,none,17,76x79,0,6.0,15.0,1.08,0.85,0.001,0.75,0.35,,,,0,500,24.0,False,1728.0,20000,20000.0,3891,3891,0.6480679546968687,1.0,3891,49,1555,60795,31832,136242,135684
S2,none,12,76x79,0,6.0,15.0,1.08,0.85,0.001,0.75,0.35,,,,0,500,24.0,False,1296.0,20000,20000.0,3912,3912,0.6515656229180546,1.0,3912,31,1558,63790,31709,126231,125697
S2,none,26,76x79,0,6.0,15.0,1.08,0.85,0.001,0.75,0.35,,,,0,500,24.0,False,2472.0,20000,20000.0,3903,3903,0.6500666222518321,1.0,3903,42,1461,63067,34736,154549,153909
S2,none,23,76x79,0,6.0,15.0,1.08,0.85,0.001,0.75,0.35,,,,0,500,24.0,False,2400.0,20000,20000.0,3903,3903,0.6500666222518321,1.0,3903,56,1655,74308,40112,171042,170596
S2,none,20,76x79,0,6.0,15.0,1.08,0.85,0.001,0.75,0.35,,,,0,500,24.0,False,1656.0,20000,20000.0,3904,3904,0.6502331778814124,1.0,3904,41,1356,56461,29536,132027,131283
S2,none,27,76x79,0,6.0,15.0,1.08,0.85,0.001,0.75,0.35,,,,0,500,24.0,False,1440.0,20000,20000.0,3898,3898,0.6492338441039307,1.0,3898,29,1380,62343,32151,130767,130041
S2,none,24,76x79,0,6.0,15.0,1.08,0.85,0.001,0.75,0.35,,,,0,500,24.0,False,1920.0,20000,20000.0,3898,3898,0.6492338441039307,1.0,3898,47,1516,64427,33615,143275,142685
S2,none,22,76x79,0,6.0,15.0,1.08,0.85,0.001,0.75,0.35,,,,0,500,24.0,False,1752.0,20000,20000.0,3896,3896,0.6489007328447701,1.0,3896,43,1779,71884,37436,154667,154338
S2,none,25,76x79,0,6.0,15.0,1.08,0.85,0.001,0.75,0.35,,,,0,500,24.0,False,1824.0,20000,20000.0,3891,3891,0.6480679546968687,1.0,3891,30,1350,58538,30874,133769,133006
S2,none,21,76x79,0,6.0,15.0,1.08,0.85,0.001,0.75,0.35,,,,0,500,24.0,False,1368.0,20000,20000.0,3904,3904,0.6502331778814124,1.0,3904,39,1311,56602,29262,125339,124550
S2,none,29,76x79,0,6.0,15.0,1.08,0.85,0.001,0.75,0.35,,,,0,500,24.0,False,1656.0,20000,20000.0,3889,3889,0.6477348434377082,1.0,3889,29,1354,62758,32966,137837,137076
S2,none,28,76x79,0,6.0,15.0,1.08,0.85,0.001,0.75,0.35,,,,0,500,24.0,False,1992.0,20000,20000.0,3892,3892,0.6482345103264491,1.0,3892,50,1681,72914,38502,161728,161297
S2,none,33,76x79,0,6.0,15.0,1.08,0.85,0.001,0.75,0.35,,,,0,500,24.0,False,1992.0,20000,20000.0,3894,3894,0.6485676215856095,1.0,3894,61,1750,72768,38719,156420,156060
S2,none,30,76x79,0,6.0,15.0,1.08,0.85,0.001,0.75,0.35,,,,0,500,24.0,False,1296.0,20000,20000.0,3884,3884,0.6469020652898068,1.0,3884,40,1343,56833,28869,119327,118550
S2,none,31,76x79,0,6.0,15.0,1.08,0.85,0.001,0.75,0.35,,,,0,500,24.0,False,1800.0,20000,20000.0,3893,3893,0.6484010659560293,1.0,3893,40,1578,69067,36202,150038,149505
S2,none,32,76x79,0,6.0,15.0,1.08,0.85,0.001,0.75,0.35,,,,0,500,24.0,False,1704.0,20000,20000.0,3896,3896,0.6489007328447701,1.0,3896,32,1718,68118,34820,140502,140112
S2,none,35,76x79,0,6.0,15.0,1.08,0.85,0.001,0.75,0.35,,,,0,500,24.0,False,1824.0,20000,20000.0,3894,3894,0.6485676215856095,1.0,3894,40,1628,72049,37833,154432,153950
S2,none,34,76x79,0,6.0,15.0,1.08,0.85,0.001,0.75,0.35,,,,0,500,24.0,False,1248.0,20000,20000.0,3891,3891,0.6480679546968687,1.0,3891,25,1253,57576,29058,120720,119860
S2,none,39,76x79,0,6.0,15.0,1.08,0.85,0.001,0.75,0.35,,,,0,500,24.0,False,1752.0,20000,20000.0,3899,3899,0.649400399733511,1.0,3899,54,1261,55359,29367,133679,132835
S2,none,40,76x79,0,6.0,15.0,1.08,0.85,0.001,0.75,0.35,,,,0,500,24.0,False,1224.0,20000,20000.0,3904,3904,0.6502331778814124,1.0,3904,34,1134,50193,25195,109235,108269
S2,none,37,76x79,0,6.0,15.0,1.08,0.85,0.001,0.75,0.35,,,,0,500,24.0,False,1752.0,20000,20000.0,3892,3892,0.6482345103264491,1.0,3892,33,1251,58996,30721,131537,130676
S2,none,36,76x79,0,6.0,15.0,1.08,0.85,0.001,0.75,0.35,,,,0,500,24.0,False,1296.0,20000,20000.0,3894,3894,0.6485676215856095,1.0,3894,34,1301,59462,30583,124731,123922
S2,none,38,76x79,0,6.0,15.0,1.08,0.85,0.001,0.75,0.35,,,,0,500,24.0,False,1824.0,20000,20000.0,3899,3899,0.649400399733511,1.0,3899,44,1524,62099,32437,136460,135879
S2,none,41,76x79,0,6.0,15.0,1.08,0.85,0.001,0.75,0.35,,,,0,500,24.0,False,1344.0,20000,20000.0,3902,3902,0.6499000666222519,1.0,3902,40,1424,60150,31088,129295,128617
S2,none,42,76x79,0,6.0,15.0,1.08,0.85,0.001,0.75,0.35,,,,0,500,24.0,False,1896.0,20000,20000.0,3885,3885,0.6470686209193871,1.0,3885,53,1740,68706,35942,153298,152919
S2,none,43,76x79,0,6.0,15.0,1.08,0.85,0.001,0.75,0.35,,,,0,500,24.0,False,1392.0,20000,20000.0,3893,3893,0.6484010659560293,1.0,3893,34,1268,59183,31131,132800,131957
S2,none,49,76x79,0,6.0,15.0,1.08,0.85,0.001,0.75,0.35,,,,0,500,24.0,False,2208.0,20000,20000.0,3900,3900,0.6495669553630913,1.0,3900,44,1652,69187,36877,156178,155726
S2,none,48,76x79,0,6.0,15.0,1.08,0.85,0.001,0.75,0.35,,,,0,500,24.0,False,1968.0,20000,20000.0,3900,3900,0.6495669553630913,1.0,3900,37,1633,68223,35970,151052,150581
S2,none,51,76x79,0,6.0,15.0,1.08,0.85,0.001,0.75,0.35,,,,0,500,24.0,False,1920.0,20000,20000.0,3905,3905,0.6503997335109927,1.0,3905,44,1432,69485,37091,154147,153480
S2,none,46,76x79,0,6.0,15.0,1.08,0.85,0.001,0.75,0.35,,,,0,500,24.0,False,1824.0,20000,20000.0,3902,3902,0.6499000666222519,1.0,3902,41,1703,75720,39195,158495,158096
S2,none,44,76x79,0,6.0,15.0,1.08,0.85,0.001,0.75,0.35,,,,0,500,24.0,False,1152.0,20000,20000.0,3898,3898,0.6492338441039307,1.0,3898,41,1480,61433,31341,128588,127962
S2,none,47,76x79,0,6.0,15.0,1.08,0.85,0.001,0.75,0.35,,,,0,500,24.0,False,1392.0,20000,20000.0,3894,3894,0.6485676215856095,1.0,3894,44,1580,66516,33696,135336,134806
S2,none,50,76x79,0,6.0,15.0,1.08,0.85,0.001,0.75,0.35,,,,0,500,24.0,False,1152.0,20000,20000.0,3900,3900,0.6495669553630913,1.0,3900,41,1434,61890,31083,127115,126445
S2,none,45,76x79,0,6.0,15.0,1.08,0.85,0.001,0.75,0.35,,,,0,500,24.0,False,1320.0,20000,20000.0,3895,3895,0.6487341772151899,1.0,3895,31,1252,56845,28775,121350,120493
S2,none,56,76x79,0,6.0,15.0,1.08,0.85,0.001,0.75,0.35,,,,0,500,24.0,False,2328.0,20000,20000.0,3890,3890,0.6479013990672885,1.0,3890,61,1384,57374,31161,141775,141045
S2,none,59,76x79,0,6.0,15.0,1.08,0.85,0.001,0.75,0.35,,,,0,500,24.0,False,2280.0,20000,20000.0,3896,3896,0.6489007328447701,1.0,3896,60,1795,78365,41806,174986,174673
S2,none,57,76x79,0,6.0,15.0,1.08,0.85,0.001,0.75,0.35,,,,0,500,24.0,False,1344.0,20000,20000.0,3899,3899,0.649400399733511,1.0,3899,35,1232,54806,28660,124361,123488
S2,none,53,76x79,0,6.0,15.0,1.08,0.85,0.001,0.75,0.35,,,,0,500,24.0,False,1896.0,20000,20000.0,3889,3889,0.6477348434377082,1.0,3889,48,1280,56581,29910,130951,130116
S2,none,58,76x79,0,6.0,15.0,1.08,0.85,0.001,0.75,0.35,,,,0,500,24.0,False,1608.0,20000,20000.0,3890,3890,0.6479013990672885,1.0,3890,43,1316,61639,31673,131724,130926
S2,none,52,76x79,0,6.0,15.0,1.08,0.85,0.001,0.75,0.35,,,,0,500,24.0,False,1560.0,20000,20000.0,3897,3897,0.6490672884743505,1.0,3897,27,1424,63751,32879,134234,133551
S2,none,55,76x79,0,6.0,15.0,1.08,0.85,0.001,0.75,0.35,,,,0,500,24.0,False,1344.0,20000,20000.0,3889,3889,0.6477348434377082,1.0,3889,38,1502,68295,34958,139563,138950
S2,none,54,76x79,0,6.0,15.0,1.08,0.85,0.001,0.75,0.35,,,,0,500,24.0,False,1752.0,20000,20000.0,3893,3893,0.6484010659560293,1.0,3893,37,1514,70053,36315,147138,146541
S2,none,61,76x79,0,6.0,15.0,1.08,0.85,0.001,0.75,0.35,,,,0,500,24.0,False,2256.0,20000,20000.0,3890,3890,0.6479013990672885,1.0,3890,51,1548,73332,39531,163624,163058
S2,none,62,76x79,0,6.0,15.0,1.08,0.85,0.001,0.75,0.35,,,,0,500,24.0,False,2376.0,20000,20000.0,3892,3892,0.6482345103264491,1.0,3892,52,1421,62934,33944,152127,151436
S2,none,60,76x79,0,6.0,15.0,1.08,0.85,0.001,0.75,0.35,,,,0,500,24.0,False,1584.0,20000,20000.0,3894,3894,0.6485676215856095,1.0,3894,28,1419,59443,30305,124895,124204
S2,none,63,76x79,0,6.0,15.0,1.08,0.85,0.001,0.75,0.35,,,,0,500,24.0,False,1800.0,20000,20000.0,3883,3883,0.6467355096602265,1.0,3883,43,1587,67311,35172,145391,144857
S2,none,65,76x79,0,6.0,15.0,1.08,0.85,0.001,0.75,0.35,,,,0,500,24.0,False,1992.0,20000,20000.0,3892,3892,0.6482345103264491,1.0,3892,55,1423,61234,32043,139084,138395
S2,none,67,76x79,0,6.0,15.0,1.08,0.85,0.001,0.75,0.35,,,,0,500,24.0,False,1584.0,20000,20000.0,3893,3893,0.6484010659560293,1.0,3893,31,1314,60489,31000,132161,131364
S2,none,64,76x79,0,6.0,15.0,1.08,0.85,0.001,0.75,0.35,,,,0,500,24.0,False,1344.0,20000,20000.0,3909,3909,0.6510659560293138,1.0,3909,32,1494,58431,29626,122568,121967
S2,none,66,76x79,0,6.0,15.0,1.08,0.85,0.001,0.75,0.35,,,,0,500,24.0,False,1632.0,20000,20000.0,3899,3899,0.649400399733511,1.0,3899,45,1726,67598,35491,146677,146298
S2,none,70,76x79,0,6.0,15.0,1.08,0.85,0.001,0.75,0.35,,,,0,500,24.0,False,1968.0,20000,20000.0,3898,3898,0.6492338441039307,1.0,3898,30,1458,70025,37185,152758,152110
S2,none,68,76x79,0,6.0,15.0,1.08,0.85,0.001,0.75,0.35,,,,0,500,24.0,False,1944.0,20000,20000.0,3892,3892,0.6482345103264491,1.0,3892,46,1248,54197,28576,128634,127770
S2,none,72,76x79,0,6.0,15.0,1.08,0.85,0.001,0.75,0.35,,,,0,500,24.0,False,1584.0,20000,20000.0,3893,3893,0.6484010659560293,1.0,3893,39,1432,63813,33239,138641,137962
S2,none,71,76x79,0,6.0,15.0,1.08,0.85,0.001,0.75,0.35,,,,0,500,24.0,False,2016.0,20000,20000.0,3894,3894,0.6485676215856095,1.0,3894,48,1730,68814,36860,154705,154325
S2,none,69,76x79,0,6.0,15.0,1.08,0.85,0.001,0.75,0.35,,,,0,500,24.0,False,1200.0,20000,20000.0,3896,3896,0.6489007328447701,1.0,3896,35,1336,55310,28123,119795,119023
S2,none,75,76x79,0,6.0,15.0,1.08,0.85,0.001,0.75,0.35,,,,0,500,24.0,False,1560.0,20000,20000.0,3900,3900,0.6495669553630913,1.0,3900,33,1311,56010,29282,125456,124663
S2,none,73,76x79,0,6.0,15.0,1.08,0.85,0.001,0.75,0.35,,,,0,500,24.0,False,1440.0,20000,20000.0,3890,3890,0.6479013990672885,1.0,3890,44,1489,68096,35060,143819,143194
S2,none,74,76x79,0,6.0,15.0,1.08,0.85,0.001,0.75,0.35,,,,0,500,24.0,False,1488.0,20000,20000.0,3896,3896,0.6489007328447701,1.0,3896,39,1408,57630,29457,127122,126422
S2,none,76,76x79,0,6.0,15.0,1.08,0.85,0.001,0.75,0.35,,,,0,500,24.0,False,2064.0,20000,20000.0,3891,3891,0.6480679546968687,1.0,3891,40,1666,66625,34831,150594,150147
S2,none,81,76x79,0,6.0,15.0,1.08,0.85,0.001,0.75,0.35,,,,0,500,24.0,False,1560.0,20000,20000.0,3894,3894,0.6485676215856095,1.0,3894,27,1379,56433,28933,123334,122603
S2,none,79,76x79,0,6.0,15.0,1.08,0.85,0.001,0.75,0.35,,,,0,500,24.0,False,2088.0,20000,20000.0,3895,3895,0.6487341772151899,1.0,3895,46,1574,70740,38473,164206,163671
S2,none,80,76x79,0,6.0,15.0,1.08,0.85,0.001,0.75,0.35,,,,0,500,24.0,False,2016.0,20000,20000.0,3907,3907,0.6507328447701533,1.0,3907,66,1307,57966,30884,136193,135403
S2,none,83,76x79,0,6.0,15.0,1.08,0.85,0.001,0.75,0.35,,,,0,500,24.0,False,2232.0,20000,20000.0,3899,3899,0.649400399733511,1.0,3899,45,1478,65451,34774,149852,149225
S2,none,77,76x79,0,6.0,15.0,1.08,0.85,0.001,0.75,0.35,,,,0,500,24.0,False,1056.0,20000,20000.0,3891,3891,0.6480679546968687,1.0,3891,25,1376,60345,30657,124537,123800
S2,none,78,76x79,0,6.0,15.0,1.08,0.85,0.001,0.75,0.35,,,,0,500,24.0,False,1464.0,20000,20000.0,3897,3897,0.6490672884743505,1.0,3897,44,1464,65236,33753,136341,135698
S2,none,82,76x79,0,6.0,15.0,1.08,0.85,0.001,0.75,0.35,,,,0,500,24.0,False,1512.0,20000,20000.0,3912,3912,0.6515656229180546,1.0,3912,43,1199,63438,32674,133783,132890
S2,none,86,76x79,0,6.0,15.0,1.08,0.85,0.001,0.75,0.35,,,,0,500,24.0,False,2568.0,20000,20000.0,3905,3905,0.6503997335109927,1.0,3905,60,1704,73295,39939,172623,172228
S2,none,89,76x79,0,6.0,15.0,1.08,0.85,0.001,0.75,0.35,,,,0,500,24.0,False,1560.0,20000,20000.0,3906,3906,0.6505662891405729,1.0,3906,41,1339,60497,31204,130899,130140
S2,none,87,76x79,0,6.0,15.0,1.08,0.85,0.001,0.75,0.35,,,,0,500,24.0,False,1464.0,20000,20000.0,3889,3889,0.6477348434377082,1.0,3889,33,1437,61282,31715,131504,130826
S2,none,84,76x79,0,6.0,15.0,1.08,0.85,0.001,0.75,0.35,,,,0,500,24.0,False,1680.0,20000,20000.0,3899,3899,0.649400399733511,1.0,3899,46,1650,70686,36995,149798,149343
S2,none,85,76x79,0,6.0,15.0,1.08,0.85,0.001,0.75,0.35,,,,0,500,24.0,False,1632.0,20000,20000.0,3902,3902,0.6499000666222519,1.0,3902,35,1706,67026,34008,136982,136586
S2,none,88,76x79,0,6.0,15.0,1.08,0.85,0.001,0.75,0.35,,,,0,500,24.0,False,1560.0,20000,20000.0,3894,3894,0.6485676215856095,1.0,3894,35,1597,67322,35225,145081,144568
S2,none,91,76x79,0,6.0,15.0,1.08,0.85,0.001,0.75,0.35,,,,0,500,24.0,False,1704.0,20000,20000.0,3887,3887,0.6474017321785477,1.0,3887,44,1440,62705,32522,140958,140281
S2,none,90,76x79,0,6.0,15.0,1.08,0.85,0.001,0.75,0.35,,,,0,500,24.0,False,1176.0,20000,20000.0,3903,3903,0.6500666222518321,1.0,3903,32,1263,53695,27438,115827,114989
S2,none,93,76x79,0,6.0,15.0,1.08,0.85,0.001,0.75,0.35,,,,0,500,24.0,False,2520.0,20000,20000.0,3903,3903,0.6500666222518321,1.0,3903,57,1387,60734,33593,155646,154932
S2,none,92,76x79,0,6.0,15.0,1.08,0.85,0.001,0.75,0.35,,,,0,500,24.0,False,1800.0,20000,20000.0,3895,3895,0.6487341772151899,1.0,3895,34,1352,57002,29902,132028,131271
S2,none,99,76x79,0,6.0,15.0,1.08,0.85,0.001,0.75,0.35,,,,0,500,24.0,False,1872.0,20000,20000.0,3882,3882,0.6465689540306462,1.0,3882,44,1755,66993,35747,151398,151031
S2,none,95,76x79,0,6.0,15.0,1.08,0.85,0.001,0.75,0.35,,,,0,500,24.0,False,1656.0,20000,20000.0,3907,3907,0.6507328447701533,1.0,3907,38,1609,66943,34489,141170,140682
S2,none,96,76x79,0,6.0,15.0,1.08,0.85,0.001,0.75,0.35,,,,0,500,24.0,False,1248.0,20000,20000.0,3895,3895,0.6487341772151899,1.0,3895,44,1396,58552,30026,122960,122247
S2,none,97,76x79,0,6.0,15.0,1.08,0.85,0.001,0.75,0.35,,,,0,500,24.0,False,1704.0,20000,20000.0,3894,3894,0.6485676215856095,1.0,3894,36,1484,62127,31492,130783,130157
S2,none,94,76x79,0,6.0,15.0,1.08,0.85,0.001,0.75,0.35,,,,0,500,24.0,False,1056.0,20000,20000.0,3908,3908,0.6508994003997335,1.0,3908,34,1231,53205,26636,108958,108093
S2,none,98,76x79,0,6.0,15.0,1.08,0.85,0.001,0.75,0.35,,,,0,500,24.0,False,1320.0,20000,20000.0,3891,3891,0.6480679546968687,1.0,3891,26,1501,61034,30860,128139,127527
S2,none,0,76x79,0,6.0,15.0,1.08,0.85,0.001,0.75,0.4,,,,0,500,24.0,False,1656.0,20000,20000.0,3897,3897,0.6490672884743505,1.0,3897,32,1206,46891,30162,116095,115194
S2,none,6,76x79,0,6.0,15.0,1.08,0.85,0.001,0.75,0.4,,,,0,500,24.0,False,1344.0,20000,20000.0,3911,3911,0.6513990672884743,1.0,3911,26,1279,47044,30090,111330,110516
S2,none,1,76x79,0,6.0,15.0,1.08,0.85,0.001,0.75,0.4,,,,0,500,24.0,False,1656.0,20000,20000.0,3901,3901,0.6497335109926715,1.0,3901,37,1230,48973,31502,120152,119279
S2,none,3,76x79,0,6.0,15.0,1.08,0.85,0.001,0.75,0.4,,,,0,500,24.0,False,936.0,20000,20000.0,3912,3912,0.6515656229180546,1.0,3912,29,1178,43331,26838,99013,98099
S2,none,2,76x79,0,6.0,15.0,1.08,0.85,0.001,0.75,0.4,,,,0,500,24.0,False,1368.0,20000,20000.0,3914,3914,0.6518987341772152,1.0,3914,31,1308,52901,33720,126166,125384
S2,none,4,76x79,0,6.0,15.0,1.08,0.85,0.001,0.75,0.4,,,,0,500,24.0,False,1128.0,20000,20000.0,3908,3908,0.6508994003997335,1.0,3908,31,1387,49438,30909,108543,107834
S2,none,5,76x79,0,6.0,15.0,1.08,0.85,0.001,0.75,0.4,,,,0,500,24.0,False,1128.0,20000,20000.0,3914,3914,0.6518987341772152,1.0,3914,33,1221,48403,29862,106595,105726
S2,none,7,76x79,0,6.0,15.0,1.08,0.85,0.001,0.75,0.4,,,,0,500,24.0,False,1056.0,20000,20000.0,3902,3902,0.6499000666222519,1.0,3902,30,1355,54091,34223,121491,120744
S2,none,10,76x79,0,6.0,15.0,1.08,0.85,0.001,0.75,0.4,,,,0,500,24.0,False,1656.0,20000,20000.0,3904,3904,0.6502331778814124,1.0,3904,37,1139,46455,29998,117332,116371
S2,none,14,76x79,0,6.0,15.0,1.08,0.85,0.001,0.75,0.4,,,,0,500,24.0,False,1632.0,20000,20000.0,3900,3900,0.6495669553630913,1.0,3900,28,1360,48358,30750,117593,116849
S2,none,15,76x79,0,6.0,15.0,1.08,0.85,0.001,0.75,0.4,,,,0,500,24.0,False,1632.0,20000,20000.0,3897,3897,0.6490672884743505,1.0,3897,34,1365,50621,32003,121842,121100
S2,none,11,76x79,0,6.0,15.0,1.08,0.85,0.001,0.75,0.4,,,,0,500,24.0,False,1056.0,20000,20000.0,3906,3906,0.6505662891405729,1.0,3906,28,1206,45285,28060,102909,102017
S2,none,13,76x79,0,6.0,15.0,1.08,0.85,0.001,0.75,0.4,,,,0,500,24.0,False,1224.0,20000,20000.0,3902,3902,0.6499000666222519,1.0,3902,31,1371,54010,33885,118731,118000
S2,none,9,76x79,0,6.0,15.0,1.08,0.85,0.001,0.75,0.4,,,,0,500,24.0,False,888.0,20000,20000.0,3908,3908,0.6508994003997335,1.0,3908,33,1396,48960,30682,109958,109258
S2,none,12,76x79,0,6.0,15.0,1.08,0.85,0.001,0.75,0.4,,,,0,500,24.0,False,1176.0,20000,20000.0,3906,3906,0.6505662891405729,1.0,3906,26,1171,45954,28772,104526,103599
S2,none,8,76x79,0,6.0,15.0,1.08,0.85,0.001,0.75,0.4,,,,0,500,24.0,False,1320.0,20000,20000.0,3919,3919,0.6527315123251166,1.0,3919,30,1227,49744,31472,115264,114406
S2,none,23,76x79,0,6.0,15.0,1.08,0.85,0.001,0.75,0.4,,,,0,500,24.0,False,1320.0,20000,20000.0,3901,3901,0.6497335109926715,1.0,3901,37,1083,41075,25740,101123,100103
S2,none,19,76x79,0,6.0,15.0,1.08,0.85,0.001,0.75,0.4,,,,0,500,24.0,False,1344.0,20000,20000.0,3906,3906,0.6505662891405729,1.0,3906,28,1227,45755,28712,107728,106857
S2,none,17,76x79,0,6.0,15.0,1.08,0.85,0.001,0.75,0.4,,,,0,500,24.0,False,1800.0,20000,20000.0,3893,3893,0.6484010659560293,1.0,3893,47,1115,45334,29483,117227,116231
S2,none,16,76x79,0,6.0,15.0,1.08,0.85,0.001,0.75,0.4,,,,0,500,24.0,False,1272.0,20000,20000.0,3915,3915,0.6520652898067955,1.0,3915,34,1097,45699,29198,109466,108474
S2,none,21,76x79,0,6.0,15.0,1.08,0.85,0.001,0.75,0.4,,,,0,500,24.0,False,1152.0,20000,20000.0,3922,3922,0.6532311792138574,1.0,3922,28,1193,46465,28877,105694,104805
S2,none,20,76x79,0,6.0,15.0,1.08,0.85,0.001,0.75,0.4,,,,0,500,24.0,False,1560.0,20000,20000.0,3905,3905,0.6503997335109927,1.0,3905,36,1184,48929,31117,116941,116026
S2,none,22,76x79,0,6.0,15.0,1.08,0.85,0.001,0.75,0.4,,,,0,500,24.0,False,1056.0,20000,20000.0,3910,3910,0.6512325116588941,1.0,3910,23,1175,43890,26856,97973,97054
S2,none,18,76x79,0,6.0,15.0,1.08,0.85,0.001,0.75,0.4,,,,0,500,24.0,False,1200.0,20000,20000.0,3921,3921,0.6530646235842772,1.0,3921,37,1192,48322,30365,109725,108834
S2,none,24,76x79,0,6.0,15.0,1.08,0.85,0.001,0.75,0.4,,,,0,500,24.0,False,1392.0,20000,20000.0,3893,3893,0.6484010659560293,1.0,3893,43,1333,48029,30752,115454,114676
S2,none,25,76x79,0,6.0,15.0,1.08,0.85,0.001,0.75,0.4,,,,0,500,24.0,False,1320.0,20000,20000.0,3911,3911,0.6513990672884743,1.0,3911,37,1162,47045,30064,114325,113394
S2,none,28,76x79,0,6.0,15.0,1.08,0.85,0.001,0.75,0.4,,,,0,500,24.0,False,1536.0,20000,20000.0,3904,3904,0.6502331778814124,1.0,3904,38,1267,46261,29905,114621,113788
S2,none,26,76x79,0,6.0,15.0,1.08,0.85,0.001,0.75,0.4,,,,0,500,24.0,False,1872.0,20000,20000.0,3896,3896,0.6489007328447701,1.0,3896,50,1220,50941,33197,131059,130171
S2,none,29,76x79,0,6.0,15.0,1.08,0.85,0.001,0.75,0.4,,,,0,500,24.0,False,1368.0,20000,20000.0,3914,3914,0.6518987341772152,1.0,3914,32,1238,48901,31068,115893,115041
S2,none,27,76x79,0,6.0,15.0,1.08,0.85,0.001,0.75,0.4,,,,0,500,24.0,False,1056.0,20000,20000.0,3908,3908,0.6508994003997335,1.0,3908,25,1126,50015,31056,110086,109116
S2,none,30,76x79,0,6.0,15.0,1.08,0.85,0.001,0.75,0.4,,,,0,500,24.0,False,1008.0,20000,20000.0,3905,3905,0.6503997335109927,1.0,3905,27,1251,45901,27722,97930,97082
S2,none,31,76x79,0,6.0,15.0,1.08,0.85,0.001,0.75,0.4,,,,0,500,24.0,False,960.0,20000,20000.0,3909,3909,0.6510659560293138,1.0,3909,25,1233,47554,29601,106251,105389
S2,none,32,76x79,0,6.0,15.0,1.08,0.85,0.001,0.75,0.4,,,,0,500,24.0,False,1560.0,20000,20000.0,3918,3918,0.6525649566955363,1.0,3918,42,1444,52622,33511,125552,124910
S2,none,36,76x79,0,6.0,15.0,1.08,0.85,0.001,0.75,0.4,,,,0,500,24.0,False,1536.0,20000,20000.0,3916,3916,0.6522318454363758,1.0,3916,26,1193,46116,29541,113807,112912
S2,none,33,76x79,0,6.0,15.0,1.08,0.85,0.001,0.75,0.4,,,,0,500,24.0,False,1152.0,20000,20000.0,3894,3894,0.6485676215856095,1.0,3894,32,1196,45992,28970,108797,107883
S2,none,34,76x79,0,6.0,15.0,1.08,0.85,0.001,0.75,0.4,,,,0,500,24.0,False,1272.0,20000,20000.0,3918,3918,0.6525649566955363,1.0,3918,23,1204,46597,29195,108075,107193
S2,none,37,76x79,0,6.0,15.0,1.08,0.85,0.001,0.75,0.4,,,,0,500,24.0,False,1392.0,20000,20000.0,3894,3894,0.6485676215856095,1.0,3894,36,1346,51065,32368,119139,118375
S2,none,35,76x79,0,6.0,15.0,1.08,0.85,0.001,0.75,0.4,,,,0,500,24.0,False,1464.0,20000,20000.0,3901,3901,0.6497335109926715,1.0,3901,22,1481,50350,31821,116515,115893
S2,none,38,76x79,0,6.0,15.0,1.08,0.85,0.001,0.75,0.4,,,,0,500,24.0,False,1176.0,20000,20000.0,3908,3908,0.6508994003997335,1.0,3908,28,1301,51133,31456,111422,110627
S2,none,39,76x79,0,6.0,15.0,1.08,0.85,0.001,0.75,0.4,,,,0,500,24.0,False,1464.0,20000,20000.0,3918,3918,0.6525649566955363,1.0,3918,21,1090,44130,27734,105301,104305
S2,none,42,76x79,0,6.0,15.0,1.08,0.85,0.001,0.75,0.4,,,,0,500,24.0,False,1488.0,20000,20000.0,3916,3916,0.6522318454363758,1.0,3916,38,1414,51536,32566,121163,120489
S2,none,40,76x79,0,6.0,15.0,1.08,0.85,0.001,0.75,0.4,,,,0,500,24.0,False,912.0,20000,20000.0,3911,3911,0.6513990672884743,1.0,3911,25,1237,46698,28789,102426,101570
S2,none,43,76x79,0,6.0,15.0,1.08,0.85,0.001,0.75,0.4,,,,0,500,24.0,False,1080.0,20000,20000.0,3900,3900,0.6495669553630913,1.0,3900,22,1128,46365,29021,106530,105554
S2,none,41,76x79,0,6.0,15.0,1.08,0.85,0.001,0.75,0.4,,,,0,500,24.0,False,1416.0,20000,20000.0,3908,3908,0.6508994003997335,1.0,3908,31,1164,48452,30743,114718,113786
S2,none,44,76x79,0,6.0,15.0,1.08,0.85,0.001,0.75,0.4,,,,0,500,24.0,False,1248.0,20000,20000.0,3895,3895,0.6487341772151899,1.0,3895,43,1458,51183,32224,117479,116828
S2,none,46,76x79,0,6.0,15.0,1.08,0.85,0.001,0.75,0.4,,,,0,500,24.0,False,1104.0,20000,20000.0,3906,3906,0.6505662891405729,1.0,3906,29,1414,50982,31857,116148,115464
S2,none,45,76x79,0,6.0,15.0,1.08,0.85,0.001,0.75,0.4,,,,0,500,24.0,False,1008.0,20000,20000.0,3914,3914,0.6518987341772152,1.0,3914,23,1114,44950,27872,102845,101869
S2,none,47,76x79,0,6.0,15.0,1.08,0.85,0.001,0.75,0.4,,,,0,500,24.0,False,1032.0,20000,20000.0,3918,3918,0.6525649566955363,1.0,3918,37,1329,52406,32957,115562,114805
S2,none,48,76x79,0,6.0,15.0,1.08,0.85,0.001,0.75,0.4,,,,0,500,24.0,False,1560.0,20000,20000.0,3915,3915,0.6520652898067955,1.0,3915,27,1131,45714,29449,113631,112673
S2,none,49,76x79,0,6.0,15.0,1.08,0.85,0.001,0.75,0.4,,,,0,500,24.0,False,1584.0,20000,20000.0,3904,3904,0.6502331778814124,1.0,3904,28,1240,47947,30740,119170,118310
S2,none,51,76x79,0,6.0,15.0,1.08,0.85,0.001,0.75,0.4,,,,0,500,24.0,False,1512.0,20000,20000.0,3898,3898,0.6492338441039307,1.0,3898,35,1212,44553,28440,113578,112684
S2,none,53,76x79,0,6.0,15.0,1.08,0.85,0.001,0.75,0.4,,,,0,500,24.0,False,1584.0,20000,20000.0,3901,3901,0.6497335109926715,1.0,3901,35,1398,51697,33413,125198,124493
S2,none,50,76x79,0,6.0,15.0,1.08,0.85,0.001,0.75,0.4,,,,0,500,24.0,False,960.0,20000,20000.0,3921,3921,0.6530646235842772,1.0,3921,30,1028,44974,27970,101694,100639
S2,none,54,76x79,0,6.0,15.0,1.08,0.85,0.001,0.75,0.4,,,,0,500,24.0,False,1368.0,20000,20000.0,3906,3906,0.6505662891405729,1.0,3906,47,1478,59385,38401,136174,135554
S2,none,52,76x79,0,6.0,15.0,1.08,0.85,0.001,0.75,0.4,,,,0,500,24.0,False,1032.0,20000,20000.0,3896,3896,0.6489007328447701,1.0,3896,15,1323,51369,31696,109692,108907
S2,none,55,76x79,0,6.0,15.0,1.08,0.85,0.001,0.75,0.4,,,,0,500,24.0,False,1152.0,20000,20000.0,3916,3916,0.6522318454363758,1.0,3916,27,1367,51343,31493,115413,114692
S2,none,62,76x79,0,6.0,15.0,1.08,0.85,0.001,0.75,0.4,,,,0,500,24.0,False,2256.0,20000,20000.0,3905,3905,0.6503997335109927,1.0,3905,52,1500,52376,35237,142545,141946
S2,none,56,76x79,0,6.0,15.0,1.08,0.85,0.001,0.75,0.4,,,,0,500,24.0,False,1440.0,20000,20000.0,3925,3925,0.6537308461025982,1.0,3925,45,1231,48286,30258,114671,113823
S2,none,61,76x79,0,6.0,15.0,1.08,0.85,0.001,0.75,0.4,,,,0,500,24.0,False,1512.0,20000,20000.0,3900,3900,0.6495669553630913,1.0,3900,26,1159,50250,32136,120289,119344
S2,none,60,76x79,0,6.0,15.0,1.08,0.85,0.001,0.75,0.4,,,,0,500,24.0,False,1056.0,20000,20000.0,3916,3916,0.6522318454363758,1.0,3916,27,1188,48622,30339,109630,108730
S2,none,59,76x79,0,6.0,15.0,1.08,0.85,0.001,0.75,0.4,,,,0,500,24.0,False,1080.0,20000,20000.0,3910,3910,0.6512325116588941,1.0,3910,28,1288,45847,28489,102202,101396
S2,none,58,76x79,0,6.0,15.0,1.08,0.85,0.001,0.75,0.4,,,,0,500,24.0,False,1248.0,20000,20000.0,3912,3912,0.6515656229180546,1.0,3912,30,1076,45344,28533,105924,104908
S2,none,57,76x79,0,6.0,15.0,1.08,0.85,0.001,0.75,0.4,,,,0,500,24.0,False,936.0,20000,20000.0,3906,3906,0.6505662891405729,1.0,3906,28,1073,44072,27032,99213,98188
S2,none,63,76x79,0,6.0,15.0,1.08,0.85,0.001,0.75,0.4,,,,0,500,24.0,False,1056.0,20000,20000.0,3906,3906,0.6505662891405729,1.0,3906,37,1448,55253,34626,119661,119011
S2,none,70,76x79,0,6.0,15.0,1.08,0.85,0.001,0.75,0.4,,,,0,500,24.0,False,1512.0,20000,20000.0,3910,3910,0.6512325116588941,1.0,3910,35,1234,46714,30144,114163,113303
S2,none,65,76x79,0,6.0,15.0,1.08,0.85,0.001,0.75,0.4,,,,0,500,24.0,False,1632.0,20000,20000.0,3913,3913,0.6517321785476349,1.0,3913,37,1181,44973,28867,115494,114584
S2,none,67,76x79,0,6.0,15.0,1.08,0.85,0.001,0.75,0.4,,,,0,500,24.0,False,1584.0,20000,20000.0,3916,3916,0.6522318454363758,1.0,3916,35,1388,51696,32672,121318,120618
S2,none,69,76x79,0,6.0,15.0,1.08,0.85,0.001,0.75,0.4,,,,0,500,24.0,False,1176.0,20000,20000.0,3904,3904,0.6502331778814124,1.0,3904,22,1102,40998,25328,98066,97068
S2,none,66,76x79,0,6.0,15.0,1.08,0.85,0.001,0.75,0.4,,,,0,500,24.0,False,1536.0,20000,20000.0,3906,3906,0.6505662891405729,1.0,3906,28,1306,51927,32829,121891,121099
S2,none,71,76x79,0,6.0,15.0,1.08,0.85,0.001,0.75,0.4,,,,0,500,24.0,False,1464.0,20000,20000.0,3908,3908,0.6508994003997335,1.0,3908,28,1148,51823,32531,118953,118005
S2,none,64,76x79,0,6.0,15.0,1.08,0.85,0.001,0.75,0.4,,,,0,500,24.0,False,1224.0,20000,20000.0,3907,3907,0.6507328447701533,1.0,3907,21,1391,51805,32184,114042,113336
S2,none,68,76x79,0,6.0,15.0,1.08,0.85,0.001,0.75,0.4,,,,0,500,24.0,False,1416.0,20000,20000.0,3903,3903,0.6500666222518321,1.0,3903,29,1186,47025,29623,110015,109100
S2,none,73,76x79,0,6.0,15.0,1.08,0.85,0.001,0.75,0.4,,,,0,500,24.0,False,1296.0,20000,20000.0,3911,3911,0.6513990672884743,1.0,3911,41,1039,40953,25805,102570,101516
S2,none,74,76x79,0,6.0,15.0,1.08,0.85,0.001,0.75,0.4,,,,0,500,24.0,False,1464.0,20000,20000.0,3906,3906,0.6505662891405729,1.0,3906,39,1400,55271,35511,130500,129802
S2,none,79,76x79,0,6.0,15.0,1.08,0.85,0.001,0.75,0.4,,,,0,500,24.0,False,1704.0,20000,20000.0,3905,3905,0.6503997335109927,1.0,3905,38,1427,54286,35415,134037,133365
S2,none,78,76x79,0,6.0,15.0,1.08,0.85,0.001,0.75,0.4,,,,0,500,24.0,False,1080.0,20000,20000.0,3907,3907,0.6507328447701533,1.0,3907,35,1486,53927,34600,123429,122818
S2,none,72,76x79,0,6.0,15.0,1.08,0.85,0.001,0.75,0.4,,,,0,500,24.0,False,1440.0,20000,20000.0,3908,3908,0.6508994003997335,1.0,3908,33,1196,44787,28134,108035,107135
S2,none,75,76x79,0,6.0,15.0,1.08,0.85,0.001,0.75,0.4,,,,0,500,24.0,False,1272.0,20000,20000.0,3892,3892,0.6482345103264491,1.0,3892,30,1278,50315,31912,115539,114705
S2,none,76,76x79,0,6.0,15.0,1.08,0.85,0.001,0.75,0.4,,,,0,500,24.0,False,1512.0,20000,20000.0,3908,3908,0.6508994003997335,1.0,3908,31,1230,48646,30775,114538,113672
S2,none,77,76x79,0,6.0,15.0,1.08,0.85,0.001,0.75,0.4,,,,0,500,24.0,False,1080.0,20000,20000.0,3903,3903,0.6500666222518321,1.0,3903,26,1327,48876,30125,110336,109562
S2,none,84,76x79,0,6.0,15.0,1.08,0.85,0.001,0.75,0.4,,,,0,500,24.0,False,1200.0,20000,20000.0,3904,3904,0.6502331778814124,1.0,3904,37,1125,44311,27858,104898,103923
S2,none,80,76x79,0,6.0,15.0,1.08,0.85,0.001,0.75,0.4,,,,0,500,24.0,False,1344.0,20000,20000.0,3917,3917,0.652398401065956,1.0,3917,45,1331,53113,33900,124961,124205
S2,none,86,76x79,0,6.0,15.0,1.08,0.85,0.001,0.75,0.4,,,,0,500,24.0,False,1680.0,20000,20000.0,3899,3899,0.649400399733511,1.0,3899,32,1063,47326,30680,118279,117237
S2,none,82,76x79,0,6.0,15.0,1.08,0.85,0.001,0.75,0.4,,,,0,500,24.0,False,1560.0,20000,20000.0,3915,3915,0.6520652898067955,1.0,3915,37,1242,49567,31958,122747,121900
S2,none,85,76x79,0,6.0,15.0,1.08,0.85,0.001,0.75,0.4,,,,0,500,24.0,False,1320.0,20000,20000.0,3906,3906,0.6505662891405729,1.0,3906,25,1170,44352,27683,104282,103354
S2,none,81,76x79,0,6.0,15.0,1.08,0.85,0.001,0.75,0.4,,,,0,500,24.0,False,1440.0,20000,20000.0,3920,3920,0.6528980679546968,1.0,3920,37,1069,44674,28007,107027,106012
S2,none,87,76x79,0,6.0,15.0,1.08,0.85,0.001,0.75,0.4,,,,0,500,24.0,False,1632.0,20000,20000.0,3893,3893,0.6484010659560293,1.0,3893,43,1486,53669,34639,129084,128459
S2,none,83,76x79,0,6.0,15.0,1.08,0.85,0.001,0.75,0.4,,,,0,500,24.0,False,1032.0,20000,20000.0,3921,3921,0.6530646235842772,1.0,3921,23,1119,43161,27003,99192,98228
S2,none,89,76x79,0,6.0,15.0,1.08,0.85,0.001,0.75,0.4,,,,0,500,24.0,False,1560.0,20000,20000.0,3918,3918,0.6525649566955363,1.0,3918,29,1255,47094,30342,115097,114266
S2,none,88,76x79,0,6.0,15.0,1.08,0.85,0.001,0.75,0.4,,,,0,500,24.0,False,1320.0,20000,20000.0,3913,3913,0.6517321785476349,1.0,3913,34,1218,47291,29459,110579,109706
S2,none,93,76x79,0,6.0,15.0,1.08,0.85,0.001,0.75,0.4,,,,0,500,24.0,False,1152.0,20000,20000.0,3917,3917,0.652398401065956,1.0,3917,20,1189,44475,27478,100169,99271
S2,none,91,76x79,0,6.0,15.0,1.08,0.85,0.001,0.75,0.4,,,,0,500,24.0,False,1704.0,20000,20000.0,3908,3908,0.6508994003997335,1.0,3908,30,1404,52600,34118,128821,128129
S2,none,95,76x79,0,6.0,15.0,1.08,0.85,0.001,0.75,0.4,,,,0,500,24.0,False,1248.0,20000,20000.0,3906,3906,0.6505662891405729,1.0,3906,34,1183,48302,30723,114018,113103
S2,none,92,76x79,0,6.0,15.0,1.08,0.85,0.001,0.75,0.4,,,,0,500,24.0,False,1320.0,20000,20000.0,3912,3912,0.6515656229180546,1.0,3912,35,1078,44335,28319,107911,106897
S2,none,94,76x79,0,6.0,15.0,1.08,0.85,0.001,0.75,0.4,,,,0,500,24.0,False,1296.0,20000,20000.0,3905,3905,0.6503997335109927,1.0,3905,32,1035,41853,25984,101316,100252
S2,none,90,76x79,0,6.0,15.0,1.08,0.85,0.001,0.75,0.4,,,,0,500,24.0,False,912.0,20000,20000.0,3913,3913,0.6517321785476349,1.0,3913,29,1049,44145,26974,99126,98084
S2,none,96,76x79,0,6.0,15.0,1.08,0.85,0.001,0.75,0.4,,,,0,500,24.0,False,1272.0,20000,20000.0,3906,3906,0.6505662891405729,1.0,3906,28,1253,45397,28182,104177,103332
S2,none,97,76x79,0,6.0,15.0,1.08,0.85,0.001,0.75,0.4,,,,0,500,24.0,False,1296.0,20000,20000.0,3903,3903,0.6500666222518321,1.0,3903,37,1623,53742,34811,129591,129113
S2,none,98,76x79,0,6.0,15.0,1.08,0.85,0.001,0.75,0.4,,,,0,500,24.0,False,1224.0,20000,20000.0,3910,3910,0.6512325116588941,1.0,3910,24,1283,47987,30015,109386,108575
S2,none,1,76x79,0,6.0,15.0,1.08,0.85,0.001,0.75,0.45,,,,0,500,24.0,False,1416.0,20000,20000.0,3921,3921,0.6530646235842772,1.0,3921,34,1184,39080,30519,104449,103550
S2,none,99,76x79,0,6.0,15.0,1.08,0.85,0.001,0.75,0.4,,,,0,500,24.0,False,1056.0,20000,20000.0,3919,3919,0.6527315123251166,1.0,3919,37,1261,47620,29784,107924,107100
S2,none,0,76x79,0,6.0,15.0,1.08,0.85,0.001,0.75,0.45,,,,0,500,24.0,False,984.0,20000,20000.0,3919,3919,0.6527315123251166,1.0,3919,21,1000,37137,28261,92955,91870
S2,none,2,76x79,0,6.0,15.0,1.08,0.85,0.001,0.75,0.45,,,,0,500,24.0,False,1224.0,20000,20000.0,3927,3927,0.6540639573617588,1.0,3927,29,1211,40321,31203,104432,103566
S2,none,3,76x79,0,6.0,15.0,1.08,0.85,0.001,0.75,0.45,,,,0,500,24.0,False,672.0,20000,20000.0,3925,3925,0.6537308461025982,1.0,3925,24,959,33821,25664,87797,86677
S2,none,5,76x79,0,6.0,15.0,1.08,0.85,0.001,0.75,0.45,,,,0,500,24.0,False,1104.0,20000,20000.0,3916,3916,0.6522318454363758,1.0,3916,24,1119,36873,27591,92318,91349
S2,none,6,76x79,0,6.0,15.0,1.08,0.85,0.001,0.75,0.45,,,,0,500,24.0,False,1224.0,20000,20000.0,3916,3916,0.6522318454363758,1.0,3916,29,1146,35899,27817,93666,92724
S2,none,4,76x79,0,6.0,15.0,1.08,0.85,0.001,0.75,0.45,,,,0,500,24.0,False,792.0,20000,20000.0,3918,3918,0.6525649566955363,1.0,3918,14,1047,36302,27335,87623,86584
S2,none,10,76x79,0,6.0,15.0,1.08,0.85,0.001,0.75,0.45,,,,0,500,24.0,False,1296.0,20000,20000.0,3914,3914,0.6518987341772152,1.0,3914,24,953,33650,26177,91960,90823
S2,none,9,76x79,0,6.0,15.0,1.08,0.85,0.001,0.75,0.45,,,,0,500,24.0,False,864.0,20000,20000.0,3927,3927,0.6540639573617588,1.0,3927,24,1028,37619,28547,91579,90530
S2,none,8,76x79,0,6.0,15.0,1.08,0.85,0.001,0.75,0.45,,,,0,500,24.0,False,1152.0,20000,20000.0,3921,3921,0.6530646235842772,1.0,3921,31,979,36712,28339,94701,93597
S2,none,7,76x79,0,6.0,15.0,1.08,0.85,0.001,0.75,0.45,,,,0,500,24.0,False,816.0,20000,20000.0,3921,3921,0.6530646235842772,1.0,3921,20,1093,36939,27826,87842,86852
S2,none,11,76x79,0,6.0,15.0,1.08,0.85,0.001,0.75,0.45,,,,0,500,24.0,False,792.0,20000,20000.0,3923,3923,0.6533977348434377,1.0,3923,25,1158,40977,30899,96905,95982
S2,none,14,76x79,0,6.0,15.0,1.08,0.85,0.001,0.75,0.45,,,,0,500,24.0,False,1224.0,20000,20000.0,3917,3917,0.652398401065956,1.0,3917,20,955,37823,28902,96766,95634
S2,none,13,76x79,0,6.0,15.0,1.08,0.85,0.001,0.75,0.45,,,,0,500,24.0,False,888.0,20000,20000.0,3926,3926,0.6538974017321786,1.0,3926,19,951,31868,23575,78879,77752
S2,none,18,76x79,0,6.0,15.0,1.08,0.85,0.001,0.75,0.45,,,,0,500,24.0,False,1200.0,20000,20000.0,3912,3912,0.6515656229180546,1.0,3912,36,1125,36465,28061,95256,94289
S2,none,12,76x79,0,6.0,15.0,1.08,0.85,0.001,0.75,0.45,,,,0,500,24.0,False,1032.0,20000,20000.0,3923,3923,0.6533977348434377,1.0,3923,23,1180,38161,28948,92873,91972
S2,none,16,76x79,0,6.0,15.0,1.08,0.85,0.001,0.75,0.45,,,,0,500,24.0,False,1056.0,20000,20000.0,3917,3917,0.652398401065956,1.0,3917,21,1183,40005,30004,96329,95425
S2,none,19,76x79,0,6.0,15.0,1.08,0.85,0.001,0.75,0.45,,,,0,500,24.0,False,1320.0,20000,20000.0,3919,3919,0.6527315123251166,1.0,3919,35,1282,41101,31804,105532,104729
S2,none,17,76x79,0,6.0,15.0,1.08,0.85,0.001,0.75,0.45,,,,0,500,24.0,False,1128.0,20000,20000.0,3927,3927,0.6540639573617588,1.0,3927,25,988,35230,27001,95437,94348
S2,none,15,76x79,0,6.0,15.0,1.08,0.85,0.001,0.75,0.45,,,,0,500,24.0,False,1080.0,20000,20000.0,3914,3914,0.6518987341772152,1.0,3914,22,1126,39646,30062,100030,99066
S2,none,20,76x79,0,6.0,15.0,1.08,0.85,0.001,0.75,0.45,,,,0,500,24.0,False,1128.0,20000,20000.0,3911,3911,0.6513990672884743,1.0,3911,33,1280,41678,32649,107914,107101
S2,none,25,76x79,0,6.0,15.0,1.08,0.85,0.001,0.75,0.45,,,,0,500,24.0,False,1224.0,20000,20000.0,3912,3912,0.6515656229180546,1.0,3912,21,940,35647,27769,95815,94663
S2,none,21,76x79,0,6.0,15.0,1.08,0.85,0.001,0.75,0.45,,,,0,500,24.0,False,1056.0,20000,20000.0,3930,3930,0.6545636242504996,1.0,3930,29,900,32288,24444,85409,84235
S2,none,26,76x79,0,6.0,15.0,1.08,0.85,0.001,0.75,0.45,,,,0,500,24.0,False,1512.0,20000,20000.0,3913,3913,0.6517321785476349,1.0,3913,35,1244,41008,32498,111271,110424
S2,none,24,76x79,0,6.0,15.0,1.08,0.85,0.001,0.75,0.45,,,,0,500,24.0,False,960.0,20000,20000.0,3919,3919,0.6527315123251166,1.0,3919,24,946,36515,27750,90593,89454
S2,none,22,76x79,0,6.0,15.0,1.08,0.85,0.001,0.75,0.45,,,,0,500,24.0,False,864.0,20000,20000.0,3924,3924,0.653564290473018,1.0,3924,14,1016,34678,25924,84442,83378
S2,none,23,76x79,0,6.0,15.0,1.08,0.85,0.001,0.75,0.45,,,,0,500,24.0,False,1272.0,20000,20000.0,3920,3920,0.6528980679546968,1.0,3920,40,962,35441,27531,95570,94448
S2,none,27,76x79,0,6.0,15.0,1.08,0.85,0.001,0.75,0.45,,,,0,500,24.0,False,1176.0,20000,20000.0,3926,3926,0.6538974017321786,1.0,3926,18,1193,40358,31025,100854,99969
S2,none,28,76x79,0,6.0,15.0,1.08,0.85,0.001,0.75,0.45,,,,0,500,24.0,False,1152.0,20000,20000.0,3921,3921,0.6530646235842772,1.0,3921,35,1099,36814,28418,96008,95024
S2,none,34,76x79,0,6.0,15.0,1.08,0.85,0.001,0.75,0.45,,,,0,500,24.0,False,1032.0,20000,20000.0,3914,3914,0.6518987341772152,1.0,3914,26,1091,36833,28274,96623,95624
S2,none,31,76x79,0,6.0,15.0,1.08,0.85,0.001,0.75,0.45,,,,0,500,24.0,False,768.0,20000,20000.0,3920,3920,0.6528980679546968,1.0,3920,26,1065,34997,25825,85848,84829
S2,none,32,76x79,0,6.0,15.0,1.08,0.85,0.001,0.75,0.45,,,,0,500,24.0,False,1008.0,20000,20000.0,3927,3927,0.6540639573617588,1.0,3927,32,1029,35333,26749,91732,90684
S2,none,29,76x79,0,6.0,15.0,1.08,0.85,0.001,0.75,0.45,,,,0,500,24.0,False,1536.0,20000,20000.0,3906,3906,0.6505662891405729,1.0,3906,44,1307,42171,33282,114556,113765
S2,none,30,76x79,0,6.0,15.0,1.08,0.85,0.001,0.75,0.45,,,,0,500,24.0,False,912.0,20000,20000.0,3921,3921,0.6530646235842772,1.0,3921,23,1192,36611,27311,88641,87750
S2,none,33,76x79,0,6.0,15.0,1.08,0.85,0.001,0.75,0.45,,,,0,500,24.0,False,912.0,20000,20000.0,3930,3930,0.6545636242504996,1.0,3930,20,1130,39079,29512,95223,94279
S2,none,35,76x79,0,6.0,15.0,1.08,0.85,0.001,0.75,0.45,,,,0,500,24.0,False,1008.0,20000,20000.0,3912,3912,0.6515656229180546,1.0,3912,20,1236,39835,30005,95448,94592
S2,none,41,76x79,0,6.0,15.0,1.08,0.85,0.001,0.75,0.45,,,,0,500,24.0,False,1152.0,20000,20000.0,3911,3911,0.6513990672884743,1.0,3911,27,1139,37338,28521,94514,93560
S2,none,36,76x79,0,6.0,15.0,1.08,0.85,0.001,0.75,0.45,,,,0,500,24.0,False,792.0,20000,20000.0,3923,3923,0.6533977348434377,1.0,3923,17,934,33966,25543,85176,84029
S2,none,39,76x79,0,6.0,15.0,1.08,0.85,0.001,0.75,0.45,,,,0,500,24.0,False,1032.0,20000,20000.0,3904,3904,0.6502331778814124,1.0,3904,28,1029,35380,26948,91740,90669
S2,none,42,76x79,0,6.0,15.0,1.08,0.85,0.001,0.75,0.45,,,,0,500,24.0,False,1272.0,20000,20000.0,3924,3924,0.653564290473018,1.0,3924,29,1139,37096,28538,99282,98341
S2,none,40,76x79,0,6.0,15.0,1.08,0.85,0.001,0.75,0.45,,,,0,500,24.0,False,864.0,20000,20000.0,3917,3917,0.652398401065956,1.0,3917,16,1216,40368,30497,98406,97535
S2,none,37,76x79,0,6.0,15.0,1.08,0.85,0.001,0.75,0.45,,,,0,500,24.0,False,1272.0,20000,20000.0,3923,3923,0.6533977348434377,1.0,3923,30,1007,35271,26921,93245,92171
S2,none,38,76x79,0,6.0,15.0,1.08,0.85,0.001,0.75,0.45,,,,0,500,24.0,False,1056.0,20000,20000.0,3930,3930,0.6545636242504996,1.0,3930,32,1030,36309,27689,92387,91343
S2,none,43,76x79,0,6.0,15.0,1.08,0.85,0.001,0.75,0.45,,,,0,500,24.0,False,888.0,20000,20000.0,3928,3928,0.654230512991339,1.0,3928,28,1183,37495,28070,89612,88719
S2,none,49,76x79,0,6.0,15.0,1.08,0.85,0.001,0.75,0.45,,,,0,500,24.0,False,1608.0,20000,20000.0,3918,3918,0.6525649566955363,1.0,3918,24,1075,36822,28717,102983,101972
S2,none,45,76x79,0,6.0,15.0,1.08,0.85,0.001,0.75,0.45,,,,0,500,24.0,False,1224.0,20000,20000.0,3922,3922,0.6532311792138574,1.0,3922,36,1093,38255,29487,99301,98312
S2,none,44,76x79,0,6.0,15.0,1.08,0.85,0.001,0.75,0.45,,,,0,500,24.0,False,768.0,20000,20000.0,3920,3920,0.6528980679546968,1.0,3920,16,977,36014,27272,86638,85531
S2,none,46,76x79,0,6.0,15.0,1.08,0.85,0.001,0.75,0.45,,,,0,500,24.0,False,888.0,20000,20000.0,3926,3926,0.6538974017321786,1.0,3926,26,1187,40913,31095,98869,97978
S2,none,48,76x79,0,6.0,15.0,1.08,0.85,0.001,0.75,0.45,,,,0,500,24.0,False,1008.0,20000,20000.0,3929,3929,0.6543970686209194,1.0,3929,29,1136,37768,28122,93896,92957
S2,none,51,76x79,0,6.0,15.0,1.08,0.85,0.001,0.75,0.45,,,,0,500,24.0,False,1128.0,20000,20000.0,3932,3932,0.6548967355096602,1.0,3932,31,915,31234,23561,84206,83049
S2,none,50,76x79,0,6.0,15.0,1.08,0.85,0.001,0.75,0.45,,,,0,500,24.0,False,864.0,20000,20000.0,3920,3920,0.6528980679546968,1.0,3920,31,1156,37695,28509,91472,90544
S2,none,47,76x79,0,6.0,15.0,1.08,0.85,0.001,0.75,0.45,,,,0,500,24.0,False,816.0,20000,20000.0,3923,3923,0.6533977348434377,1.0,3923,29,923,35682,27292,87995,86837
S2,none,53,76x79,0,6.0,15.0,1.08,0.85,0.001,0.75,0.45,,,,0,500,24.0,False,1176.0,20000,20000.0,3922,3922,0.6532311792138574,1.0,3922,25,1061,36373,27310,92506,91485
S2,none,59,76x79,0,6.0,15.0,1.08,0.85,0.001,0.75,0.45,,,,0,500,24.0,False,1368.0,20000,20000.0,3920,3920,0.6528980679546968,1.0,3920,32,1143,40894,31739,107273,106332
S2,none,52,76x79,0,6.0,15.0,1.08,0.85,0.001,0.75,0.45,,,,0,500,24.0,False,816.0,20000,20000.0,3928,3928,0.654230512991339,1.0,3928,19,940,36786,27996,86619,85483
S2,none,54,76x79,0,6.0,15.0,1.08,0.85,0.001,0.75,0.45,,,,0,500,24.0,False,1008.0,20000,20000.0,3909,3909,0.6510659560293138,1.0,3909,40,1077,38472,29625,95747,94729
S2,none,55,76x79,0,6.0,15.0,1.08,0.85,0.001,0.75,0.45,,,,0,500,24.0,False,1152.0,20000,20000.0,3912,3912,0.6515656229180546,1.0,3912,24,1153,37851,28372,93893,92954
S2,none,56,76x79,0,6.0,15.0,1.08,0.85,0.001,0.75,0.45,,,,0,500,24.0,False,1152.0,20000,20000.0,3909,3909,0.6510659560293138,1.0,3909,25,1150,39850,30367,99550,98605
S2,none,58,76x79,0,6.0,15.0,1.08,0.85,0.001,0.75,0.45,,,,0,500,24.0,False,816.0,20000,20000.0,3928,3928,0.654230512991339,1.0,3928,16,1185,39548,29823,95226,94335
S2,none,57,76x79,0,6.0,15.0,1.08,0.85,0.001,0.75,0.45,,,,0,500,24.0,False,1176.0,20000,20000.0,3919,3919,0.6527315123251166,1.0,3919,35,1090,38197,29404,98208,97213
S2,none,62,76x79,0,6.0,15.0,1.08,0.85,0.001,0.75,0.45,,,,0,500,24.0,False,1224.0,20000,20000.0,3912,3912,0.6515656229180546,1.0,3912,32,1039,36616,28129,97908,96855
S2,none,65,76x79,0,6.0,15.0,1.08,0.85,0.001,0.75,0.45,,,,0,500,24.0,False,1488.0,20000,20000.0,3922,3922,0.6532311792138574,1.0,3922,29,916,35133,27297,98164,96998
S2,none,60,76x79,0,6.0,15.0,1.08,0.85,0.001,0.75,0.45,,,,0,500,24.0,False,888.0,20000,20000.0,3909,3909,0.6510659560293138,1.0,3909,23,1051,38628,29288,94866,93822
S2,none,66,76x79,0,6.0,15.0,1.08,0.85,0.001,0.75,0.45,,,,0,500,24.0,False,1200.0,20000,20000.0,3930,3930,0.6545636242504996,1.0,3930,25,1033,35284,26908,92446,91405
S2,none,63,76x79,0,6.0,15.0,1.08,0.85,0.001,0.75,0.45,,,,0,500,24.0,False,1200.0,20000,20000.0,3923,3923,0.6533977348434377,1.0,3923,40,1112,34292,26405,93103,92134
S2,none,64,76x79,0,6.0,15.0,1.08,0.85,0.001,0.75,0.45,,,,0,500,24.0,False,888.0,20000,20000.0,3926,3926,0.6538974017321786,1.0,3926,22,1154,36004,26949,89370,88446
S2,none,61,76x79,0,6.0,15.0,1.08,0.85,0.001,0.75,0.45,,,,0,500,24.0,False,1296.0,20000,20000.0,3922,3922,0.6532311792138574,1.0,3922,26,1085,35260,26638,93222,92225
S2,none,67,76x79,0,6.0,15.0,1.08,0.85,0.001,0.75,0.45,,,,0,500,24.0,False,1176.0,20000,20000.0,3921,3921,0.6530646235842772,1.0,3921,32,1278,39160,29927,99972,99167
S2,none,71,76x79,0,6.0,15.0,1.08,0.85,0.001,0.75,0.45,,,,0,500,24.0,False,1800.0,20000,20000.0,3915,3915,0.6520652898067955,1.0,3915,32,1133,41338,32921,115369,114413
S2,none,70,76x79,0,6.0,15.0,1.08,0.85,0.001,0.75,0.45,,,,0,500,24.0,False,1248.0,20000,20000.0,3937,3937,0.6557295136575616,1.0,3937,28,879,31325,23757,85719,84531
S2,none,68,76x79,0,6.0,15.0,1.08,0.85,0.001,0.75,0.45,,,,0,500,24.0,False,1224.0,20000,20000.0,3913,3913,0.6517321785476349,1.0,3913,26,1005,37342,28551,96080,94994
S2,none,73,76x79,0,6.0,15.0,1.08,0.85,0.001,0.75,0.45,,,,0,500,24.0,False,1200.0,20000,20000.0,3917,3917,0.652398401065956,1.0,3917,33,1139,37745,29240,99587,98639
S2,none,72,76x79,0,6.0,15.0,1.08,0.85,0.001,0.75,0.45,,,,0,500,24.0,False,1080.0,20000,20000.0,3932,3932,0.6548967355096602,1.0,3932,24,977,33007,25245,87588,86493
S2,none,74,76x79,0,6.0,15.0,1.08,0.85,0.001,0.75,0.45,,,,0,500,24.0,False,1128.0,20000,20000.0,3914,3914,0.6518987341772152,1.0,3914,31,1312,44780,34286,109417,108639
S2,none,75,76x79,0,6.0,15.0,1.08,0.85,0.001,0.75,0.45,,,,0,500,24.0,False,816.0,20000,20000.0,3915,3915,0.6520652898067955,1.0,3915,27,1070,38703,29012,91579,90560
S2,none,69,76x79,0,6.0,15.0,1.08,0.85,0.001,0.75,0.45,,,,0,500,24.0,False,936.0,20000,20000.0,3910,3910,0.6512325116588941,1.0,3910,14,1021,34744,25795,84250,83177
S2,none,78,76x79,0,6.0,15.0,1.08,0.85,0.001,0.75,0.45,,,,0,500,24.0,False,1200.0,20000,20000.0,3908,3908,0.6508994003997335,1.0,3908,25,1103,37771,29369,101914,100921
S2,none,81,76x79,0,6.0,15.0,1.08,0.85,0.001,0.75,0.45,,,,0,500,24.0,False,1440.0,20000,20000.0,3914,3914,0.6518987341772152,1.0,3914,46,1000,34524,27336,100490,99400
S2,none,80,76x79,0,6.0,15.0,1.08,0.85,0.001,0.75,0.45,,,,0,500,24.0,False,1008.0,20000,20000.0,3927,3927,0.6540639573617588,1.0,3927,31,1170,39570,30438,102641,101734
S2,none,79,76x79,0,6.0,15.0,1.08,0.85,0.001,0.75,0.45,,,,0,500,24.0,False,1488.0,20000,20000.0,3904,3904,0.6502331778814124,1.0,3904,36,1119,42044,32630,114014,113033
S2,none,82,76x79,0,6.0,15.0,1.08,0.85,0.001,0.75,0.45,,,,0,500,24.0,False,1368.0,20000,20000.0,3913,3913,0.6517321785476349,1.0,3913,36,1170,42042,33374,113444,112523
S2,none,77,76x79,0,6.0,15.0,1.08,0.85,0.001,0.75,0.45,,,,0,500,24.0,False,864.0,20000,20000.0,3919,3919,0.6527315123251166,1.0,3919,24,1010,35422,26757,88667,87592
S2,none,83,76x79,0,6.0,15.0,1.08,0.85,0.001,0.75,0.45,,,,0,500,24.0,False,912.0,20000,20000.0,3928,3928,0.654230512991339,1.0,3928,30,970,32281,24170,81127,80021
S2,none,76,76x79,0,6.0,15.0,1.08,0.85,0.001,0.75,0.45,,,,0,500,24.0,False,720.0,20000,20000.0,3927,3927,0.6540639573617588,1.0,3927,21,917,33213,24457,78781,77621
S2,none,89,76x79,0,6.0,15.0,1.08,0.85,0.001,0.75,0.45,,,,0,500,24.0,False,1128.0,20000,20000.0,3915,3915,0.6520652898067955,1.0,3915,21,948,35853,27559,92542,91401
S2,none,86,76x79,0,6.0,15.0,1.08,0.85,0.001,0.75,0.45,,,,0,500,24.0,False,1344.0,20000,20000.0,3924,3924,0.653564290473018,1.0,3924,22,1175,40174,31095,103418,102513
S2,none,90,76x79,0,6.0,15.0,1.08,0.85,0.001,0.75,0.45,,,,0,500,24.0,False,840.0,20000,20000.0,3916,3916,0.6522318454363758,1.0,3916,18,1010,35383,26242,86005,84927
S2,none,87,76x79,0,6.0,15.0,1.08,0.85,0.001,0.75,0.45,,,,0,500,24.0,False,984.0,20000,20000.0,3925,3925,0.6537308461025982,1.0,3925,22,928,34848,26722,88983,87832
S2,none,84,76x79,0,6.0,15.0,1.08,0.85,0.001,0.75,0.45,,,,0,500,24.0,False,1008.0,20000,20000.0,3922,3922,0.6532311792138574,1.0,3922,28,976,34282,26062,89090,87984
S2,none,91,76x79,0,6.0,15.0,1.08,0.85,0.001,0.75,0.45,,,,0,500,24.0,False,1296.0,20000,20000.0,3929,3929,0.6543970686209194,1.0,3929,16,1054,37630,28924,100148,99127
S2,none,88,76x79,0,6.0,15.0,1.08,0.85,0.001,0.75,0.45,,,,0,500,24.0,False,1152.0,20000,20000.0,3922,3922,0.6532311792138574,1.0,3922,22,1169,37915,28927,96203,95290
S2,none,85,76x79,0,6.0,15.0,1.08,0.85,0.001,0.75,0.45,,,,0,500,24.0,False,936.0,20000,20000.0,3924,3924,0.653564290473018,1.0,3924,23,1078,37335,28211,92528,91526
S2,none,92,76x79,0,6.0,15.0,1.08,0.85,0.001,0.75,0.45,,,,0,500,24.0,False,1224.0,20000,20000.0,3923,3923,0.6533977348434377,1.0,3923,35,1120,40421,31231,104003,103042
S2,none,96,76x79,0,6.0,15.0,1.08,0.85,0.001,0.75,0.45,,,,0,500,24.0,False,1320.0,20000,20000.0,3913,3913,0.6517321785476349,1.0,3913,38,1262,37861,29046,99962,99133
S2,none,93,76x79,0,6.0,15.0,1.08,0.85,0.001,0.75,0.45,,,,0,500,24.0,False,984.0,20000,20000.0,3920,3920,0.6528980679546968,1.0,3920,23,991,36465,27643,91100,90007
S2,none,95,76x79,0,6.0,15.0,1.08,0.85,0.001,0.75,0.45,,,,0,500,24.0,False,1248.0,20000,20000.0,3927,3927,0.6540639573617588,1.0,3927,29,1088,35914,27615,96591,95602
S2,none,94,76x79,0,6.0,15.0,1.08,0.85,0.001,0.75,0.45,,,,0,500,24.0,False,1080.0,20000,20000.0,3921,3921,0.6530646235842772,1.0,3921,18,1011,35049,26687,90646,89574
S2,none,97,76x79,0,6.0,15.0,1.08,0.85,0.001,0.75,0.45,,,,0,500,24.0,False,936.0,20000,20000.0,3919,3919,0.6527315123251166,1.0,3919,30,1162,38757,29868,98343,97420
S2,none,99,76x79,0,6.0,15.0,1.08,0.85,0.001,0.75,0.45,,,,0,500,24.0,False,984.0,20000,20000.0,3913,3913,0.6517321785476349,1.0,3913,33,1023,35872,27684,90243,89175
S2,none,98,76x79,0,6.0,15.0,1.08,0.85,0.001,0.75,0.45,,,,0,500,24.0,False,1176.0,20000,20000.0,3913,3913,0.6517321785476349,1.0,3913,22,1115,37609,28888,98321,97345
S2,none,2,76x79,0,6.0,15.0,1.08,0.85,0.001,0.75,0.5,,,,0,500,24.0,False,912.0,20000,20000.0,3930,3930,0.6545636242504996,1.0,3930,17,846,29484,26544,79327,78099
S2,none,0,76x79,0,6.0,15.0,1.08,0.85,0.001,0.75,0.5,,,,0,500,24.0,False,984.0,20000,20000.0,3931,3931,0.65473017988008,1.0,3931,25,966,30424,28328,84577,83470
S2,none,3,76x79,0,6.0,15.0,1.08,0.85,0.001,0.75,0.5,,,,0,500,24.0,False,816.0,20000,20000.0,3918,3918,0.6525649566955363,1.0,3918,22,1055,29645,27247,79564,78533
S2,none,5,76x79,0,6.0,15.0,1.08,0.85,0.001,0.75,0.5,,,,0,500,24.0,False,816.0,20000,20000.0,3930,3930,0.6545636242504996,1.0,3930,19,946,28929,26221,78814,77686
S2,none,1,76x79,0,6.0,15.0,1.08,0.85,0.001,0.75,0.5,,,,0,500,24.0,False,1080.0,20000,20000.0,3934,3934,0.6552298467688208,1.0,3934,26,916,30949,28953,87606,86452
S2,none,6,76x79,0,6.0,15.0,1.08,0.85,0.001,0.75,0.5,,,,0,500,24.0,False,744.0,20000,20000.0,3931,3931,0.65473017988008,1.0,3931,12,1038,30770,28380,81066,80031
S2,none,7,76x79,0,6.0,15.0,1.08,0.85,0.001,0.75,0.5,,,,0,500,24.0,False,672.0,20000,20000.0,3931,3931,0.65473017988008,1.0,3931,21,1005,30981,28303,80600,79532
S2,none,4,76x79,0,6.0,15.0,1.08,0.85,0.001,0.75,0.5,,,,0,500,24.0,False,816.0,20000,20000.0,3929,3929,0.6543970686209194,1.0,3929,22,877,27985,26027,80927,79729
S2,none,8,76x79,0,6.0,15.0,1.08,0.85,0.001,0.75,0.5,,,,0,500,24.0,False,960.0,20000,20000.0,3937,3937,0.6557295136575616,1.0,3937,24,980,27695,25527,78661,77574
S2,none,9,76x79,0,6.0,15.0,1.08,0.85,0.001,0.75,0.5,,,,0,500,24.0,False,648.0,20000,20000.0,3936,3936,0.6555629580279814,1.0,3936,14,948,30047,27463,78667,77547
S2,none,12,76x79,0,6.0,15.0,1.08,0.85,0.001,0.75,0.5,,,,0,500,24.0,False,720.0,20000,20000.0,3933,3933,0.6550632911392406,1.0,3933,23,865,26486,24345,75825,74619
S2,none,10,76x79,0,6.0,15.0,1.08,0.85,0.001,0.75,0.5,,,,0,500,24.0,False,1176.0,20000,20000.0,3925,3925,0.6537308461025982,1.0,3925,20,1130,31442,29196,89780,88831
S2,none,13,76x79,0,6.0,15.0,1.08,0.85,0.001,0.75,0.5,,,,0,500,24.0,False,840.0,20000,20000.0,3917,3917,0.652398401065956,1.0,3917,21,1054,27786,24760,75120,74087
S2,none,11,76x79,0,6.0,15.0,1.08,0.85,0.001,0.75,0.5,,,,0,500,24.0,False,936.0,20000,20000.0,3939,3939,0.6560626249167222,1.0,3939,26,1010,30196,27880,84857,83802
S2,none,14,76x79,0,6.0,15.0,1.08,0.85,0.001,0.75,0.5,,,,0,500,24.0,False,1200.0,20000,20000.0,3911,3911,0.6513990672884743,1.0,3911,14,934,27430,25129,82212,81053
S2,none,15,76x79,0,6.0,15.0,1.08,0.85,0.001,0.75,0.5,,,,0,500,24.0,False,864.0,20000,20000.0,3940,3940,0.6562291805463024,1.0,3940,18,949,29545,27669,82086,80971
S2,none,17,76x79,0,6.0,15.0,1.08,0.85,0.001,0.75,0.5,,,,0,500,24.0,False,1176.0,20000,20000.0,3923,3923,0.6533977348434377,1.0,3923,33,889,28458,27001,86990,85798
S2,none,23,76x79,0,6.0,15.0,1.08,0.85,0.001,0.75,0.5,,,,0,500,24.0,False,1200.0,20000,20000.0,3929,3929,0.6543970686209194,1.0,3929,30,1001,28411,26519,85032,83958
S2,none,18,76x79,0,6.0,15.0,1.08,0.85,0.001,0.75,0.5,,,,0,500,24.0,False,888.0,20000,20000.0,3925,3925,0.6537308461025982,1.0,3925,22,866,28440,26239,80066,78853
S2,none,16,76x79,0,6.0,15.0,1.08,0.85,0.001,0.75,0.5,,,,0,500,24.0,False,1032.0,20000,20000.0,3925,3925,0.6537308461025982,1.0,3925,21,972,30577,28042,84250,83143
S2,none,19,76x79,0,6.0,15.0,1.08,0.85,0.001,0.75,0.5,,,,0,500,24.0,False,1104.0,20000,20000.0,3927,3927,0.6540639573617588,1.0,3927,26,874,26256,24544,77774,76571
S2,none,20,76x79,0,6.0,15.0,1.08,0.85,0.001,0.75,0.5,,,,0,500,24.0,False,864.0,20000,20000.0,3928,3928,0.654230512991339,1.0,3928,20,1049,31309,28907,86214,85187
S2,none,21,76x79,0,6.0,15.0,1.08,0.85,0.001,0.75,0.5,,,,0,500,24.0,False,768.0,20000,20000.0,3934,3934,0.6552298467688208,1.0,3934,24,1080,29504,26690,78928,77938
S2,none,22,76x79,0,6.0,15.0,1.08,0.85,0.001,0.75,0.5,,,,0,500,24.0,False,768.0,20000,20000.0,3935,3935,0.655396402398401,1.0,3935,19,1017,28440,25992,74758,73706
S2,none,24,76x79,0,6.0,15.0,1.08,0.85,0.001,0.75,0.5,,,,0,500,24.0,False,1344.0,20000,20000.0,3921,3921,0.6530646235842772,1.0,3921,29,1093,32341,30454,93641,92651
S2,none,26,76x79,0,6.0,15.0,1.08,0.85,0.001,0.75,0.5,,,,0,500,24.0,False,960.0,20000,20000.0,3934,3934,0.6552298467688208,1.0,3934,18,959,28260,25835,78959,77848
S2,none,29,76x79,0,6.0,15.0,1.08,0.85,0.001,0.75,0.5,,,,0,500,24.0,False,1152.0,20000,20000.0,3928,3928,0.654230512991339,1.0,3928,25,929,30485,28737,89255,88108
S2,none,27,76x79,0,6.0,15.0,1.08,0.85,0.001,0.75,0.5,,,,0,500,24.0,False,1032.0,20000,20000.0,3929,3929,0.6543970686209194,1.0,3929,18,1019,32446,29520,87350,86294
S2,none,28,76x79,0,6.0,15.0,1.08,0.85,0.001,0.75,0.5,,,,0,500,24.0,False,1008.0,20000,20000.0,3940,3940,0.6562291805463024,1.0,3940,23,1038,31373,29188,88624,87598
S2,none,25,76x79,0,6.0,15.0,1.08,0.85,0.001,0.75,0.5,,,,0,500,24.0,False,960.0,20000,20000.0,3935,3935,0.655396402398401,1.0,3935,22,819,25989,24337,76119,74869
S2,none,30,76x79,0,6.0,15.0,1.08,0.85,0.001,0.75,0.5,,,,0,500,24.0,False,744.0,20000,20000.0,3933,3933,0.6550632911392406,1.0,3933,19,1007,29807,26900,78481,77417
S2,none,31,76x79,0,6.0,15.0,1.08,0.85,0.001,0.75,0.5,,,,0,500,24.0,False,888.0,20000,20000.0,3924,3924,0.653564290473018,1.0,3924,26,893,27085,24823,77283,76096
S2,none,35,76x79,0,6.0,15.0,1.08,0.85,0.001,0.75,0.5,,,,0,500,24.0,False,984.0,20000,20000.0,3938,3938,0.655896069287142,1.0,3938,17,994,30385,28316,83623,82551
S2,none,33,76x79,0,6.0,15.0,1.08,0.85,0.001,0.75,0.5,,,,0,500,24.0,False,768.0,20000,20000.0,3946,3946,0.6572285143237842,1.0,3946,22,953,30348,27959,82566,81461
S2,none,36,76x79,0,6.0,15.0,1.08,0.85,0.001,0.75,0.5,,,,0,500,24.0,False,696.0,20000,20000.0,3926,3926,0.6538974017321786,1.0,3926,17,942,27158,25105,76374,75238
S2,none,32,76x79,0,6.0,15.0,1.08,0.85,0.001,0.75,0.5,,,,0,500,24.0,False,1008.0,20000,20000.0,3926,3926,0.6538974017321786,1.0,3926,26,1078,30800,28500,87577,86577
S2,none,34,76x79,0,6.0,15.0,1.08,0.85,0.001,0.75,0.5,,,,0,500,24.0,False,912.0,20000,20000.0,3925,3925,0.6537308461025982,1.0,3925,34,1009,27445,24961,78322,77252
S2,none,37,76x79,0,6.0,15.0,1.08,0.85,0.001,0.75,0.5,,,,0,500,24.0,False,792.0,20000,20000.0,3939,3939,0.6560626249167222,1.0,3939,17,947,27599,25309,75097,73979
S2,none,38,76x79,0,6.0,15.0,1.08,0.85,0.001,0.75,0.5,,,,0,500,24.0,False,888.0,20000,20000.0,3927,3927,0.6540639573617588,1.0,3927,24,873,29163,26564,79541,78337
S2,none,39,76x79,0,6.0,15.0,1.08,0.85,0.001,0.75,0.5,,,,0,500,24.0,False,936.0,20000,20000.0,3929,3929,0.6543970686209194,1.0,3929,24,1033,29430,27255,83819,82777
S2,none,41,76x79,0,6.0,15.0,1.08,0.85,0.001,0.75,0.5,,,,0,500,24.0,False,888.0,20000,20000.0,3927,3927,0.6540639573617588,1.0,3927,18,838,25921,23372,72341,71102
S2,none,43,76x79,0,6.0,15.0,1.08,0.85,0.001,0.75,0.5,,,,0,500,24.0,False,624.0,20000,20000.0,3916,3917,0.652398401065956,0.999744702578504,3916,25,1024,30614,27460,78090,77027
S2,none,42,76x79,0,6.0,15.0,1.08,0.85,0.001,0.75,0.5,,,,0,500,24.0,False,1008.0,20000,20000.0,3937,3937,0.6557295136575616,1.0,3937,36,1011,30931,28753,86731,85675
S2,none,40,76x79,0,6.0,15.0,1.08,0.85,0.001,0.75,0.5,,,,0,500,24.0,False,648.0,20000,20000.0,3923,3923,0.6533977348434377,1.0,3923,21,835,25193,22547,68341,67095
S2,none,44,76x79,0,6.0,15.0,1.08,0.85,0.001,0.75,0.5,,,,0,500,24.0,False,816.0,20000,20000.0,3922,3922,0.6532311792138574,1.0,3922,24,1044,28638,25786,77266,76228
S2,none,47,76x79,0,6.0,15.0,1.08,0.85,0.001,0.75,0.5,,,,0,500,24.0,False,1008.0,20000,20000.0,3934,3934,0.6552298467688208,1.0,3934,26,960,27388,25116,77985,76875
S2,none,45,76x79,0,6.0,15.0,1.08,0.85,0.001,0.75,0.5,,,,0,500,24.0,False,744.0,20000,20000.0,3929,3929,0.6543970686209194,1.0,3929,20,1027,29604,27421,81958,80910
S2,none,46,76x79,0,6.0,15.0,1.08,0.85,0.001,0.75,0.5,,,,0,500,24.0,False,768.0,20000,20000.0,3942,3942,0.656562291805463,1.0,3942,16,935,30248,27660,80877,79750
S2,none,49,76x79,0,6.0,15.0,1.08,0.85,0.001,0.75,0.5,,,,0,500,24.0,False,1584.0,20000,20000.0,3919,3919,0.6527315123251166,1.0,3919,32,889,29752,28326,95320,94124
S2,none,55,76x79,0,6.0,15.0,1.08,0.85,0.001,0.75,0.5,,,,0,500,24.0,False,1320.0,20000,20000.0,3928,3928,0.654230512991339,1.0,3928,28,898,28767,27369,88321,87143
S2,none,51,76x79,0,6.0,15.0,1.08,0.85,0.001,0.75,0.5,,,,0,500,24.0,False,1032.0,20000,20000.0,3933,3933,0.6550632911392406,1.0,3933,28,963,29496,27345,85115,84007
S2,none,50,76x79,0,6.0,15.0,1.08,0.85,0.001,0.75,0.5,,,,0,500,24.0,False,648.0,20000,20000.0,3934,3934,0.6552298467688208,1.0,3934,14,999,27628,24550,74395,73324
S2,none,48,76x79,0,6.0,15.0,1.08,0.85,0.001,0.75,0.5,,,,0,500,24.0,False,816.0,20000,20000.0,3928,3928,0.654230512991339,1.0,3928,22,1036,30971,28350,85264,84224
S2,none,52,76x79,0,6.0,15.0,1.08,0.85,0.001,0.75,0.5,,,,0,500,24.0,False,552.0,20000,20000.0,3939,3939,0.6560626249167222,1.0,3939,16,971,25777,22910,66407,65313
S2,none,54,76x79,0,6.0,15.0,1.08,0.85,0.001,0.75,0.5,,,,0,500,24.0,False,936.0,20000,20000.0,3937,3937,0.6557295136575616,1.0,3937,33,846,27679,25661,77726,76505
S2,none,53,76x79,0,6.0,15.0,1.08,0.85,0.001,0.75,0.5,,,,0,500,24.0,False,1008.0,20000,20000.0,3939,3939,0.6560626249167222,1.0,3939,24,1070,33209,30650,93260,92265
S2,none,61,76x79,0,6.0,15.0,1.08,0.85,0.001,0.75,0.5,,,,0,500,24.0,False,1200.0,20000,20000.0,3934,3934,0.6552298467688208,1.0,3934,21,953,31337,29950,90929,89812
S2,none,59,76x79,0,6.0,15.0,1.08,0.85,0.001,0.75,0.5,,,,0,500,24.0,False,1296.0,20000,20000.0,3922,3922,0.6532311792138574,1.0,3922,24,1088,31827,30266,98532,97538
S2,none,58,76x79,0,6.0,15.0,1.08,0.85,0.001,0.75,0.5,,,,0,500,24.0,False,1176.0,20000,20000.0,3939,3939,0.6560626249167222,1.0,3939,26,986,28705,25907,82945,81866
S2,none,56,76x79,0,6.0,15.0,1.08,0.85,0.001,0.75,0.5,,,,0,500,24.0,False,984.0,20000,20000.0,3938,3938,0.655896069287142,1.0,3938,30,885,29307,27130,81547,80366
S2,none,62,76x79,0,6.0,15.0,1.08,0.85,0.001,0.75,0.5,,,,0,500,24.0,False,1152.0,20000,20000.0,3934,3934,0.6552298467688208,1.0,3934,27,919,30194,27899,86714,85563
S2,none,60,76x79,0,6.0,15.0,1.08,0.85,0.001,0.75,0.5,,,,0,500,24.0,False,744.0,20000,20000.0,3925,3925,0.6537308461025982,1.0,3925,17,1007,28676,25800,76818,75746
S2,none,57,76x79,0,6.0,15.0,1.08,0.85,0.001,0.75,0.5,,,,0,500,24.0,False,936.0,20000,20000.0,3928,3928,0.654230512991339,1.0,3928,23,984,29440,26752,81244,80152
S2,none,63,76x79,0,6.0,15.0,1.08,0.85,0.001,0.75,0.5,,,,0,500,24.0,False,1080.0,20000,20000.0,3939,3939,0.6560626249167222,1.0,3939,30,956,27301,25405,79849,78740
S2,none,67,76x79,0,6.0,15.0,1.08,0.85,0.001,0.75,0.5,,,,0,500,24.0,False,1008.0,20000,20000.0,3931,3931,0.65473017988008,1.0,3931,20,1088,32262,29649,88938,87953
S2,none,65,76x79,0,6.0,15.0,1.08,0.85,0.001,0.75,0.5,,,,0,500,24.0,False,1368.0,20000,20000.0,3930,3930,0.6545636242504996,1.0,3930,28,955,26460,25273,83743,82624
S2,none,71,76x79,0,6.0,15.0,1.08,0.85,0.001,0.75,0.5,,,,0,500,24.0,False,1584.0,20000,20000.0,3919,3919,0.6527315123251166,1.0,3919,26,1028,30645,29775,100259,99202
S2,none,66,76x79,0,6.0,15.0,1.08,0.85,0.001,0.75,0.5,,,,0,500,24.0,False,1032.0,20000,20000.0,3929,3929,0.6543970686209194,1.0,3929,23,955,30203,27934,87090,85970
S2,none,68,76x79,0,6.0,15.0,1.08,0.85,0.001,0.75,0.5,,,,0,500,24.0,False,1152.0,20000,20000.0,3934,3934,0.6552298467688208,1.0,3934,24,932,29415,27688,86395,85257
S2,none,64,76x79,0,6.0,15.0,1.08,0.85,0.001,0.75,0.5,,,,0,500,24.0,False,1080.0,20000,20000.0,3923,3923,0.6533977348434377,1.0,3923,22,906,27568,25503,81544,80369
S2,none,70,76x79,0,6.0,15.0,1.08,0.85,0.001,0.75,0.5,,,,0,500,24.0,False,1272.0,20000,20000.0,3924,3924,0.653564290473018,1.0,3924,38,1063,30755,29317,93088,92071
S2,none,69,76x79,0,6.0,15.0,1.08,0.85,0.001,0.75,0.5,,,,0,500,24.0,False,936.0,20000,20000.0,3913,3913,0.6517321785476349,1.0,3913,19,1010,31162,28560,84199,83118
S2,none,79,76x79,0,6.0,15.0,1.08,0.85,0.001,0.75,0.5,,,,0,500,24.0,False,1224.0,20000,20000.0,3931,3931,0.65473017988008,1.0,3931,20,1001,29170,27384,88828,87756
S2,none,72,76x79,0,6.0,15.0,1.08,0.85,0.001,0.75,0.5,,,,0,500,24.0,False,1080.0,20000,20000.0,3931,3931,0.65473017988008,1.0,3931,21,935,28120,26169,81846,80708
S2,none,75,76x79,0,6.0,15.0,1.08,0.85,0.001,0.75,0.5,,,,0,500,24.0,False,816.0,20000,20000.0,3925,3925,0.6537308461025982,1.0,3925,18,922,29182,26459,77333,76176
S2,none,78,76x79,0,6.0,15.0,1.08,0.85,0.001,0.75,0.5,,,,0,500,24.0,False,1008.0,20000,20000.0,3930,3930,0.6545636242504996,1.0,3930,24,921,28662,27500,88536,87383
S2,none,73,76x79,0,6.0,15.0,1.08,0.85,0.001,0.75,0.5,,,,0,500,24.0,False,912.0,20000,20000.0,3929,3929,0.6543970686209194,1.0,3929,31,940,27441,25446,80050,78915
S2,none,77,76x79,0,6.0,15.0,1.08,0.85,0.001,0.75,0.5,,,,0,500,24.0,False,792.0,20000,20000.0,3924,3924,0.653564290473018,1.0,3924,18,995,28579,26281,79141,78056
S2,none,74,76x79,0,6.0,15.0,1.08,0.85,0.001,0.75,0.5,,,,0,500,24.0,False,1080.0,20000,20000.0,3934,3934,0.6552298467688208,1.0,3934,36,1108,33526,31600,93605,92643
S2,none,76,76x79,0,6.0,15.0,1.08,0.85,0.001,0.75,0.5,,,,0,500,24.0,False,648.0,20000,20000.0,3937,3937,0.6557295136575616,1.0,3937,25,920,27731,24948,73318,72171
S2,none,81,76x79,0,6.0,15.0,1.08,0.85,0.001,0.75,0.5,,,,0,500,24.0,False,1104.0,20000,20000.0,3928,3928,0.654230512991339,1.0,3928,26,1019,31788,29657,89918,88861
S2,none,82,76x79,0,6.0,15.0,1.08,0.85,0.001,0.75,0.5,,,,0,500,24.0,False,1152.0,20000,20000.0,3925,3925,0.6537308461025982,1.0,3925,30,942,28495,27024,84868,83731
S2,none,80,76x79,0,6.0,15.0,1.08,0.85,0.001,0.75,0.5,,,,0,500,24.0,False,1032.0,20000,20000.0,3934,3934,0.6552298467688208,1.0,3934,25,928,30665,28612,87975,86833
S2,none,83,76x79,0,6.0,15.0,1.08,0.85,0.001,0.75,0.5,,,,0,500,24.0,False,840.0,20000,20000.0,3933,3933,0.6550632911392406,1.0,3933,25,883,26598,24422,75065,73877
S2,none,86,76x79,0,6.0,15.0,1.08,0.85,0.001,0.75,0.5,,,,0,500,24.0,False,1104.0,20000,20000.0,3928,3928,0.654230512991339,1.0,3928,20,1009,31355,29635,91151,90084
S2,none,87,76x79,0,6.0,15.0,1.08,0.85,0.001,0.75,0.5,,,,0,500,24.0,False,960.0,20000,20000.0,3932,3932,0.6548967355096602,1.0,3932,18,1013,31442,29387,89077,88018
S2,none,85,76x79,0,6.0,15.0,1.08,0.85,0.001,0.75,0.5,,,,0,500,24.0,False,816.0,20000,20000.0,3925,3925,0.6537308461025982,1.0,3925,15,1170,33332,30881,89616,88707
S2,none,84,76x79,0,6.0,15.0,1.08,0.85,0.001,0.75,0.5,,,,0,500,24.0,False,864.0,20000,20000.0,3937,3937,0.6557295136575616,1.0,3937,16,1011,27271,24835,73809,72753
S2,none,89,76x79,0,6.0,15.0,1.08,0.85,0.001,0.75,0.5,,,,0,500,24.0,False,1200.0,20000,20000.0,3928,3928,0.654230512991339,1.0,3928,23,1024,31437,29912,92848,91796
S2,none,90,76x79,0,6.0,15.0,1.08,0.85,0.001,0.75,0.5,,,,0,500,24.0,False,696.0,20000,20000.0,3929,3929,0.6543970686209194,1.0,3929,22,1012,29030,26517,80904,79841
S2,none,88,76x79,0,6.0,15.0,1.08,0.85,0.001,0.75,0.5,,,,0,500,24.0,False,744.0,20000,20000.0,3926,3926,0.6538974017321786,1.0,3926,21,1091,29835,27196,80096,79109
S2,none,95,76x79,0,6.0,15.0,1.08,0.85,0.001,0.75,0.5,,,,0,500,24.0,False,816.0,20000,20000.0,3936,3936,0.6555629580279814,1.0,3936,21,847,29294,26293,78031,76810
S2,none,94,76x79,0,6.0,15.0,1.08,0.85,0.001,0.75,0.5,,,,0,500,24.0,False,864.0,20000,20000.0,3931,3931,0.65473017988008,1.0,3931,26,939,27532,25227,79761,78627
S2,none,93,76x79,0,6.0,15.0,1.08,0.85,0.001,0.75,0.5,,,,0,500,24.0,False,960.0,20000,20000.0,3938,3938,0.655896069287142,1.0,3938,26,998,27283,24988,76161,75093
S2,none,91,76x79,0,6.0,15.0,1.08,0.85,0.001,0.75,0.5,,,,0,500,24.0,False,960.0,20000,20000.0,3922,3922,0.6532311792138574,1.0,3922,23,1034,29038,26556,83022,81974
S2,none,92,76x79,0,6.0,15.0,1.08,0.85,0.001,0.75,0.5,,,,0,500,24.0,False,1104.0,20000,20000.0,3930,3930,0.6545636242504996,1.0,3930,24,915,27250,25174,80486,79327
S2,none,97,76x79,0,6.0,15.0,1.08,0.85,0.001,0.75,0.5,,,,0,500,24.0,False,792.0,20000,20000.0,3926,3926,0.6538974017321786,1.0,3926,21,906,29244,26837,77785,76613
S2,none,96,76x79,0,6.0,15.0,1.08,0.85,0.001,0.75,0.5,,,,0,500,24.0,False,1008.0,20000,20000.0,3924,3924,0.653564290473018,1.0,3924,24,891,28119,26328,81188,79999
S2,none,99,76x79,0,6.0,15.0,1.08,0.85,0.001,0.75,0.5,,,,0,500,24.0,False,936.0,20000,20000.0,3929,3929,0.6543970686209194,1.0,3929,24,939,26444,24113,74537,73401
S2,none,98,76x79,0,6.0,15.0,1.08,0.85,0.001,0.75,0.5,,,,0,500,24.0,False,720.0,20000,20000.0,3933,3933,0.6550632911392406,1.0,3933,22,966,27377,24616,74494,73389
S2,none,0,76x79,0,6.0,15.0,1.08,0.85,0.001,0.75,0.55,,,,0,500,24.0,False,936.0,20000,20000.0,3927,3927,0.6540639573617588,1.0,3927,25,1004,25587,28731,80293,79220
S2,none,2,76x79,0,6.0,15.0,1.08,0.85,0.001,0.75,0.55,,,,0,500,24.0,False,960.0,20000,20000.0,3943,3943,0.6567288474350433,1.0,3943,21,868,23447,26712,75562,74369
S2,none,1,76x79,0,6.0,15.0,1.08,0.85,0.001,0.75,0.55,,,,0,500,24.0,False,1104.0,20000,20000.0,3927,3927,0.6540639573617588,1.0,3927,21,939,23894,26803,79269,78131
S2,none,3,76x79,0,6.0,15.0,1.08,0.85,0.001,0.75,0.55,,,,0,500,24.0,False,768.0,20000,20000.0,3941,3941,0.6563957361758828,1.0,3941,19,907,24317,27446,73148,71992
S2,none,4,76x79,0,6.0,15.0,1.08,0.85,0.001,0.75,0.55,,,,0,500,24.0,False,984.0,20000,20000.0,3929,3929,0.6543970686209194,1.0,3929,21,831,23005,25901,74969,73725
S2,none,7,76x79,0,6.0,15.0,1.08,0.85,0.001,0.75,0.55,,,,0,500,24.0,False,696.0,20000,20000.0,3940,3940,0.6562291805463024,1.0,3940,17,969,23176,25623,68422,67327
S2,none,8,76x79,0,6.0,15.0,1.08,0.85,0.001,0.75,0.55,,,,0,500,24.0,False,840.0,20000,20000.0,3924,3924,0.653564290473018,1.0,3924,16,905,22273,24802,70528,69353
S2,none,10,76x79,0,6.0,15.0,1.08,0.85,0.001,0.75,0.55,,,,0,500,24.0,False,960.0,20000,20000.0,3925,3925,0.6537308461025982,1.0,3925,21,847,23430,26454,74758,73526
S2,none,6,76x79,0,6.0,15.0,1.08,0.85,0.001,0.75,0.55,,,,0,500,24.0,False,648.0,20000,20000.0,3938,3938,0.655896069287142,1.0,3938,20,921,22824,25360,68276,67131
S2,none,5,76x79,0,6.0,15.0,1.08,0.85,0.001,0.75,0.55,,,,0,500,24.0,False,696.0,20000,20000.0,3944,3944,0.6568954030646236,1.0,3944,18,957,23813,26517,72001,70898
S2,none,9,76x79,0,6.0,15.0,1.08,0.85,0.001,0.75,0.55,,,,0,500,24.0,False,504.0,20000,20000.0,3932,3932,0.6548967355096602,1.0,3932,21,957,23381,25591,68007,66892
S2,none,11,76x79,0,6.0,15.0,1.08,0.85,0.001,0.75,0.55,,,,0,500,24.0,False,768.0,20000,20000.0,3934,3934,0.6552298467688208,1.0,3934,17,885,22432,24655,68167,66982
S2,none,13,76x79,0,6.0,15.0,1.08,0.85,0.001,0.75,0.55,,,,0,500,24.0,False,720.0,20000,20000.0,3919,3919,0.6527315123251166,1.0,3919,16,966,25298,28536,74650,73531
S2,none,15,76x79,0,6.0,15.0,1.08,0.85,0.001,0.75,0.55,,,,0,500,24.0,False,960.0,20000,20000.0,3940,3940,0.6562291805463024,1.0,3940,16,962,21824,24432,71206,70104
S2,none,14,76x79,0,6.0,15.0,1.08,0.85,0.001,0.75,0.55,,,,0,500,24.0,False,1104.0,20000,20000.0,3928,3928,0.654230512991339,1.0,3928,17,788,21592,24548,74972,73684
S2,none,17,76x79,0,6.0,15.0,1.08,0.85,0.001,0.75,0.55,,,,0,500,24.0,False,744.0,20000,20000.0,3936,3936,0.6555629580279814,1.0,3936,27,1018,24525,27512,73886,72836
S2,none,16,76x79,0,6.0,15.0,1.08,0.85,0.001,0.75,0.55,,,,0,500,24.0,False,792.0,20000,20000.0,3931,3931,0.65473017988008,1.0,3931,23,878,24042,26888,71823,70628
S2,none,18,76x79,0,6.0,15.0,1.08,0.85,0.001,0.75,0.55,,,,0,500,24.0,False,744.0,20000,20000.0,3938,3938,0.655896069287142,1.0,3938,17,862,22258,24530,69199,67995
S2,none,12,76x79,0,6.0,15.0,1.08,0.85,0.001,0.75,0.55,,,,0,500,24.0,False,648.0,20000,20000.0,3937,3937,0.6557295136575616,1.0,3937,10,822,21791,24280,69204,67959
S2,none,19,76x79,0,6.0,15.0,1.08,0.85,0.001,0.75,0.55,,,,0,500,24.0,False,840.0,20000,20000.0,3946,3946,0.6572285143237842,1.0,3946,18,839,21066,23820,67546,66327
S2,none,26,76x79,0,6.0,15.0,1.08,0.85,0.001,0.75,0.55,,,,0,500,24.0,False,888.0,20000,20000.0,3935,3935,0.655396402398401,1.0,3935,24,950,23808,26775,78802,77683
S2,none,23,76x79,0,6.0,15.0,1.08,0.85,0.001,0.75,0.55,,,,0,500,24.0,False,1056.0,20000,20000.0,3931,3931,0.65473017988008,1.0,3931,24,898,23839,27048,78633,77458
S2,none,20,76x79,0,6.0,15.0,1.08,0.85,0.001,0.75,0.55,,,,0,500,24.0,False,960.0,20000,20000.0,3931,3931,0.65473017988008,1.0,3931,19,996,24293,27970,78383,77306
S2,none,24,76x79,0,6.0,15.0,1.08,0.85,0.001,0.75,0.55,,,,0,500,24.0,False,1176.0,20000,20000.0,3938,3938,0.655896069287142,1.0,3938,25,882,23278,27187,82917,81733
S2,none,25,76x79,0,6.0,15.0,1.08,0.85,0.001,0.75,0.55,,,,0,500,24.0,False,912.0,20000,20000.0,3932,3932,0.6548967355096602,1.0,3932,20,885,23122,25757,72517,71330
S2,none,22,76x79,0,6.0,15.0,1.08,0.85,0.001,0.75,0.55,,,,0,500,24.0,False,768.0,20000,20000.0,3938,3938,0.655896069287142,1.0,3938,13,926,24152,27007,72647,71507
S2,none,27,76x79,0,6.0,15.0,1.08,0.85,0.001,0.75,0.55,,,,0,500,24.0,False,744.0,20000,20000.0,3928,3928,0.654230512991339,1.0,3928,14,887,23439,25878,70118,68929
S2,none,21,76x79,0,6.0,15.0,1.08,0.85,0.001,0.75,0.55,,,,0,500,24.0,False,576.0,20000,20000.0,3933,3933,0.6550632911392406,1.0,3933,17,893,25039,27888,72023,70845
S2,none,30,76x79,0,6.0,15.0,1.08,0.85,0.001,0.75,0.55,,,,0,500,24.0,False,720.0,20000,20000.0,3913,3913,0.6517321785476349,1.0,3913,16,951,23552,25878,69223,68083
S2,none,29,76x79,0,6.0,15.0,1.08,0.85,0.001,0.75,0.55,,,,0,500,24.0,False,1104.0,20000,20000.0,3922,3922,0.6532311792138574,1.0,3922,21,848,22871,25842,76340,75106
S2,none,35,76x79,0,6.0,15.0,1.08,0.85,0.001,0.75,0.55,,,,0,500,24.0,False,888.0,20000,20000.0,3935,3935,0.655396402398401,1.0,3935,19,1060,26884,30151,80739,79730
S2,none,31,76x79,0,6.0,15.0,1.08,0.85,0.001,0.75,0.55,,,,0,500,24.0,False,696.0,20000,20000.0,3944,3944,0.6568954030646236,1.0,3944,19,1018,25209,28168,76139,75097
S2,none,33,76x79,0,6.0,15.0,1.08,0.85,0.001,0.75,0.55,,,,0,500,24.0,False,648.0,20000,20000.0,3928,3928,0.654230512991339,1.0,3928,17,983,24806,27145,72035,70942
S2,none,34,76x79,0,6.0,15.0,1.08,0.85,0.001,0.75,0.55,,,,0,500,24.0,False,888.0,20000,20000.0,3935,3935,0.655396402398401,1.0,3935,21,945,22529,25092,71380,70256
S2,none,32,76x79,0,6.0,15.0,1.08,0.85,0.001,0.75,0.55,,,,0,500,24.0,False,744.0,20000,20000.0,3938,3938,0.655896069287142,1.0,3938,23,880,22372,24614,68405,67219
S2,none,28,76x79,0,6.0,15.0,1.08,0.85,0.001,0.75,0.55,,,,0,500,24.0,False,600.0,20000,20000.0,3941,3941,0.6563957361758828,1.0,3941,16,890,21495,23677,63378,62205
S2,none,43,76x79,0,6.0,15.0,1.08,0.85,0.001,0.75,0.55,,,,0,500,24.0,False,864.0,20000,20000.0,3934,3934,0.6552298467688208,1.0,3934,13,864,24379,26931,74045,72839
S2,none,37,76x79,0,6.0,15.0,1.08,0.85,0.001,0.75,0.55,,,,0,500,24.0,False,792.0,20000,20000.0,3932,3932,0.6548967355096602,1.0,3932,19,966,22891,24988,67536,66430
S2,none,36,76x79,0,6.0,15.0,1.08,0.85,0.001,0.75,0.55,,,,0,500,24.0,False,624.0,20000,20000.0,3936,3936,0.6555629580279814,1.0,3936,12,986,24034,26775,74109,73027
S2,none,42,76x79,0,6.0,15.0,1.08,0.85,0.001,0.75,0.55,,,,0,500,24.0,False,720.0,20000,20000.0,3938,3938,0.655896069287142,1.0,3938,11,982,22634,25088,69498,68414
S2,none,38,76x79,0,6.0,15.0,1.08,0.85,0.001,0.75,0.55,,,,0,500,24.0,False,792.0,20000,20000.0,3937,3937,0.6557295136575616,1.0,3937,20,911,22454,25267,71249,70093
S2,none,40,76x79,0,6.0,15.0,1.08,0.85,0.001,0.75,0.55,,,,0,500,24.0,False,792.0,20000,20000.0,3937,3937,0.6557295136575616,1.0,3937,20,929,23153,25401,68681,67543
S2,none,39,76x79,0,6.0,15.0,1.08,0.85,0.001,0.75,0.55,,,,0,500,24.0,False,744.0,20000,20000.0,3936,3936,0.6555629580279814,1.0,3936,15,939,23873,26598,71637,70508
S2,none,41,76x79,0,6.0,15.0,1.08,0.85,0.001,0.75,0.55,,,,0,500,24.0,False,720.0,20000,20000.0,3927,3927,0.6540639573617588,1.0,3927,23,909,23877,25958,69605,68437
S2,none,49,76x79,0,6.0,15.0,1.08,0.85,0.001,0.75,0.55,,,,0,500,24.0,False,1656.0,20000,20000.0,3939,3939,0.6560626249167222,1.0,3939,32,806,23664,28007,90900,89641
S2,none,44,76x79,0,6.0,15.0,1.08,0.85,0.001,0.75,0.55,,,,0,500,24.0,False,624.0,20000,20000.0,3932,3932,0.6548967355096602,1.0,3932,15,1011,23695,25497,67582,66521
S2,none,50,76x79,0,6.0,15.0,1.08,0.85,0.001,0.75,0.55,,,,0,500,24.0,False,624.0,20000,20000.0,3936,3936,0.6555629580279814,1.0,3936,17,898,22098,24572,66111,64941
S2,none,45,76x79,0,6.0,15.0,1.08,0.85,0.001,0.75,0.55,,,,0,500,24.0,False,744.0,20000,20000.0,3934,3934,0.6552298467688208,1.0,3934,29,1006,25863,29198,79432,78368
S2,none,46,76x79,0,6.0,15.0,1.08,0.85,0.001,0.75,0.55,,,,0,500,24.0,False,720.0,20000,20000.0,3939,3939,0.6560626249167222,1.0,3939,19,992,23837,26219,72347,71274
S2,none,48,76x79,0,6.0,15.0,1.08,0.85,0.001,0.75,0.55,,,,0,500,24.0,False,744.0,20000,20000.0,3932,3932,0.6548967355096602,1.0,3932,16,844,23085,25253,70789,69561
S2,none,47,76x79,0,6.0,15.0,1.08,0.85,0.001,0.75,0.55,,,,0,500,24.0,False,840.0,20000,20000.0,3926,3926,0.6538974017321786,1.0,3926,19,971,23015,25843,71748,70641
S2,none,51,76x79,0,6.0,15.0,1.08,0.85,0.001,0.75,0.55,,,,0,500,24.0,False,792.0,20000,20000.0,3932,3932,0.6548967355096602,1.0,3932,22,948,23790,26352,73219,72095
S2,none,56,76x79,0,6.0,15.0,1.08,0.85,0.001,0.75,0.55,,,,0,500,24.0,False,792.0,20000,20000.0,3936,3936,0.6555629580279814,1.0,3936,23,858,21759,24274,69720,68510
S2,none,55,76x79,0,6.0,15.0,1.08,0.85,0.001,0.75,0.55,,,,0,500,24.0,False,936.0,20000,20000.0,3932,3932,0.6548967355096602,1.0,3932,10,870,22254,25204,72863,71661
S2,none,53,76x79,0,6.0,15.0,1.08,0.85,0.001,0.75,0.55,,,,0,500,24.0,False,1056.0,20000,20000.0,3942,3942,0.656562291805463,1.0,3942,24,1039,25032,28438,81653,80630
S2,none,58,76x79,0,6.0,15.0,1.08,0.85,0.001,0.75,0.55,,,,0,500,24.0,False,888.0,20000,20000.0,3931,3931,0.65473017988008,1.0,3931,23,946,23446,25815,74998,73871
S2,none,54,76x79,0,6.0,15.0,1.08,0.85,0.001,0.75,0.55,,,,0,500,24.0,False,744.0,20000,20000.0,3940,3940,0.6562291805463024,1.0,3940,16,925,22587,25233,69433,68294
S2,none,52,76x79,0,6.0,15.0,1.08,0.85,0.001,0.75,0.55,,,,0,500,24.0,False,552.0,20000,20000.0,3934,3934,0.6552298467688208,1.0,3934,13,978,23081,24826,65880,64788
S2,none,57,76x79,0,6.0,15.0,1.08,0.85,0.001,0.75,0.55,,,,0,500,24.0,False,744.0,20000,20000.0,3936,3936,0.6555629580279814,1.0,3936,18,912,23666,25654,70003,68847
S2,none,59,76x79,0,6.0,15.0,1.08,0.85,0.001,0.75,0.55,,,,0,500,24.0,False,1056.0,20000,20000.0,3943,3943,0.6567288474350433,1.0,3943,19,912,23129,26349,77356,76207
S2,none,62,76x79,0,6.0,15.0,1.08,0.85,0.001,0.75,0.55,,,,0,500,24.0,False,1032.0,20000,20000.0,3935,3935,0.655396402398401,1.0,3935,27,789,21802,24980,75117,73837
S2,none,66,76x79,0,6.0,15.0,1.08,0.85,0.001,0.75,0.55,,,,0,500,24.0,False,1224.0,20000,20000.0,3929,3929,0.6543970686209194,1.0,3929,33,990,24860,28351,85231,84146
S2,none,60,76x79,0,6.0,15.0,1.08,0.85,0.001,0.75,0.55,,,,0,500,24.0,False,888.0,20000,20000.0,3937,3937,0.6557295136575616,1.0,3937,22,877,24024,26874,74151,72961
S2,none,65,76x79,0,6.0,15.0,1.08,0.85,0.001,0.75,0.55,,,,0,500,24.0,False,792.0,20000,20000.0,3947,3947,0.6573950699533644,1.0,3947,23,938,25223,27960,75871,74752
S2,none,63,76x79,0,6.0,15.0,1.08,0.85,0.001,0.75,0.55,,,,0,500,24.0,False,936.0,20000,20000.0,3942,3942,0.656562291805463,1.0,3942,23,916,21679,24278,71169,70023
S2,none,61,76x79,0,6.0,15.0,1.08,0.85,0.001,0.75,0.55,,,,0,500,24.0,False,840.0,20000,20000.0,3944,3944,0.6568954030646236,1.0,3944,15,846,22410,24955,69999,68785
S2,none,64,76x79,0,6.0,15.0,1.08,0.85,0.001,0.75,0.55,,,,0,500,24.0,False,960.0,20000,20000.0,3937,3937,0.6557295136575616,1.0,3937,23,900,24305,27378,78927,77760
S2,none,67,76x79,0,6.0,15.0,1.08,0.85,0.001,0.75,0.55,,,,0,500,24.0,False,960.0,20000,20000.0,3933,3933,0.6550632911392406,1.0,3933,20,1062,25524,29010,80995,79986
S2,none,68,76x79,0,6.0,15.0,1.08,0.85,0.001,0.75,0.55,,,,0,500,24.0,False,1056.0,20000,20000.0,3933,3933,0.6550632911392406,1.0,3933,25,856,21694,24629,73982,72767
S2,none,73,76x79,0,6.0,15.0,1.08,0.85,0.001,0.75,0.55,,,,0,500,24.0,False,984.0,20000,20000.0,3943,3943,0.6567288474350433,1.0,3943,25,756,21403,24212,73751,72446
S2,none,71,76x79,0,6.0,15.0,1.08,0.85,0.001,0.75,0.55,,,,0,500,24.0,False,1080.0,20000,20000.0,3942,3942,0.656562291805463,1.0,3942,21,880,22472,25707,76192,75010
S2,none,74,76x79,0,6.0,15.0,1.08,0.85,0.001,0.75,0.55,,,,0,500,24.0,False,936.0,20000,20000.0,3931,3931,0.65473017988008,1.0,3931,22,910,23707,26999,76431,75268
S2,none,72,76x79,0,6.0,15.0,1.08,0.85,0.001,0.75,0.55,,,,0,500,24.0,False,960.0,20000,20000.0,3936,3936,0.6555629580279814,1.0,3936,20,815,21322,23561,69792,68539
S2,none,70,76x79,0,6.0,15.0,1.08,0.85,0.001,0.75,0.55,,,,0,500,24.0,False,600.0,20000,20000.0,3945,3945,0.6570619586942039,1.0,3945,13,820,21885,24276,69077,67838
S2,none,69,76x79,0,6.0,15.0,1.08,0.85,0.001,0.75,0.55,,,,0,500,24.0,False,864.0,20000,20000.0,3944,3944,0.6568954030646236,1.0,3944,17,911,22648,25070,69679,68530
S2,none,75,76x79,0,6.0,15.0,1.08,0.85,0.001,0.75,0.55,,,,0,500,24.0,False,768.0,20000,20000.0,3953,3953,0.6583944037308461,1.0,3953,12,924,23677,26722,72300,71173
S2,none,81,76x79,0,6.0,15.0,1.08,0.85,0.001,0.75,0.55,,,,0,500,24.0,False,816.0,20000,20000.0,3936,3936,0.6555629580279814,1.0,3936,12,824,21771,24383,69615,68371
S2,none,82,76x79,0,6.0,15.0,1.08,0.85,0.001,0.75,0.55,,,,0,500,24.0,False,1104.0,20000,20000.0,3939,3939,0.6560626249167222,1.0,3939,23,831,22687,25691,75562,74328
S2,none,78,76x79,0,6.0,15.0,1.08,0.85,0.001,0.75,0.55,,,,0,500,24.0,False,888.0,20000,20000.0,3935,3935,0.655396402398401,1.0,3935,14,1004,23788,26618,74562,73497
S2,none,77,76x79,0,6.0,15.0,1.08,0.85,0.001,0.75,0.55,,,,0,500,24.0,False,624.0,20000,20000.0,3936,3936,0.6555629580279814,1.0,3936,23,1013,22049,23981,65791,64736
S2,none,83,76x79,0,6.0,15.0,1.08,0.85,0.001,0.75,0.55,,,,0,500,24.0,False,888.0,20000,20000.0,3924,3924,0.653564290473018,1.0,3924,18,763,21957,24667,69965,68648
S2,none,79,76x79,0,6.0,15.0,1.08,0.85,0.001,0.75,0.55,,,,0,500,24.0,False,768.0,20000,20000.0,3940,3940,0.6562291805463024,1.0,3940,9,912,24604,27524,74041,72889
S2,none,80,76x79,0,6.0,15.0,1.08,0.85,0.001,0.75,0.55,,,,0,500,24.0,False,984.0,20000,20000.0,3940,3940,0.6562291805463024,1.0,3940,26,965,23036,25783,74442,73343
S2,none,76,76x79,0,6.0,15.0,1.08,0.85,0.001,0.75,0.55,,,,0,500,24.0,False,696.0,20000,20000.0,3939,3939,0.6560626249167222,1.0,3939,21,879,21753,24239,65170,63984
S2,none,89,76x79,0,6.0,15.0,1.08,0.85,0.001,0.75,0.55,,,,0,500,24.0,False,1536.0,20000,20000.0,3933,3933,0.6550632911392406,1.0,3933,28,1047,25103,29130,90562,89538
S2,none,91,76x79,0,6.0,15.0,1.08,0.85,0.001,0.75,0.55,,,,0,500,24.0,False,1008.0,20000,20000.0,3941,3941,0.6563957361758828,1.0,3941,18,972,24451,27733,80654,79563
S2,none,87,76x79,0,6.0,15.0,1.08,0.85,0.001,0.75,0.55,,,,0,500,24.0,False,768.0,20000,20000.0,3937,3937,0.6557295136575616,1.0,3937,14,892,23342,25799,69928,68753
S2,none,84,76x79,0,6.0,15.0,1.08,0.85,0.001,0.75,0.55,,,,0,500,24.0,False,696.0,20000,20000.0,3937,3937,0.6557295136575616,1.0,3937,16,826,22399,25052,67807,66566
S2,none,86,76x79,0,6.0,15.0,1.08,0.85,0.001,0.75,0.55,,,,0,500,24.0,False,600.0,20000,20000.0,3935,3935,0.655396402398401,1.0,3935,17,823,21518,23590,64081,62835
S2,none,90,76x79,0,6.0,15.0,1.08,0.85,0.001,0.75,0.55,,,,0,500,24.0,False,792.0,20000,20000.0,3933,3933,0.6550632911392406,1.0,3933,21,895,23760,26628,73648,72472
S2,none,85,76x79,0,6.0,15.0,1.08,0.85,0.001,0.75,0.55,,,,0,500,24.0,False,696.0,20000,20000.0,3940,3940,0.6562291805463024,1.0,3940,32,866,24103,26663,70387,69189
S2,none,88,76x79,0,6.0,15.0,1.08,0.85,0.001,0.75,0.55,,,,0,500,24.0,False,648.0,20000,20000.0,3941,3941,0.6563957361758828,1.0,3941,11,891,23299,25607,70901,69729
S2,none,95,76x79,0,6.0,15.0,1.08,0.85,0.001,0.75,0.55,,,,0,500,24.0,False,960.0,20000,20000.0,3935,3935,0.655396402398401,1.0,3935,24,902,22495,24847,71613,70446
S2,none,92,76x79,0,6.0,15.0,1.08,0.85,0.001,0.75,0.55,,,,0,500,24.0,False,768.0,20000,20000.0,3932,3932,0.6548967355096602,1.0,3932,17,859,21970,23944,67538,66325
S2,none,94,76x79,0,6.0,15.0,1.08,0.85,0.001,0.75,0.55,,,,0,500,24.0,False,792.0,20000,20000.0,3937,3937,0.6557295136575616,1.0,3937,18,845,21631,24340,68975,67753
S2,none,96,76x79,0,6.0,15.0,1.08,0.85,0.001,0.75,0.55,,,,0,500,24.0,False,768.0,20000,20000.0,3941,3941,0.6563957361758828,1.0,3941,15,1024,23961,27036,73159,72120
S2,none,99,76x79,0,6.0,15.0,1.08,0.85,0.001,0.75,0.55,,,,0,500,24.0,False,696.0,20000,20000.0,3934,3934,0.6552298467688208,1.0,3934,19,958,25204,28235,75253,74141
S2,none,93,76x79,0,6.0,15.0,1.08,0.85,0.001,0.75,0.55,,,,0,500,24.0,False,816.0,20000,20000.0,3939,3939,0.6560626249167222,1.0,3939,20,937,24668,27255,74251,73123
S2,none,98,76x79,0,6.0,15.0,1.08,0.85,0.001,0.75,0.55,,,,0,500,24.0,False,888.0,20000,20000.0,3927,3927,0.6540639573617588,1.0,3927,18,1005,24401,26894,75469,74397
S2,none,97,76x79,0,6.0,15.0,1.08,0.85,0.001,0.75,0.55,,,,0,500,24.0,False,744.0,20000,20000.0,3935,3935,0.655396402398401,1.0,3935,27,981,25732,28835,78547,77459
S2,none,2,76x79,0,6.0,15.0,1.08,0.85,0.001,0.75,0.6,,,,0,500,24.0,False,840.0,20000,20000.0,3936,3936,0.6555629580279814,1.0,3936,19,811,18937,26053,69932,68675
S2,none,0,76x79,0,6.0,15.0,1.08,0.85,0.001,0.75,0.6,,,,0,500,24.0,False,888.0,20000,20000.0,3940,3940,0.6562291805463024,1.0,3940,20,850,17606,23441,64113,62899
S2,none,5,76x79,0,6.0,15.0,1.08,0.85,0.001,0.75,0.6,,,,0,500,24.0,False,552.0,20000,20000.0,3947,3947,0.6573950699533644,1.0,3947,13,812,17534,23663,61006,59761
S2,none,6,76x79,0,6.0,15.0,1.08,0.85,0.001,0.75,0.6,,,,0,500,24.0,False,696.0,20000,20000.0,3949,3949,0.657728181212525,1.0,3949,16,859,18519,25301,62774,61578
S2,none,3,76x79,0,6.0,15.0,1.08,0.85,0.001,0.75,0.6,,,,0,500,24.0,False,720.0,20000,20000.0,3934,3934,0.6552298467688208,1.0,3934,16,916,18969,25769,64467,63313
S2,none,1,76x79,0,6.0,15.0,1.08,0.85,0.001,0.75,0.6,,,,0,500,24.0,False,792.0,20000,20000.0,3940,3940,0.6562291805463024,1.0,3940,17,904,19304,26185,66795,65635
S2,none,7,76x79,0,6.0,15.0,1.08,0.85,0.001,0.75,0.6,,,,0,500,24.0,False,624.0,20000,20000.0,3936,3936,0.6555629580279814,1.0,3936,21,916,19141,25937,63686,62534
S2,none,4,76x79,0,6.0,15.0,1.08,0.85,0.001,0.75,0.6,,,,0,500,24.0,False,648.0,20000,20000.0,3953,3953,0.6583944037308461,1.0,3953,16,825,19557,26431,65114,63888
S2,none,10,76x79,0,6.0,15.0,1.08,0.85,0.001,0.75,0.6,,,,0,500,24.0,False,984.0,20000,20000.0,3949,3949,0.657728181212525,1.0,3949,25,964,20044,27799,73643,72552
S2,none,14,76x79,0,6.0,15.0,1.08,0.85,0.001,0.75,0.6,,,,0,500,24.0,False,936.0,20000,20000.0,3935,3935,0.655396402398401,1.0,3935,12,976,20552,28445,75589,74496
S2,none,12,76x79,0,6.0,15.0,1.08,0.85,0.001,0.75,0.6,,,,0,500,24.0,False,864.0,20000,20000.0,3947,3947,0.6573950699533644,1.0,3947,21,898,20013,27340,71155,69996
S2,none,8,76x79,0,6.0,15.0,1.08,0.85,0.001,0.75,0.6,,,,0,500,24.0,False,648.0,20000,20000.0,3944,3944,0.6568954030646236,1.0,3944,17,758,17079,22991,61065,59763
S2,none,9,76x79,0,6.0,15.0,1.08,0.85,0.001,0.75,0.6,,,,0,500,24.0,False,744.0,20000,20000.0,3948,3948,0.6575616255829447,1.0,3948,15,918,19566,26999,68534,67396
S2,none,13,76x79,0,6.0,15.0,1.08,0.85,0.001,0.75,0.6,,,,0,500,24.0,False,600.0,20000,20000.0,3945,3945,0.6570619586942039,1.0,3945,16,952,19135,25649,63043,61936
S2,none,11,76x79,0,6.0,15.0,1.08,0.85,0.001,0.75,0.6,,,,0,500,24.0,False,768.0,20000,20000.0,3954,3954,0.6585609593604264,1.0,3954,14,839,18830,26332,66684,65473
S2,none,15,76x79,0,6.0,15.0,1.08,0.85,0.001,0.75,0.6,,,,0,500,24.0,False,792.0,20000,20000.0,3935,3935,0.655396402398401,1.0,3935,22,845,20194,27979,71960,70736
S2,none,20,76x79,0,6.0,15.0,1.08,0.85,0.001,0.75,0.6,,,,0,500,24.0,False,768.0,20000,20000.0,3952,3952,0.6582278481012658,1.0,3952,16,808,18551,24961,64276,63032
S2,none,16,76x79,0,6.0,15.0,1.08,0.85,0.001,0.75,0.6,,,,0,500,24.0,False,576.0,20000,20000.0,3945,3945,0.6570619586942039,1.0,3945,11,939,19928,26842,65783,64663
S2,none,17,76x79,0,6.0,15.0,1.08,0.85,0.001,0.75,0.6,,,,0,500,24.0,False,648.0,20000,20000.0,3943,3943,0.6567288474350433,1.0,3943,25,900,19825,26879,67115,65954
S2,none,19,76x79,0,6.0,15.0,1.08,0.85,0.001,0.75,0.6,,,,0,500,24.0,False,768.0,20000,20000.0,3948,3948,0.6575616255829447,1.0,3948,19,839,19516,26420,68281,67064
S2,none,18,76x79,0,6.0,15.0,1.08,0.85,0.001,0.75,0.6,,,,0,500,24.0,False,792.0,20000,20000.0,3950,3950,0.6578947368421053,1.0,3950,12,757,18243,24747,65657,64360
S2,none,21,76x79,0,6.0,15.0,1.08,0.85,0.001,0.75,0.6,,,,0,500,24.0,False,696.0,20000,20000.0,3950,3950,0.6578947368421053,1.0,3950,12,848,18510,24820,62439,61233
S2,none,22,76x79,0,6.0,15.0,1.08,0.85,0.001,0.75,0.6,,,,0,500,24.0,False,744.0,20000,20000.0,3956,3956,0.6588940706195869,1.0,3956,25,900,19298,26241,66154,65006
S2,none,23,76x79,0,6.0,15.0,1.08,0.85,0.001,0.75,0.6,,,,0,500,24.0,False,672.0,20000,20000.0,3948,3948,0.6575616255829447,1.0,3948,16,832,18163,24268,60405,59181
S2,none,25,76x79,0,6.0,15.0,1.08,0.85,0.001,0.75,0.6,,,,0,500,24.0,False,888.0,20000,20000.0,3941,3941,0.6563957361758828,1.0,3941,18,840,19180,26172,68931,67708
S2,none,27,76x79,0,6.0,15.0,1.08,0.85,0.001,0.75,0.6,,,,0,500,24.0,False,624.0,20000,20000.0,3944,3944,0.6568954030646236,1.0,3944,13,852,17899,24172,59946,58738
S2,none,29,76x79,0,6.0,15.0,1.08,0.85,0.001,0.75,0.6,,,,0,500,24.0,False,576.0,20000,20000.0,3940,3940,0.6562291805463024,1.0,3940,18,918,17923,23914,58843,57697
S2,none,24,76x79,0,6.0,15.0,1.08,0.85,0.001,0.75,0.6,,,,0,500,24.0,False,648.0,20000,20000.0,3947,3947,0.6573950699533644,1.0,3947,16,866,17968,24062,60572,59381
S2,none,26,76x79,0,6.0,15.0,1.08,0.85,0.001,0.75,0.6,,,,0,500,24.0,False,840.0,20000,20000.0,3945,3945,0.6570619586942039,1.0,3945,14,851,18439,25340,69637,68429
S2,none,28,76x79,0,6.0,15.0,1.08,0.85,0.001,0.75,0.6,,,,0,500,24.0,False,648.0,20000,20000.0,3944,3944,0.6568954030646236,1.0,3944,18,863,19262,25727,61985,60788
S2,none,31,76x79,0,6.0,15.0,1.08,0.85,0.001,0.75,0.6,,,,0,500,24.0,False,696.0,20000,20000.0,3944,3944,0.6568954030646236,1.0,3944,13,794,18422,25033,62413,61147
S2,none,30,76x79,0,6.0,15.0,1.08,0.85,0.001,0.75,0.6,,,,0,500,24.0,False,600.0,20000,20000.0,3944,3944,0.6568954030646236,1.0,3944,17,800,17703,22915,57732,56472
S2,none,35,76x79,0,6.0,15.0,1.08,0.85,0.001,0.75,0.6,,,,0,500,24.0,False,888.0,20000,20000.0,3940,3940,0.6562291805463024,1.0,3940,12,856,19148,25995,67615,66407
S2,none,32,76x79,0,6.0,15.0,1.08,0.85,0.001,0.75,0.6,,,,0,500,24.0,False,672.0,20000,20000.0,3937,3937,0.6557295136575616,1.0,3937,23,951,19869,27540,69213,68097
S2,none,36,76x79,0,6.0,15.0,1.08,0.85,0.001,0.75,0.6,,,,0,500,24.0,False,696.0,20000,20000.0,3945,3945,0.6570619586942039,1.0,3945,14,831,19558,26284,66173,64945
S2,none,37,76x79,0,6.0,15.0,1.08,0.85,0.001,0.75,0.6,,,,0,500,24.0,False,720.0,20000,20000.0,3938,3938,0.655896069287142,1.0,3938,18,811,19726,27149,67385,66130
S2,none,33,76x79,0,6.0,15.0,1.08,0.85,0.001,0.75,0.6,,,,0,500,24.0,False,720.0,20000,20000.0,3928,3928,0.654230512991339,1.0,3928,18,865,19041,25525,66081,64870
S2,none,39,76x79,0,6.0,15.0,1.08,0.85,0.001,0.75,0.6,,,,0,500,24.0,False,696.0,20000,20000.0,3939,3939,0.6560626249167222,1.0,3939,14,902,19864,26877,66418,65255
S2,none,38,76x79,0,6.0,15.0,1.08,0.85,0.001,0.75,0.6,,,,0,500,24.0,False,672.0,20000,20000.0,3954,3954,0.6585609593604264,1.0,3954,18,860,19057,26189,64527,63337
S2,none,34,76x79,0,6.0,15.0,1.08,0.85,0.001,0.75,0.6,,,,0,500,24.0,False,792.0,20000,20000.0,3928,3928,0.654230512991339,1.0,3928,23,821,17005,23000,61057,59802
S2,none,44,76x79,0,6.0,15.0,1.08,0.85,0.001,0.75,0.6,,,,0,500,24.0,False,624.0,20000,20000.0,3956,3956,0.6588940706195869,1.0,3956,16,818,18790,25449,63886,62656
S2,none,43,76x79,0,6.0,15.0,1.08,0.85,0.001,0.75,0.6,,,,0,500,24.0,False,696.0,20000,20000.0,3945,3945,0.6570619586942039,1.0,3945,19,826,18542,25308,66683,65450
S2,none,42,76x79,0,6.0,15.0,1.08,0.85,0.001,0.75,0.6,,,,0,500,24.0,False,648.0,20000,20000.0,3934,3934,0.6552298467688208,1.0,3934,14,883,18536,25334,64931,63744
S2,none,47,76x79,0,6.0,15.0,1.08,0.85,0.001,0.75,0.6,,,,0,500,24.0,False,552.0,20000,20000.0,3937,3937,0.6557295136575616,1.0,3937,13,859,19463,26170,61809,60601
S2,none,41,76x79,0,6.0,15.0,1.08,0.85,0.001,0.75,0.6,,,,0,500,24.0,False,720.0,20000,20000.0,3952,3952,0.6582278481012658,1.0,3952,18,920,18743,25259,64034,62902
S2,none,45,76x79,0,6.0,15.0,1.08,0.85,0.001,0.75,0.6,,,,0,500,24.0,False,600.0,20000,20000.0,3942,3942,0.656562291805463,1.0,3942,25,855,19947,26622,66061,64854
S2,none,46,76x79,0,6.0,15.0,1.08,0.85,0.001,0.75,0.6,,,,0,500,24.0,False,624.0,20000,20000.0,3942,3942,0.656562291805463,1.0,3942,15,793,18768,25280,64347,63078
S2,none,40,76x79,0,6.0,15.0,1.08,0.85,0.001,0.75,0.6,,,,0,500,24.0,False,600.0,20000,20000.0,3959,3959,0.6593937375083277,1.0,3959,19,937,18627,25036,63910,62802
S2,none,55,76x79,0,6.0,15.0,1.08,0.85,0.001,0.75,0.6,,,,0,500,24.0,False,840.0,20000,20000.0,3940,3940,0.6562291805463024,1.0,3940,16,829,19084,26283,67455,66220
S2,none,52,76x79,0,6.0,15.0,1.08,0.85,0.001,0.75,0.6,,,,0,500,24.0,False,552.0,20000,20000.0,3950,3950,0.6578947368421053,1.0,3950,10,908,19251,25502,62752,61606
S2,none,48,76x79,0,6.0,15.0,1.08,0.85,0.001,0.75,0.6,,,,0,500,24.0,False,672.0,20000,20000.0,3944,3944,0.6568954030646236,1.0,3944,14,817,18767,24834,63008,61765
S2,none,49,76x79,0,6.0,15.0,1.08,0.85,0.001,0.75,0.6,,,,0,500,24.0,False,1200.0,20000,20000.0,3947,3947,0.6573950699533644,1.0,3947,20,901,19947,28382,77075,75919
S2,none,54,76x79,0,6.0,15.0,1.08,0.85,0.001,0.75,0.6,,,,0,500,24.0,False,888.0,20000,20000.0,3940,3940,0.6562291805463024,1.0,3940,15,863,18076,24624,65626,64425
S2,none,51,76x79,0,6.0,15.0,1.08,0.85,0.001,0.75,0.6,,,,0,500,24.0,False,696.0,20000,20000.0,3946,3946,0.6572285143237842,1.0,3946,21,841,19129,26037,64683,63466
S2,none,50,76x79,0,6.0,15.0,1.08,0.85,0.001,0.75,0.6,,,,0,500,24.0,False,696.0,20000,20000.0,3939,3939,0.6560626249167222,1.0,3939,23,864,18238,24565,62213,61012
S2,none,53,76x79,0,6.0,15.0,1.08,0.85,0.001,0.75,0.6,,,,0,500,24.0,False,624.0,20000,20000.0,3940,3940,0.6562291805463024,1.0,3940,17,842,18107,23973,60074,58852
S2,none,58,76x79,0,6.0,15.0,1.08,0.85,0.001,0.75,0.6,,,,0,500,24.0,False,648.0,20000,20000.0,3937,3937,0.6557295136575616,1.0,3937,21,921,19521,26308,65575,64429
S2,none,61,76x79,0,6.0,15.0,1.08,0.85,0.001,0.75,0.6,,,,0,500,24.0,False,744.0,20000,20000.0,3955,3955,0.6587275149900067,1.0,3955,21,820,17764,24385,62324,61095
S2,none,56,76x79,0,6.0,15.0,1.08,0.85,0.001,0.75,0.6,,,,0,500,24.0,False,816.0,20000,20000.0,3953,3953,0.6583944037308461,1.0,3953,14,925,20127,26999,68859,67733
S2,none,62,76x79,0,6.0,15.0,1.08,0.85,0.001,0.75,0.6,,,,0,500,24.0,False,696.0,20000,20000.0,3943,3943,0.6567288474350433,1.0,3943,17,826,19332,26196,65613,64378
S2,none,57,76x79,0,6.0,15.0,1.08,0.85,0.001,0.75,0.6,,,,0,500,24.0,False,696.0,20000,20000.0,3943,3943,0.6567288474350433,1.0,3943,16,927,19521,26386,65905,64771
S2,none,60,76x79,0,6.0,15.0,1.08,0.85,0.001,0.75,0.6,,,,0,500,24.0,False,648.0,20000,20000.0,3949,3949,0.657728181212525,1.0,3949,15,826,17760,24184,60961,59732
S2,none,59,76x79,0,6.0,15.0,1.08,0.85,0.001,0.75,0.6,,,,0,500,24.0,False,744.0,20000,20000.0,3944,3944,0.6568954030646236,1.0,3944,15,896,19538,26181,66518,65354
S2,none,63,76x79,0,6.0,15.0,1.08,0.85,0.001,0.75,0.6,,,,0,500,24.0,False,576.0,20000,20000.0,3946,3946,0.6572285143237842,1.0,3946,18,920,18561,24937,61262,60124
S2,none,64,76x79,0,6.0,15.0,1.08,0.85,0.001,0.75,0.6,,,,0,500,24.0,False,912.0,20000,20000.0,3950,3950,0.6578947368421053,1.0,3950,18,827,17349,23908,67657,66430
S2,none,69,76x79,0,6.0,15.0,1.08,0.85,0.001,0.75,0.6,,,,0,500,24.0,False,600.0,20000,20000.0,3941,3941,0.6563957361758828,1.0,3941,16,871,18432,24847,63312,62120
S2,none,65,76x79,0,6.0,15.0,1.08,0.85,0.001,0.75,0.6,,,,0,500,24.0,False,552.0,20000,20000.0,3939,3939,0.6560626249167222,1.0,3939,26,881,18169,24332,59926,58742
S2,none,66,76x79,0,6.0,15.0,1.08,0.85,0.001,0.75,0.6,,,,0,500,24.0,False,936.0,20000,20000.0,3943,3943,0.6567288474350433,1.0,3943,27,801,17495,23707,64386,63126
S2,none,68,76x79,0,6.0,15.0,1.08,0.85,0.001,0.75,0.6,,,,0,500,24.0,False,600.0,20000,20000.0,3957,3957,0.6590606262491672,1.0,3957,21,878,18884,25425,63371,62202
S2,none,67,76x79,0,6.0,15.0,1.08,0.85,0.001,0.75,0.6,,,,0,500,24.0,False,768.0,20000,20000.0,3941,3941,0.6563957361758828,1.0,3941,12,798,18141,24852,65198,63933
S2,none,71,76x79,0,6.0,15.0,1.08,0.85,0.001,0.75,0.6,,,,0,500,24.0,False,960.0,20000,20000.0,3950,3950,0.6578947368421053,1.0,3950,18,778,17656,24797,66486,65210
S2,none,70,76x79,0,6.0,15.0,1.08,0.85,0.001,0.75,0.6,,,,0,500,24.0,False,696.0,20000,20000.0,3942,3942,0.656562291805463,1.0,3942,15,819,17567,24234,60992,59749
S2,none,72,76x79,0,6.0,15.0,1.08,0.85,0.001,0.75,0.6,,,,0,500,24.0,False,960.0,20000,20000.0,3927,3927,0.6540639573617588,1.0,3927,15,838,17884,24581,66333,65094
S2,none,75,76x79,0,6.0,15.0,1.08,0.85,0.001,0.75,0.6,,,,0,500,24.0,False,696.0,20000,20000.0,3941,3941,0.6563957361758828,1.0,3941,14,880,18995,25755,65069,63886
S2,none,74,76x79,0,6.0,15.0,1.08,0.85,0.001,0.75,0.6,,,,0,500,24.0,False,768.0,20000,20000.0,3959,3959,0.6593937375083277,1.0,3959,21,854,18409,24981,65529,64338
S2,none,76,76x79,0,6.0,15.0,1.08,0.85,0.001,0.75,0.6,,,,0,500,24.0,False,648.0,20000,20000.0,3953,3953,0.6583944037308461,1.0,3953,15,853,18104,24683,61315,60117
S2,none,73,76x79,0,6.0,15.0,1.08,0.85,0.001,0.75,0.6,,,,0,500,24.0,False,840.0,20000,20000.0,3949,3949,0.657728181212525,1.0,3949,15,861,18578,25573,67379,66185
S2,none,79,76x79,0,6.0,15.0,1.08,0.85,0.001,0.75,0.6,,,,0,500,24.0,False,696.0,20000,20000.0,3934,3934,0.6552298467688208,1.0,3934,12,903,18898,25805,66125,64958
S2,none,77,76x79,0,6.0,15.0,1.08,0.85,0.001,0.75,0.6,,,,0,500,24.0,False,600.0,20000,20000.0,3948,3948,0.6575616255829447,1.0,3948,18,852,18185,24540,62590,61386
S2,none,78,76x79,0,6.0,15.0,1.08,0.85,0.001,0.75,0.6,,,,0,500,24.0,False,528.0,20000,20000.0,3953,3953,0.6583944037308461,1.0,3953,19,962,18345,24345,57972,56883
S2,none,82,76x79,0,6.0,15.0,1.08,0.85,0.001,0.75,0.6,,,,0,500,24.0,False,984.0,20000,20000.0,3943,3943,0.6567288474350433,1.0,3943,28,872,17503,24094,68114,66925
S2,none,80,76x79,0,6.0,15.0,1.08,0.85,0.001,0.75,0.6,,,,0,500,24.0,False,768.0,20000,20000.0,3942,3942,0.656562291805463,1.0,3942,20,903,20033,27077,66903,65744
S2,none,81,76x79,0,6.0,15.0,1.08,0.85,0.001,0.75,0.6,,,,0,500,24.0,False,816.0,20000,20000.0,3943,3943,0.6567288474350433,1.0,3943,16,764,17359,23810,64707,63410
S2,none,83,76x79,0,6.0,15.0,1.08,0.85,0.001,0.75,0.6,,,,0,500,24.0,False,696.0,20000,20000.0,3938,3938,0.655896069287142,1.0,3938,14,829,18133,24712,62947,61710
S2,none,84,76x79,0,6.0,15.0,1.08,0.85,0.001,0.75,0.6,,,,0,500,24.0,False,600.0,20000,20000.0,3941,3941,0.6563957361758828,1.0,3941,15,957,19081,25614,64439,63333
S2,none,87,76x79,0,6.0,15.0,1.08,0.85,0.001,0.75,0.6,,,,0,500,24.0,False,696.0,20000,20000.0,3937,3937,0.6557295136575616,1.0,3937,17,830,18032,24062,62008,60771
S2,none,85,76x79,0,6.0,15.0,1.08,0.85,0.001,0.75,0.6,,,,0,500,24.0,False,576.0,20000,20000.0,3952,3952,0.6582278481012658,1.0,3952,17,788,18752,25126,62638,61374
S2,none,86,76x79,0,6.0,15.0,1.08,0.85,0.001,0.75,0.6,,,,0,500,24.0,False,648.0,20000,20000.0,3962,3962,0.6598934043970687,1.0,3962,11,847,19021,25334,62262,61067
S2,none,89,76x79,0,6.0,15.0,1.08,0.85,0.001,0.75,0.6,,,,0,500,24.0,False,1200.0,20000,20000.0,3942,3942,0.656562291805463,1.0,3942,26,821,18566,26421,74113,72872
S2,none,94,76x79,0,6.0,15.0,1.08,0.85,0.001,0.75,0.6,,,,0,500,24.0,False,648.0,20000,20000.0,3944,3944,0.6568954030646236,1.0,3944,14,864,18469,25038,65133,63937
S2,none,92,76x79,0,6.0,15.0,1.08,0.85,0.001,0.75,0.6,,,,0,500,24.0,False,960.0,20000,20000.0,3947,3947,0.6573950699533644,1.0,3947,15,829,18456,25769,69360,68132
S2,none,91,76x79,0,6.0,15.0,1.08,0.85,0.001,0.75,0.6,,,,0,500,24.0,False,936.0,20000,20000.0,3947,3947,0.6573950699533644,1.0,3947,22,810,19156,26621,71463,70216
S2,none,95,76x79,0,6.0,15.0,1.08,0.85,0.001,0.75,0.6,,,,0,500,24.0,False,816.0,20000,20000.0,3929,3929,0.6543970686209194,1.0,3929,19,894,19284,26756,69921,68740
S2,none,93,76x79,0,6.0,15.0,1.08,0.85,0.001,0.75,0.6,,,,0,500,24.0,False,816.0,20000,20000.0,3939,3939,0.6560626249167222,1.0,3939,13,809,19784,27332,69394,68138
S2,none,88,76x79,0,6.0,15.0,1.08,0.85,0.001,0.75,0.6,,,,0,500,24.0,False,600.0,20000,20000.0,3951,3951,0.6580612924716855,1.0,3951,19,851,17716,23230,59473,58271
S2,none,90,76x79,0,6.0,15.0,1.08,0.85,0.001,0.75,0.6,,,,0,500,24.0,False,696.0,20000,20000.0,3950,3950,0.6578947368421053,1.0,3950,21,773,18807,25688,64900,63619
S2,none,98,76x79,0,6.0,15.0,1.08,0.85,0.001,0.75,0.6,,,,0,500,24.0,False,864.0,20000,20000.0,3948,3948,0.6575616255829447,1.0,3948,20,895,19914,27158,71049,69888
S2,none,99,76x79,0,6.0,15.0,1.08,0.85,0.001,0.75,0.6,,,,0,500,24.0,False,648.0,20000,20000.0,3951,3951,0.6580612924716855,1.0,3951,15,718,17831,24402,62470,61135
S2,none,96,76x79,0,6.0,15.0,1.08,0.85,0.001,0.75,0.6,,,,0,500,24.0,False,696.0,20000,20000.0,3937,3937,0.6557295136575616,1.0,3937,14,968,20271,27859,68182,67083
S2,none,2,76x79,0,6.0,15.0,1.08,0.85,0.001,0.75,1.0,,,,0,500,24.0,False,552.0,20000,20000.0,3980,3980,0.6628914057295137,1.0,3980,13,653,0,23445,39779,38408
S2,none,97,76x79,0,6.0,15.0,1.08,0.85,0.001,0.75,0.6,,,,0,500,24.0,False,600.0,20000,20000.0,3951,3951,0.6580612924716855,1.0,3951,12,834,17523,23909,61335,60116
S2,none,3,76x79,0,6.0,15.0,1.08,0.85,0.001,0.75,1.0,,,,0,500,24.0,False,432.0,20000,20000.0,3989,3989,0.6643904063957362,1.0,3989,10,806,0,23297,36386,35177
S2,none,0,76x79,0,6.0,15.0,1.08,0.85,0.001,0.75,1.0,,,,0,500,24.0,False,288.0,20000,20000.0,3990,3990,0.6645569620253164,1.0,3990,9,780,0,24175,36316,35082
S2,none,1,76x79,0,6.0,15.0,1.08,0.85,0.001,0.75,1.0,,,,0,500,24.0,False,432.0,20000,20000.0,3998,3998,0.6658894070619586,1.0,3998,11,736,0,23551,38059,36789
S2,none,6,76x79,0,6.0,15.0,1.08,0.85,0.001,0.75,1.0,,,,0,500,24.0,False,384.0,20000,20000.0,3980,3980,0.6628914057295137,1.0,3980,10,749,0,22894,36967,35692
S2,none,9,76x79,0,6.0,15.0,1.08,0.85,0.001,0.75,1.0,,,,0,500,24.0,False,504.0,20000,20000.0,3992,3992,0.664890073284477,1.0,3992,15,743,0,24379,39044,37775
S2,none,4,76x79,0,6.0,15.0,1.08,0.85,0.001,0.75,1.0,,,,0,500,24.0,False,312.0,20000,20000.0,3982,3982,0.6632245169886742,1.0,3982,11,697,0,23325,36333,35008
S2,none,5,76x79,0,6.0,15.0,1.08,0.85,0.001,0.75,1.0,,,,0,500,24.0,False,456.0,20000,20000.0,3987,3987,0.6640572951365756,1.0,3987,8,748,0,23769,37480,36211
S2,none,11,76x79,0,6.0,15.0,1.08,0.85,0.001,0.75,1.0,,,,0,500,24.0,False,408.0,20000,20000.0,3974,3974,0.6618920719520319,1.0,3974,9,842,0,24323,38148,36960
S2,none,8,76x79,0,6.0,15.0,1.08,0.85,0.001,0.75,1.0,,,,0,500,24.0,False,360.0,20000,20000.0,3981,3981,0.6630579613590939,1.0,3981,8,752,0,24912,39079,37808
S2,none,10,76x79,0,6.0,15.0,1.08,0.85,0.001,0.75,1.0,,,,0,500,24.0,False,408.0,20000,20000.0,3987,3987,0.6640572951365756,1.0,3987,8,784,0,25326,39822,38589
S2,none,7,76x79,0,6.0,15.0,1.08,0.85,0.001,0.75,1.0,,,,0,500,24.0,False,360.0,20000,20000.0,3987,3987,0.6640572951365756,1.0,3987,16,750,0,24259,37405,36138
S2,none,15,76x79,0,6.0,15.0,1.08,0.85,0.001,0.75,1.0,,,,0,500,24.0,False,384.0,20000,20000.0,3989,3989,0.6643904063957362,1.0,3989,10,741,0,24051,38673,37399
S2,none,12,76x79,0,6.0,15.0,1.08,0.85,0.001,0.75,1.0,,,,0,500,24.0,False,312.0,20000,20000.0,3988,3988,0.6642238507661559,1.0,3988,10,760,0,22144,33450,32194
S2,none,19,76x79,0,6.0,15.0,1.08,0.85,0.001,0.75,1.0,,,,0,500,24.0,False,432.0,20000,20000.0,3984,3984,0.6635576282478348,1.0,3984,11,771,0,24724,39815,38566
S2,none,14,76x79,0,6.0,15.0,1.08,0.85,0.001,0.75,1.0,,,,0,500,24.0,False,648.0,20000,20000.0,3994,3994,0.6652231845436376,1.0,3994,10,695,0,23000,40954,39639
S2,none,13,76x79,0,6.0,15.0,1.08,0.85,0.001,0.75,1.0,,,,0,500,24.0,False,336.0,20000,20000.0,3986,3986,0.6638907395069953,1.0,3986,8,687,0,23182,36565,35234
S2,none,17,76x79,0,6.0,15.0,1.08,0.85,0.001,0.75,1.0,,,,0,500,24.0,False,312.0,20000,20000.0,3998,3998,0.6658894070619586,1.0,3998,8,745,0,23006,34709,33448
S2,none,18,76x79,0,6.0,15.0,1.08,0.85,0.001,0.75,1.0,,,,0,500,24.0,False,528.0,20000,20000.0,3988,3988,0.6642238507661559,1.0,3988,8,708,0,23296,39119,37811
S2,none,16,76x79,0,6.0,15.0,1.08,0.85,0.001,0.75,1.0,,,,0,500,24.0,False,312.0,20000,20000.0,3972,3972,0.6615589606928715,1.0,3972,10,728,0,23917,36371,35067
S2,none,21,76x79,0,6.0,15.0,1.08,0.85,0.001,0.75,1.0,,,,0,500,24.0,False,480.0,20000,20000.0,3982,3982,0.6632245169886742,1.0,3982,14,783,0,24914,40457,39218
S2,none,22,76x79,0,6.0,15.0,1.08,0.85,0.001,0.75,1.0,,,,0,500,24.0,False,360.0,20000,20000.0,3993,3993,0.6650566289140573,1.0,3993,6,792,0,24170,38218,36999
S2,none,25,76x79,0,6.0,15.0,1.08,0.85,0.001,0.75,1.0,,,,0,500,24.0,False,480.0,20000,20000.0,3987,3987,0.6640572951365756,1.0,3987,13,837,0,25360,40865,39685
S2,none,26,76x79,0,6.0,15.0,1.08,0.85,0.001,0.75,1.0,,,,0,500,24.0,False,432.0,20000,20000.0,3989,3989,0.6643904063957362,1.0,3989,7,731,0,24939,40060,38776
S2,none,24,76x79,0,6.0,15.0,1.08,0.85,0.001,0.75,1.0,,,,0,500,24.0,False,432.0,20000,20000.0,3981,3981,0.6630579613590939,1.0,3981,8,804,0,23655,37204,35985
S2,none,27,76x79,0,6.0,15.0,1.08,0.85,0.001,0.75,1.0,,,,0,500,24.0,False,552.0,20000,20000.0,3980,3980,0.6628914057295137,1.0,3980,10,574,0,22370,38218,36768
S2,none,20,76x79,0,6.0,15.0,1.08,0.85,0.001,0.75,1.0,,,,0,500,24.0,False,480.0,20000,20000.0,3989,3989,0.6643904063957362,1.0,3989,10,736,0,23914,39063,37784
S2,none,23,76x79,0,6.0,15.0,1.08,0.85,0.001,0.75,1.0,,,,0,500,24.0,False,528.0,20000,20000.0,4004,4004,0.6668887408394404,1.0,4004,9,844,0,24963,39988,38832
S2,none,29,76x79,0,6.0,15.0,1.08,0.85,0.001,0.75,1.0,,,,0,500,24.0,False,648.0,20000,20000.0,3976,3976,0.6622251832111925,1.0,3976,9,727,0,25028,45167,43866
S2,none,35,76x79,0,6.0,15.0,1.08,0.85,0.001,0.75,1.0,,,,0,500,24.0,False,552.0,20000,20000.0,3978,3978,0.6625582944703531,1.0,3978,12,694,0,22997,38927,37595
S2,none,28,76x79,0,6.0,15.0,1.08,0.85,0.001,0.75,1.0,,,,0,500,24.0,False,360.0,20000,20000.0,3991,3991,0.6647235176548968,1.0,3991,8,708,0,23164,38013,36708
S2,none,30,76x79,0,6.0,15.0,1.08,0.85,0.001,0.75,1.0,,,,0,500,24.0,False,576.0,20000,20000.0,3974,3974,0.6618920719520319,1.0,3974,11,651,0,23525,41391,40012
S2,none,32,76x79,0,6.0,15.0,1.08,0.85,0.001,0.75,1.0,,,,0,500,24.0,False,360.0,20000,20000.0,3990,3990,0.6645569620253164,1.0,3990,7,713,0,23349,37358,36057
S2,none,34,76x79,0,6.0,15.0,1.08,0.85,0.001,0.75,1.0,,,,0,500,24.0,False,504.0,20000,20000.0,3999,3999,0.666055962691539,1.0,3999,13,746,0,23395,37837,36578
S2,none,31,76x79,0,6.0,15.0,1.08,0.85,0.001,0.75,1.0,,,,0,500,24.0,False,336.0,20000,20000.0,3987,3987,0.6640572951365756,1.0,3987,13,734,0,22713,36893,35610
S2,none,33,76x79,0,6.0,15.0,1.08,0.85,0.001,0.75,1.0,,,,0,500,24.0,False,384.0,20000,20000.0,3987,3987,0.6640572951365756,1.0,3987,9,758,0,23933,39046,37787
S2,none,38,76x79,0,6.0,15.0,1.08,0.85,0.001,0.75,1.0,,,,0,500,24.0,False,384.0,20000,20000.0,3984,3984,0.6635576282478348,1.0,3984,9,721,0,23663,38061,36762
S2,none,36,76x79,0,6.0,15.0,1.08,0.85,0.001,0.75,1.0,,,,0,500,24.0,False,336.0,20000,20000.0,3973,3973,0.6617255163224517,1.0,3973,8,805,0,23586,35935,34709
S2,none,37,76x79,0,6.0,15.0,1.08,0.85,0.001,0.75,1.0,,,,0,500,24.0,False,456.0,20000,20000.0,3990,3990,0.6645569620253164,1.0,3990,12,730,0,23673,38025,36741
S2,none,40,76x79,0,6.0,15.0,1.08,0.85,0.001,0.75,1.0,,,,0,500,24.0,False,312.0,20000,20000.0,3977,3977,0.6623917388407728,1.0,3977,8,729,0,22187,35595,34297
S2,none,39,76x79,0,6.0,15.0,1.08,0.85,0.001,0.75,1.0,,,,0,500,24.0,False,528.0,20000,20000.0,3975,3975,0.6620586275816123,1.0,3975,10,722,0,25380,41818,40511
S2,none,41,76x79,0,6.0,15.0,1.08,0.85,0.001,0.75,1.0,,,,0,500,24.0,False,408.0,20000,20000.0,3979,3979,0.6627248500999334,1.0,3979,12,668,0,23653,38103,36746
S2,none,43,76x79,0,6.0,15.0,1.08,0.85,0.001,0.75,1.0,,,,0,500,24.0,False,528.0,20000,20000.0,3989,3989,0.6643904063957362,1.0,3989,14,668,0,24407,41811,40464
S2,none,42,76x79,0,6.0,15.0,1.08,0.85,0.001,0.75,1.0,,,,0,500,24.0,False,336.0,20000,20000.0,3997,3997,0.6657228514323784,1.0,3997,8,790,0,23757,36826,35609
S2,none,49,76x79,0,6.0,15.0,1.08,0.85,0.001,0.75,1.0,,,,0,500,24.0,False,624.0,20000,20000.0,3980,3980,0.6628914057295137,1.0,3980,7,673,0,24411,42624,41273
S2,none,44,76x79,0,6.0,15.0,1.08,0.85,0.001,0.75,1.0,,,,0,500,24.0,False,576.0,20000,20000.0,3989,3989,0.6643904063957362,1.0,3989,6,618,0,23421,39906,38509
S2,none,47,76x79,0,6.0,15.0,1.08,0.85,0.001,0.75,1.0,,,,0,500,24.0,False,360.0,20000,20000.0,3982,3982,0.6632245169886742,1.0,3982,12,724,0,23969,38271,36973
S2,none,46,76x79,0,6.0,15.0,1.08,0.85,0.001,0.75,1.0,,,,0,500,24.0,False,360.0,20000,20000.0,3981,3981,0.6630579613590939,1.0,3981,11,736,0,23970,36960,35673
S2,none,45,76x79,0,6.0,15.0,1.08,0.85,0.001,0.75,1.0,,,,0,500,24.0,False,360.0,20000,20000.0,3978,3978,0.6625582944703531,1.0,3978,8,772,0,23675,36338,35084
S2,none,50,76x79,0,6.0,15.0,1.08,0.85,0.001,0.75,1.0,,,,0,500,24.0,False,432.0,20000,20000.0,3983,3983,0.6633910726182545,1.0,3983,11,641,0,22335,36936,35556
S2,none,51,76x79,0,6.0,15.0,1.08,0.85,0.001,0.75,1.0,,,,0,500,24.0,False,456.0,20000,20000.0,3984,3984,0.6635576282478348,1.0,3984,12,711,0,23302,38254,36945
S2,none,48,76x79,0,6.0,15.0,1.08,0.85,0.001,0.75,1.0,,,,0,500,24.0,False,528.0,20000,20000.0,3995,3995,0.6653897401732178,1.0,3995,8,783,0,24063,39186,37960
S2,none,53,76x79,0,6.0,15.0,1.08,0.85,0.001,0.75,1.0,,,,0,500,24.0,False,480.0,20000,20000.0,3972,3972,0.6615589606928715,1.0,3972,8,672,0,22200,36884,35524
S2,none,55,76x79,0,6.0,15.0,1.08,0.85,0.001,0.75,1.0,,,,0,500,24.0,False,384.0,20000,20000.0,3976,3976,0.6622251832111925,1.0,3976,6,738,0,23991,37783,36493
S2,none,58,76x79,0,6.0,15.0,1.08,0.85,0.001,0.75,1.0,,,,0,500,24.0,False,480.0,20000,20000.0,3989,3989,0.6643904063957362,1.0,3989,10,809,0,24892,41547,40341
S2,none,52,76x79,0,6.0,15.0,1.08,0.85,0.001,0.75,1.0,,,,0,500,24.0,False,336.0,20000,20000.0,3986,3986,0.6638907395069953,1.0,3986,11,792,0,24457,37057,35831
S2,none,56,76x79,0,6.0,15.0,1.08,0.85,0.001,0.75,1.0,,,,0,500,24.0,False,336.0,20000,20000.0,3988,3988,0.6642238507661559,1.0,3988,9,702,0,22492,36728,35414
S2,none,54,76x79,0,6.0,15.0,1.08,0.85,0.001,0.75,1.0,,,,0,500,24.0,False,312.0,20000,20000.0,3991,3991,0.6647235176548968,1.0,3991,11,739,0,24595,37175,35901
S2,none,57,76x79,0,6.0,15.0,1.08,0.85,0.001,0.75,1.0,,,,0,500,24.0,False,384.0,20000,20000.0,3986,3986,0.6638907395069953,1.0,3986,8,910,0,25639,40628,39520
S2,none,59,76x79,0,6.0,15.0,1.08,0.85,0.001,0.75,1.0,,,,0,500,24.0,False,336.0,20000,20000.0,3989,3989,0.6643904063957362,1.0,3989,7,737,0,22252,34049,32771
S2,none,60,76x79,0,6.0,15.0,1.08,0.85,0.001,0.75,1.0,,,,0,500,24.0,False,408.0,20000,20000.0,3997,3997,0.6657228514323784,1.0,3997,11,723,0,23242,37290,36006
S2,none,65,76x79,0,6.0,15.0,1.08,0.85,0.001,0.75,1.0,,,,0,500,24.0,False,456.0,20000,20000.0,3992,3992,0.664890073284477,1.0,3992,15,776,0,24600,37972,36736
S2,none,63,76x79,0,6.0,15.0,1.08,0.85,0.001,0.75,1.0,,,,0,500,24.0,False,336.0,20000,20000.0,3975,3975,0.6620586275816123,1.0,3975,8,721,0,23484,38138,36830
S2,none,64,76x79,0,6.0,15.0,1.08,0.85,0.001,0.75,1.0,,,,0,500,24.0,False,600.0,20000,20000.0,3990,3990,0.6645569620253164,1.0,3990,10,738,0,23050,39223,37947
S2,none,61,76x79,0,6.0,15.0,1.08,0.85,0.001,0.75,1.0,,,,0,500,24.0,False,312.0,20000,20000.0,4003,4003,0.66672218520986,1.0,4003,7,706,0,23580,38414,37119
S2,none,67,76x79,0,6.0,15.0,1.08,0.85,0.001,0.75,1.0,,,,0,500,24.0,False,336.0,20000,20000.0,3986,3986,0.6638907395069953,1.0,3986,10,769,0,24862,37809,36560
S2,none,66,76x79,0,6.0,15.0,1.08,0.85,0.001,0.75,1.0,,,,0,500,24.0,False,480.0,20000,20000.0,3998,3998,0.6658894070619586,1.0,3998,13,784,0,24235,39612,38390
S2,none,62,76x79,0,6.0,15.0,1.08,0.85,0.001,0.75,1.0,,,,0,500,24.0,False,360.0,20000,20000.0,3991,3991,0.6647235176548968,1.0,3991,10,684,0,22521,36603,35274
S2,none,72,76x79,0,6.0,15.0,1.08,0.85,0.001,0.75,1.0,,,,0,500,24.0,False,648.0,20000,20000.0,3977,3977,0.6623917388407728,1.0,3977,9,624,0,24488,42922,41519
S2,none,68,76x79,0,6.0,15.0,1.08,0.85,0.001,0.75,1.0,,,,0,500,24.0,False,432.0,20000,20000.0,3981,3981,0.6630579613590939,1.0,3981,9,827,0,24245,37339,36143
S2,none,69,76x79,0,6.0,15.0,1.08,0.85,0.001,0.75,1.0,,,,0,500,24.0,False,408.0,20000,20000.0,3990,3990,0.6645569620253164,1.0,3990,13,789,0,24666,37983,36758
S2,none,74,76x79,0,6.0,15.0,1.08,0.85,0.001,0.75,1.0,,,,0,500,24.0,False,336.0,20000,20000.0,3978,3978,0.6625582944703531,1.0,3978,5,786,0,24191,38330,37090
S2,none,71,76x79,0,6.0,15.0,1.08,0.85,0.001,0.75,1.0,,,,0,500,24.0,False,432.0,20000,20000.0,3990,3990,0.6645569620253164,1.0,3990,7,752,0,24044,38909,37647
S2,none,70,76x79,0,6.0,15.0,1.08,0.85,0.001,0.75,1.0,,,,0,500,24.0,False,336.0,20000,20000.0,3976,3976,0.6622251832111925,1.0,3976,6,653,0,23105,37241,35866
S2,none,75,76x79,0,6.0,15.0,1.08,0.85,0.001,0.75,1.0,,,,0,500,24.0,False,384.0,20000,20000.0,3983,3983,0.6633910726182545,1.0,3983,13,762,0,24796,38738,37479
S2,none,73,76x79,0,6.0,15.0,1.08,0.85,0.001,0.75,1.0,,,,0,500,24.0,False,576.0,20000,20000.0,3983,3983,0.6633910726182545,1.0,3983,6,706,0,23749,40309,38994
S2,none,77,76x79,0,6.0,15.0,1.08,0.85,0.001,0.75,1.0,,,,0,500,24.0,False,408.0,20000,20000.0,3983,3983,0.6633910726182545,1.0,3983,12,766,0,23422,36853,35598
S2,none,81,76x79,0,6.0,15.0,1.08,0.85,0.001,0.75,1.0,,,,0,500,24.0,False,456.0,20000,20000.0,3978,3978,0.6625582944703531,1.0,3978,9,707,0,23465,37091,35772
S2,none,79,76x79,0,6.0,15.0,1.08,0.85,0.001,0.75,1.0,,,,0,500,24.0,False,600.0,20000,20000.0,3977,3977,0.6623917388407728,1.0,3977,4,741,0,23781,41571,40285
S2,none,80,76x79,0,6.0,15.0,1.08,0.85,0.001,0.75,1.0,,,,0,500,24.0,False,360.0,20000,20000.0,3984,3984,0.6635576282478348,1.0,3984,6,817,0,24234,36765,35562
S2,none,76,76x79,0,6.0,15.0,1.08,0.85,0.001,0.75,1.0,,,,0,500,24.0,False,312.0,20000,20000.0,3988,3988,0.6642238507661559,1.0,3988,11,818,0,23895,35823,34625
S2,none,83,76x79,0,6.0,15.0,1.08,0.85,0.001,0.75,1.0,,,,0,500,24.0,False,480.0,20000,20000.0,3984,3984,0.6635576282478348,1.0,3984,11,630,0,23277,37628,36238
S2,none,78,76x79,0,6.0,15.0,1.08,0.85,0.001,0.75,1.0,,,,0,500,24.0,False,336.0,20000,20000.0,3987,3987,0.6640572951365756,1.0,3987,8,693,0,22602,37128,35804
S2,none,82,76x79,0,6.0,15.0,1.08,0.85,0.001,0.75,1.0,,,,0,500,24.0,False,456.0,20000,20000.0,3982,3982,0.6632245169886742,1.0,3982,8,849,0,23715,38749,37576
S2,none,91,76x79,0,6.0,15.0,1.08,0.85,0.001,0.75,1.0,,,,0,500,24.0,False,600.0,20000,20000.0,3980,3980,0.6628914057295137,1.0,3980,13,631,0,22885,39758,38365
S2,none,84,76x79,0,6.0,15.0,1.08,0.85,0.001,0.75,1.0,,,,0,500,24.0,False,384.0,20000,20000.0,3978,3978,0.6625582944703531,1.0,3978,6,768,0,24260,36504,35246
S2,none,89,76x79,0,6.0,15.0,1.08,0.85,0.001,0.75,1.0,,,,0,500,24.0,False,480.0,20000,20000.0,3973,3973,0.6617255163224517,1.0,3973,12,769,0,23871,38402,37140
S2,none,85,76x79,0,6.0,15.0,1.08,0.85,0.001,0.75,1.0,,,,0,500,24.0,False,432.0,20000,20000.0,3995,3995,0.6653897401732178,1.0,3995,9,747,0,22778,37475,36213
S2,none,86,76x79,0,6.0,15.0,1.08,0.85,0.001,0.75,1.0,,,,0,500,24.0,False,432.0,20000,20000.0,3988,3988,0.6642238507661559,1.0,3988,5,757,0,24601,38907,37648
S2,none,90,76x79,0,6.0,15.0,1.08,0.85,0.001,0.75,1.0,,,,0,500,24.0,False,360.0,20000,20000.0,3994,3994,0.6652231845436376,1.0,3994,15,761,0,23593,36740,35491
S2,none,87,76x79,0,6.0,15.0,1.08,0.85,0.001,0.75,1.0,,,,0,500,24.0,False,336.0,20000,20000.0,3983,3983,0.6633910726182545,1.0,3983,8,706,0,22835,35492,34177
S2,none,88,76x79,0,6.0,15.0,1.08,0.85,0.001,0.75,1.0,,,,0,500,24.0,False,456.0,20000,20000.0,3996,3996,0.6655562958027982,1.0,3996,9,772,0,23673,37564,36328
S2,none,93,76x79,0,6.0,15.0,1.08,0.85,0.001,0.75,1.0,,,,0,500,24.0,False,504.0,20000,20000.0,3984,3984,0.6635576282478348,1.0,3984,8,713,0,23029,38274,36967
S2,none,92,76x79,0,6.0,15.0,1.08,0.85,0.001,0.75,1.0,,,,0,500,24.0,False,576.0,20000,20000.0,3988,3988,0.6642238507661559,1.0,3988,8,702,0,24697,41917,40603
S2,none,99,76x79,0,6.0,15.0,1.08,0.85,0.001,0.75,1.0,,,,0,500,24.0,False,360.0,20000,20000.0,3985,3985,0.663724183877415,1.0,3985,9,839,0,25658,39637,38457
S2,none,95,76x79,0,6.0,15.0,1.08,0.85,0.001,0.75,1.0,,,,0,500,24.0,False,408.0,20000,20000.0,3981,3981,0.6630579613590939,1.0,3981,12,804,0,22665,36160,34941
S2,none,97,76x79,0,6.0,15.0,1.08,0.85,0.001,0.75,1.0,,,,0,500,24.0,False,336.0,20000,20000.0,3987,3987,0.6640572951365756,1.0,3987,10,779,0,23328,35937,34699
S2,none,98,76x79,0,6.0,15.0,1.08,0.85,0.001,0.75,1.0,,,,0,500,24.0,False,384.0,20000,20000.0,3985,3985,0.663724183877415,1.0,3985,11,844,0,25186,39576,38401
S2,none,94,76x79,0,6.0,15.0,1.08,0.85,0.001,0.75,1.0,,,,0,500,24.0,False,360.0,20000,20000.0,3988,3988,0.6642238507661559,1.0,3988,11,752,0,22277,35228,33964
S2,none,96,76x79,0,6.0,15.0,1.08,0.85,0.001,0.75,1.0,,,,0,500,24.0,False,312.0,20000,20000.0,3982,3982,0.6632245169886742,1.0,3982,9,763,0,22472,33983,32724
