series,scenario,seed,lattice,wander,tau_d,cyc_h,Twake,sigma,pRevert,revStore,oxyRev,wound_start_h,wound_freq_h,wound_size,wounds_inflicted,stop_threshold,check_every_h,wounding_stops_on_threshold,clone_established_at_h,target_hours,elapsed_h,final_clone_size,final_cells_total,final_density,final_clone_frac,final_burden,rev_total,rev_lost,rev_oxy_death,starve_total,shed_total,div_total
S3,bounded,1,76x79,0,6.0,15.0,1.08,0.85,0.001,0.2,0.5,1000,24,200,792,500,24.0,True,,20000,20000.0,2,3223,0.5368087941372418,0.0006205398696866273,6,435,405,3097,35249,423022,462692
S3,bounded,7,76x79,0,6.0,15.0,1.08,0.85,0.001,0.2,0.5,1000,24,200,792,500,24.0,True,,20000,20000.0,1,3229,0.5378081279147235,0.0003096934035305048,3,473,632,3760,35833,424334,464427
S3,bounded,4,76x79,0,6.0,15.0,1.08,0.85,0.001,0.2,0.5,1000,12,200,1584,500,24.0,True,,20000,20000.0,6,3240,0.5396402398401066,0.001851851851851852,58,451,850,8112,32833,412301,471693
S3,bounded,0,76x79,0,6.0,15.0,1.08,0.85,0.001,0.2,0.5,1000,24,200,792,500,24.0,True,,20000,20000.0,3,3177,0.5291472351765489,0.0009442870632672333,20,461,638,3977,35768,424343,464505
S3,bounded,6,76x79,0,6.0,15.0,1.08,0.85,0.001,0.2,0.5,1000,12,200,1584,500,24.0,True,,20000,20000.0,1,3039,0.5061625582944703,0.0003290556103981573,3,454,970,9273,33779,413792,473119
S3,bounded,5,76x79,0,6.0,15.0,1.08,0.85,0.001,0.2,0.5,1000,12,200,1584,500,24.0,True,,20000,20000.0,2,3099,0.5161558960692871,0.0006453694740238787,11,452,1046,8681,33941,413749,472872
S3,bounded,3,76x79,0,6.0,15.0,1.08,0.85,0.001,0.2,0.5,1000,12,200,1584,500,24.0,True,,20000,20000.0,1,3221,0.5364756828780812,0.0003104625892579944,4,455,2232,19732,40435,429250,491865
S3,bounded,2,76x79,0,6.0,15.0,1.08,0.85,0.001,0.2,0.5,1000,12,200,1584,500,24.0,True,,20000,20000.0,1,3076,0.5123251165889408,0.00032509752925877764,1,424,1848,19323,41543,430087,491199
S3,bounded,11,76x79,0,6.0,15.0,1.08,0.85,0.001,0.2,0.5,1000,48,200,396,500,24.0,True,,20000,20000.0,0,3341,0.5564623584277149,0.0,0,465,227,1953,38260,434426,460274
S3,bounded,15,76x79,0,6.0,15.0,1.08,0.85,0.001,0.2,0.5,1000,24,200,792,500,24.0,True,,20000,20000.0,10,3269,0.5444703530979347,0.0030590394616090547,49,479,381,2861,35782,423582,463918
S3,bounded,8,76x79,0,6.0,15.0,1.08,0.85,0.001,0.2,0.5,1000,12,200,1584,500,24.0,True,,20000,20000.0,3,3078,0.5126582278481012,0.0009746588693957114,22,478,756,7312,32125,411204,469639
S3,bounded,14,76x79,0,6.0,15.0,1.08,0.85,0.001,0.2,0.5,1000,12,200,1584,500,24.0,True,,20000,20000.0,1,3168,0.5276482345103265,0.0003156565656565657,4,419,1545,13820,36290,420699,481542
S3,bounded,10,76x79,0,6.0,15.0,1.08,0.85,0.001,0.2,0.5,1000,48,200,396,500,24.0,True,,20000,20000.0,12,3219,0.5361425716189208,0.003727865796831314,27,419,308,2256,38698,435323,461030
S3,bounded,13,76x79,0,6.0,15.0,1.08,0.85,0.001,0.2,0.5,1000,12,200,1584,500,24.0,True,,20000,20000.0,0,3209,0.534477015323118,0.0,0,448,1170,10010,33958,414926,474573
S3,bounded,9,76x79,0,6.0,15.0,1.08,0.85,0.001,0.2,0.5,1000,12,200,1584,500,24.0,True,,20000,20000.0,1,3239,0.5394736842105263,0.00030873726458783575,2,472,2005,20075,41533,430506,492087
S3,bounded,12,76x79,0,6.0,15.0,1.08,0.85,0.001,0.2,0.5,1000,12,200,1584,500,24.0,True,,20000,20000.0,0,3186,0.5306462358427715,0.0,0,457,1592,14701,37387,422311,483496
S3,bounded,19,76x79,0,6.0,15.0,1.08,0.85,0.001,0.2,0.5,1000,12,200,1584,500,24.0,True,,20000,20000.0,3,3088,0.5143237841439041,0.0009715025906735751,11,430,375,3610,31105,407562,464772
S3,bounded,18,76x79,0,6.0,15.0,1.08,0.85,0.001,0.2,0.5,1000,24,200,792,500,24.0,True,,20000,20000.0,0,3090,0.5146568954030646,0.0,0,464,407,3167,35080,422945,462514
S3,bounded,23,76x79,0,6.0,15.0,1.08,0.85,0.001,0.2,0.5,1000,12,200,1584,500,24.0,True,,20000,20000.0,2,3180,0.5296469020652899,0.0006289308176100629,4,450,1249,12042,35430,418085,478073
S3,bounded,22,76x79,0,6.0,15.0,1.08,0.85,0.001,0.2,0.5,1000,12,200,1584,500,24.0,True,,20000,20000.0,0,3189,0.5311459027315123,0.0,0,457,643,6036,32661,411045,469500
S3,bounded,21,76x79,0,6.0,15.0,1.08,0.85,0.001,0.2,0.5,1000,48,200,396,500,24.0,True,,20000,20000.0,5,3181,0.5298134576948701,0.0015718327569946558,19,483,305,2475,38770,435569,461320
S3,bounded,20,76x79,0,6.0,15.0,1.08,0.85,0.001,0.2,0.5,1000,12,200,1584,500,24.0,True,,20000,20000.0,9,3184,0.5303131245836109,0.002826633165829146,115,463,1349,12540,35909,418941,479171
S3,bounded,17,76x79,0,6.0,15.0,1.08,0.85,0.001,0.2,0.5,1000,48,200,396,500,24.0,True,,20000,20000.0,3,3244,0.5403064623584277,0.0009247842170160296,6,448,215,1972,38238,435094,460909
S3,bounded,16,76x79,0,6.0,15.0,1.08,0.85,0.001,0.2,0.5,1000,12,200,1584,500,24.0,True,,20000,20000.0,3,3201,0.5331445702864757,0.0009372071227741331,20,456,3623,37581,52770,455461,521493
S3,bounded,31,76x79,0,6.0,15.0,1.08,0.85,0.001,0.2,0.5,1000,12,200,1584,500,24.0,True,,20000,20000.0,2,3293,0.5484676882078614,0.0006073489219556636,18,450,979,8062,33349,412492,470949
S3,bounded,24,76x79,0,6.0,15.0,1.08,0.85,0.001,0.2,0.5,1000,24,200,792,500,24.0,True,,20000,20000.0,2,3185,0.5304796802131913,0.0006279434850863422,8,487,577,3655,35682,424584,464583
S3,bounded,27,76x79,0,6.0,15.0,1.08,0.85,0.001,0.2,0.5,1000,24,200,792,500,24.0,True,,20000,20000.0,2,3211,0.5348101265822784,0.0006228589224540642,9,451,469,3151,35237,422997,463630
S3,bounded,26,76x79,0,6.0,15.0,1.08,0.85,0.001,0.2,0.5,1000,24,200,792,500,24.0,True,,20000,20000.0,2,3279,0.5461359093937375,0.000609942055504727,2,447,724,4484,36112,425624,465989
S3,bounded,30,76x79,0,6.0,15.0,1.08,0.85,0.001,0.2,0.5,1000,24,200,792,500,24.0,True,,20000,20000.0,0,3188,0.5309793471019321,0.0,0,444,375,2601,35020,423066,462799
S3,bounded,25,76x79,0,6.0,15.0,1.08,0.85,0.001,0.2,0.5,1000,12,200,1584,500,24.0,True,,20000,20000.0,3,3096,0.5156562291805463,0.0009689922480620155,21,439,1535,14669,37531,422343,482405
S3,bounded,28,76x79,0,6.0,15.0,1.08,0.85,0.001,0.2,0.5,1000,24,200,792,500,24.0,True,,20000,20000.0,1,3176,0.5289806795469687,0.00031486146095717883,4,525,459,3291,35668,424035,464417
S3,bounded,29,76x79,0,6.0,15.0,1.08,0.85,0.001,0.2,0.5,1000,12,200,1584,500,24.0,True,,20000,20000.0,1,3190,0.5313124583610926,0.00031347962382445143,1,443,2220,22728,42016,433631,496614
S3,bounded,37,76x79,0,6.0,15.0,1.08,0.85,0.001,0.2,0.5,1000,24,200,792,500,24.0,True,,20000,20000.0,3,3213,0.535143237841439,0.0009337068160597573,8,477,590,3843,35904,424243,464563
S3,bounded,35,76x79,0,6.0,15.0,1.08,0.85,0.001,0.2,0.5,1000,24,200,792,500,24.0,True,,20000,20000.0,0,3318,0.5526315789473685,0.0,0,437,328,2151,34342,421567,461339
S3,bounded,33,76x79,0,6.0,15.0,1.08,0.85,0.001,0.2,0.5,1000,12,200,1584,500,24.0,True,,20000,20000.0,0,3066,0.5106595602931379,0.0,0,428,1125,10274,33961,415256,475658
S3,bounded,38,76x79,0,6.0,15.0,1.08,0.85,0.001,0.2,0.5,1000,24,200,792,500,24.0,True,,20000,20000.0,3,3273,0.5451365756162558,0.0009165902841429881,6,441,395,2337,35100,422720,462723
S3,bounded,36,76x79,0,6.0,15.0,1.08,0.85,0.001,0.2,0.5,1000,48,200,396,500,24.0,True,,20000,20000.0,2,3275,0.5454696868754164,0.0006106870229007634,8,452,278,2132,38408,435486,461293
S3,bounded,39,76x79,0,6.0,15.0,1.08,0.85,0.001,0.2,0.5,1000,48,200,396,500,24.0,True,,20000,20000.0,5,3102,0.516655562958028,0.0016118633139909735,10,488,304,2534,39108,436187,461702
S3,bounded,34,76x79,0,6.0,15.0,1.08,0.85,0.001,0.2,0.5,1000,12,200,1584,500,24.0,True,,20000,20000.0,0,3112,0.5183211192538307,0.0,0,469,1324,12843,35946,419360,479798
S3,bounded,32,76x79,0,6.0,15.0,1.08,0.85,0.001,0.2,0.5,1000,12,200,1584,500,24.0,True,,20000,20000.0,1,3102,0.516655562958028,0.0003223726627981947,2,418,1450,12577,35676,419416,479452
S3,bounded,43,76x79,0,6.0,15.0,1.08,0.85,0.001,0.2,0.5,1000,24,200,792,500,24.0,True,,20000,20000.0,5,3238,0.539307128580946,0.0015441630636195182,21,458,354,2568,34589,422036,461959
S3,bounded,42,76x79,0,6.0,15.0,1.08,0.85,0.001,0.2,0.5,1000,48,200,396,500,24.0,True,,20000,20000.0,1,3363,0.560126582278481,0.0002973535533749628,4,457,305,2290,38376,434814,461000
S3,bounded,41,76x79,0,6.0,15.0,1.08,0.85,0.001,0.2,0.5,1000,24,200,792,500,24.0,True,,20000,20000.0,1,3232,0.5383077948034644,0.0003094059405940594,2,465,376,2626,35223,422735,462431
S3,bounded,44,76x79,0,6.0,15.0,1.08,0.85,0.001,0.2,0.5,1000,24,200,792,500,24.0,True,,20000,20000.0,2,3349,0.5577948034643571,0.0005971931919976113,4,492,587,3879,35623,424087,464260
S3,bounded,47,76x79,0,6.0,15.0,1.08,0.85,0.001,0.2,0.5,1000,12,200,1584,500,24.0,True,,20000,20000.0,6,3232,0.5383077948034644,0.0018564356435643563,47,484,1249,11023,34718,416316,476140
S3,bounded,46,76x79,0,6.0,15.0,1.08,0.85,0.001,0.2,0.5,1000,12,200,1584,500,24.0,True,,20000,20000.0,1,3101,0.5164890073284477,0.0003224766204450177,5,457,1068,9853,34560,415361,474784
S3,bounded,40,76x79,0,6.0,15.0,1.08,0.85,0.001,0.2,0.5,1000,48,200,396,500,24.0,True,,20000,20000.0,2,3356,0.558960692871419,0.0005959475566150178,3,452,455,3456,39582,436961,462830
S3,bounded,45,76x79,0,6.0,15.0,1.08,0.85,0.001,0.2,0.5,1000,48,200,396,500,24.0,True,,20000,20000.0,0,3369,0.5611259160559627,0.0,0,480,333,2437,38739,435743,461682
S3,bounded,52,76x79,0,6.0,15.0,1.08,0.85,0.001,0.2,0.5,1000,24,200,792,500,24.0,True,,20000,20000.0,3,3228,0.5376415722851432,0.0009293680297397769,8,438,549,3505,35529,423880,463800
S3,bounded,54,76x79,0,6.0,15.0,1.08,0.85,0.001,0.2,0.5,1000,24,200,792,500,24.0,True,,20000,20000.0,1,3301,0.5498001332445037,0.0003029385034837928,3,465,591,4049,35783,424512,464667
S3,bounded,55,76x79,0,6.0,15.0,1.08,0.85,0.001,0.2,0.5,1000,24,200,792,500,24.0,True,,20000,20000.0,1,3238,0.539307128580946,0.00030883261272390367,4,480,484,3265,35252,423530,463985
S3,bounded,49,76x79,0,6.0,15.0,1.08,0.85,0.001,0.2,0.5,1000,24,200,792,500,24.0,True,,20000,20000.0,0,3215,0.5354763491005996,0.0,0,453,492,3296,35607,423708,464085
S3,bounded,48,76x79,0,6.0,15.0,1.08,0.85,0.001,0.2,0.5,1000,48,200,396,500,24.0,True,,20000,20000.0,1,3322,0.5532978014656895,0.00030102347983142685,1,468,359,2652,38657,435738,461451
S3,bounded,50,76x79,0,6.0,15.0,1.08,0.85,0.001,0.2,0.5,1000,12,200,1584,500,24.0,True,,20000,20000.0,0,3179,0.5294803464357095,0.0,0,418,1353,12198,35770,418876,479715
S3,bounded,53,76x79,0,6.0,15.0,1.08,0.85,0.001,0.2,0.5,1000,48,200,396,500,24.0,True,,20000,20000.0,1,3275,0.5454696868754164,0.0003053435114503817,2,470,184,1755,38135,434457,460011
S3,bounded,51,76x79,0,6.0,15.0,1.08,0.85,0.001,0.2,0.5,1000,12,200,1584,500,24.0,True,,20000,20000.0,10,3150,0.5246502331778814,0.0031746031746031746,24,471,1031,9878,34411,415487,475294
S3,bounded,59,76x79,0,6.0,15.0,1.08,0.85,0.001,0.2,0.5,1000,48,200,396,500,24.0,True,,20000,20000.0,2,3235,0.5388074616922052,0.0006182380216383308,4,435,356,2603,39048,436163,462148
S3,bounded,62,76x79,0,6.0,15.0,1.08,0.85,0.001,0.2,0.5,1000,48,200,396,500,24.0,True,,20000,20000.0,1,3282,0.5466355762824784,0.0003046922608165753,1,466,292,2662,39089,436288,461978
S3,bounded,61,76x79,0,6.0,15.0,1.08,0.85,0.001,0.2,0.5,1000,48,200,396,500,24.0,True,,20000,20000.0,2,3242,0.5399733510992671,0.0006169031462060457,3,413,168,1600,38009,434192,459918
S3,bounded,60,76x79,0,6.0,15.0,1.08,0.85,0.001,0.2,0.5,1000,24,200,792,500,24.0,True,,20000,20000.0,0,3272,0.5449700199866756,0.0,0,481,731,4448,36439,425411,465690
S3,bounded,56,76x79,0,6.0,15.0,1.08,0.85,0.001,0.2,0.5,1000,48,200,396,500,24.0,True,,20000,20000.0,2,3253,0.5418054630246503,0.0006148170919151552,7,460,391,2754,39317,436557,462468
S3,bounded,58,76x79,0,6.0,15.0,1.08,0.85,0.001,0.2,0.5,1000,48,200,396,500,24.0,True,,20000,20000.0,1,3214,0.5353097934710194,0.00031113876789047915,2,469,325,2301,38586,435152,461003
S3,bounded,63,76x79,0,6.0,15.0,1.08,0.85,0.001,0.2,0.5,1000,12,200,1584,500,24.0,True,,20000,20000.0,1,3051,0.5081612258494337,0.00032776138970829236,1,462,913,8845,33471,413374,472679
S3,bounded,57,76x79,0,6.0,15.0,1.08,0.85,0.001,0.2,0.5,1000,12,200,1584,500,24.0,True,,20000,20000.0,1,3140,0.5229846768820786,0.0003184713375796178,1,447,1661,16873,39363,425929,486868
S3,bounded,64,76x79,0,6.0,15.0,1.08,0.85,0.001,0.2,0.5,1000,48,200,396,500,24.0,True,,20000,20000.0,2,3259,0.5428047968021319,0.000613685179502915,10,439,288,2024,37952,434570,460341
S3,bounded,66,76x79,0,6.0,15.0,1.08,0.85,0.001,0.2,0.5,1000,12,200,1584,500,24.0,True,,20000,20000.0,2,3215,0.5354763491005996,0.0006220839813374805,16,469,1077,9349,34624,414701,474310
S3,bounded,71,76x79,0,6.0,15.0,1.08,0.85,0.001,0.2,0.5,1000,48,200,396,500,24.0,True,,20000,20000.0,11,3339,0.5561292471685543,0.0032943995208146153,23,458,276,2152,38486,435195,461042
S3,bounded,70,76x79,0,6.0,15.0,1.08,0.85,0.001,0.2,0.5,1000,24,200,792,500,24.0,True,,20000,20000.0,1,3239,0.5394736842105263,0.00030873726458783575,2,456,511,3473,35828,424027,464220
S3,bounded,68,76x79,0,6.0,15.0,1.08,0.85,0.001,0.2,0.5,1000,12,200,1584,500,24.0,True,,20000,20000.0,5,3137,0.5224850099933378,0.0015938795027095952,32,489,1200,11820,34574,417324,477895
S3,bounded,65,76x79,0,6.0,15.0,1.08,0.85,0.001,0.2,0.5,1000,48,200,396,500,24.0,True,,20000,20000.0,1,3277,0.545802798134577,0.0003051571559353067,4,432,158,1460,37870,434280,459964
S3,bounded,69,76x79,0,6.0,15.0,1.08,0.85,0.001,0.2,0.5,1000,12,200,1584,500,24.0,True,,20000,20000.0,11,3200,0.5329780146568954,0.0034375,45,443,1243,11420,36021,418072,477798
S3,bounded,67,76x79,0,6.0,15.0,1.08,0.85,0.001,0.2,0.5,1000,12,200,1584,500,24.0,True,,20000,20000.0,1,3131,0.5214856762158561,0.00031938677738741617,1,447,971,9623,33904,415146,475468
S3,bounded,72,76x79,0,6.0,15.0,1.08,0.85,0.001,0.2,0.5,1000,24,200,792,500,24.0,True,,20000,20000.0,1,3279,0.5461359093937375,0.0003049710277523635,2,476,506,3143,35541,423560,463663
S3,bounded,76,76x79,0,6.0,15.0,1.08,0.85,0.001,0.2,0.5,1000,24,200,792,500,24.0,True,,20000,20000.0,0,3242,0.5399733510992671,0.0,0,441,499,3232,35242,423271,463455
S3,bounded,75,76x79,0,6.0,15.0,1.08,0.85,0.001,0.2,0.5,1000,24,200,792,500,24.0,True,,20000,20000.0,5,3286,0.5473017988007994,0.0015216068167985392,29,492,476,3059,34761,422906,463086
S3,bounded,77,76x79,0,6.0,15.0,1.08,0.85,0.001,0.2,0.5,1000,48,200,396,500,24.0,True,,20000,20000.0,3,3293,0.5484676882078614,0.0009110233829334953,6,471,262,1965,37851,433967,459450
S3,bounded,78,76x79,0,6.0,15.0,1.08,0.85,0.001,0.2,0.5,1000,12,200,1584,500,24.0,True,,20000,20000.0,5,3032,0.5049966688874084,0.0016490765171503958,17,448,494,5109,31883,409288,467095
S3,bounded,74,76x79,0,6.0,15.0,1.08,0.85,0.001,0.2,0.5,1000,48,200,396,500,24.0,True,,20000,20000.0,1,3326,0.5539640239840107,0.0003006614552014432,1,456,221,1866,38269,434492,460326
S3,bounded,73,76x79,0,6.0,15.0,1.08,0.85,0.001,0.2,0.5,1000,12,200,1584,500,24.0,True,,20000,20000.0,2,3159,0.526149233844104,0.0006331117442228553,6,446,1403,12293,35688,418844,479136
S3,bounded,79,76x79,0,6.0,15.0,1.08,0.85,0.001,0.2,0.5,1000,12,200,1584,500,24.0,True,,20000,20000.0,3,3209,0.534477015323118,0.0009348706762231225,19,434,1308,12018,35569,418012,478079
S3,bounded,80,76x79,0,6.0,15.0,1.08,0.85,0.001,0.2,0.5,1000,12,200,1584,500,24.0,True,,20000,20000.0,3,3085,0.5138241172551632,0.0009724473257698541,20,423,718,6158,32332,410109,469220
S3,bounded,82,76x79,0,6.0,15.0,1.08,0.85,0.001,0.2,0.5,1000,24,200,792,500,24.0,True,,20000,20000.0,0,3190,0.5313124583610926,0.0,0,435,487,3311,35241,423060,463099
S3,bounded,84,76x79,0,6.0,15.0,1.08,0.85,0.001,0.2,0.5,1000,48,200,396,500,24.0,True,,20000,20000.0,2,3325,0.5537974683544303,0.0006015037593984962,5,478,224,1892,38170,434975,460629
S3,bounded,81,76x79,0,6.0,15.0,1.08,0.85,0.001,0.2,0.5,1000,12,200,1584,500,24.0,True,,20000,20000.0,0,3271,0.5448034643570953,0.0,0,464,783,7748,32399,411809,471147
S3,bounded,85,76x79,0,6.0,15.0,1.08,0.85,0.001,0.2,0.5,1000,48,200,396,500,24.0,True,,20000,20000.0,1,3279,0.5461359093937375,0.0003049710277523635,5,431,404,2564,38800,436054,461519
S3,bounded,87,76x79,0,6.0,15.0,1.08,0.85,0.001,0.2,0.5,1000,48,200,396,500,24.0,True,,20000,20000.0,2,3334,0.5552964690206529,0.0005998800239952009,3,417,241,1658,37708,433820,459786
S3,bounded,83,76x79,0,6.0,15.0,1.08,0.85,0.001,0.2,0.5,1000,12,200,1584,500,24.0,True,,20000,20000.0,2,3261,0.5431379080612925,0.0006133088009812941,11,413,2069,21521,43165,432814,494261
S3,bounded,86,76x79,0,6.0,15.0,1.08,0.85,0.001,0.2,0.5,1000,12,200,1584,500,24.0,True,,20000,20000.0,3,3167,0.5274816788807462,0.000947268708556994,10,443,2461,26305,46148,440012,502921
S3,bounded,94,76x79,0,6.0,15.0,1.08,0.85,0.001,0.2,0.5,1000,12,200,1584,500,24.0,True,,20000,20000.0,4,3180,0.5296469020652899,0.0012578616352201257,29,420,755,7528,32759,411910,470553
S3,bounded,95,76x79,0,6.0,15.0,1.08,0.85,0.001,0.2,0.5,1000,24,200,792,500,24.0,True,,20000,20000.0,1,3251,0.5414723517654897,0.00030759766225776686,6,452,490,3230,35146,423008,463055
S3,bounded,91,76x79,0,6.0,15.0,1.08,0.85,0.001,0.2,0.5,1000,12,200,1584,500,24.0,True,,20000,20000.0,1,3242,0.5399733510992671,0.00030845157310302283,5,437,558,5514,32024,410001,468189
S3,bounded,89,76x79,0,6.0,15.0,1.08,0.85,0.001,0.2,0.5,1000,48,200,396,500,24.0,True,,20000,20000.0,1,3283,0.5468021319120586,0.0003045994517209869,4,463,384,2885,39389,436491,462372
S3,bounded,92,76x79,0,6.0,15.0,1.08,0.85,0.001,0.2,0.5,1000,12,200,1584,500,24.0,True,,20000,20000.0,6,3096,0.5156562291805463,0.001937984496124031,33,472,941,9053,33139,413612,473153
S3,bounded,90,76x79,0,6.0,15.0,1.08,0.85,0.001,0.2,0.5,1000,12,200,1584,500,24.0,True,,20000,20000.0,0,3147,0.5241505662891406,0.0,0,491,1216,10849,35090,416734,476197
S3,bounded,88,76x79,0,6.0,15.0,1.08,0.85,0.001,0.2,0.5,1000,12,200,1584,500,24.0,True,,20000,20000.0,3,3093,0.5151565622918055,0.0009699321047526673,11,419,719,7010,32911,411409,470322
S3,bounded,93,76x79,0,6.0,15.0,1.08,0.85,0.001,0.2,0.5,1000,48,200,396,500,24.0,True,,20000,20000.0,1,3176,0.5289806795469687,0.00031486146095717883,2,448,247,1980,38257,435059,460545
S3,bounded,96,76x79,0,6.0,15.0,1.08,0.85,0.001,0.2,0.5,1000,24,200,792,500,24.0,True,,20000,20000.0,1,3301,0.5498001332445037,0.0003029385034837928,1,456,518,3222,35340,423535,463400
S3,bounded,97,76x79,0,6.0,15.0,1.08,0.85,0.001,0.2,0.5,1000,24,200,792,500,24.0,True,,20000,20000.0,1,3238,0.539307128580946,0.00030883261272390367,1,489,340,2580,34997,422454,462370
S3,bounded,99,76x79,0,6.0,15.0,1.08,0.85,0.001,0.2,0.5,1000,12,200,1584,500,24.0,True,,20000,20000.0,5,3203,0.5334776815456362,0.0015610365282547611,17,462,799,7974,33014,412487,470886
S3,bounded,1,76x79,0,6.0,15.0,1.08,0.85,0.001,0.25,0.5,1000,24,200,792,500,24.0,True,,20000,20000.0,4,3263,0.543471019320453,0.001225865767698437,11,427,613,4266,35976,424815,465059
S3,bounded,0,76x79,0,6.0,15.0,1.08,0.85,0.001,0.25,0.5,1000,24,200,792,500,24.0,True,,20000,20000.0,4,3187,0.5308127914723517,0.0012550988390335738,39,426,1143,7751,38516,429840,470340
S3,bounded,98,76x79,0,6.0,15.0,1.08,0.85,0.001,0.2,0.5,1000,48,200,396,500,24.0,True,,20000,20000.0,1,3254,0.5419720186542305,0.00030731407498463427,2,467,313,2454,38488,435146,460928
S3,bounded,2,76x79,0,6.0,15.0,1.08,0.85,0.001,0.25,0.5,1000,12,200,589,500,24.0,True,8064.0,20000,20000.0,2,3359,0.5594603597601598,0.0005954153021732659,15,450,2817,38325,66360,493305,518586
S3,bounded,3,76x79,0,6.0,15.0,1.08,0.85,0.001,0.25,0.5,1000,12,200,897,500,24.0,True,11760.0,20000,20000.0,1,3200,0.5329780146568954,0.0003125,2,449,4132,52936,72842,503838,543822
S3,bounded,7,76x79,0,6.0,15.0,1.08,0.85,0.001,0.25,0.5,1000,24,200,792,500,24.0,True,,20000,20000.0,2,3214,0.5353097934710194,0.0006222775357809583,30,458,976,6659,37986,428580,469168
S3,bounded,10,76x79,0,6.0,15.0,1.08,0.85,0.001,0.25,0.5,1000,48,200,396,500,24.0,True,,20000,20000.0,2,3248,0.5409726848767489,0.0006157635467980296,9,463,549,4185,40396,438326,464418
S3,bounded,11,76x79,0,6.0,15.0,1.08,0.85,0.001,0.25,0.5,1000,48,200,396,500,24.0,True,,20000,20000.0,6,3236,0.5389740173217855,0.001854140914709518,18,494,381,3414,39618,436892,462446
S3,bounded,9,76x79,0,6.0,15.0,1.08,0.85,0.001,0.25,0.5,1000,12,200,443,500,24.0,True,6312.0,20000,20000.0,2,3328,0.5542971352431713,0.0006009615384615385,7,454,3180,45072,73056,508743,529155
S3,bounded,4,76x79,0,6.0,15.0,1.08,0.85,0.001,0.25,0.5,1000,12,200,751,500,24.0,True,10008.0,20000,20000.0,1,3244,0.5403064623584277,0.00030826140567200987,10,467,3787,62769,85513,527319,560721
S3,bounded,6,76x79,0,6.0,15.0,1.08,0.85,0.001,0.25,0.5,1000,12,200,681,500,24.0,True,9168.0,20000,20000.0,0,3363,0.560126582278481,0.0,0,424,4312,70695,92773,542612,574697
S3,bounded,5,76x79,0,6.0,15.0,1.08,0.85,0.001,0.25,0.5,1000,12,200,1177,500,24.0,True,15120.0,20000,20000.0,1,3431,0.57145236508994,0.0002914602156805596,1,429,6463,91568,101588,555267,611624
S3,bounded,8,76x79,0,6.0,15.0,1.08,0.85,0.001,0.25,0.5,1000,12,200,1285,500,24.0,True,16416.0,20000,20000.0,2,3289,0.5478014656895404,0.0006080875646093037,14,422,7784,130983,131987,613924,678047
S3,bounded,18,76x79,0,6.0,15.0,1.08,0.85,0.001,0.25,0.5,1000,24,200,792,500,24.0,True,,20000,20000.0,1,3265,0.5438041305796136,0.00030627871362940275,2,439,787,5060,36799,426513,467538
S3,bounded,15,76x79,0,6.0,15.0,1.08,0.85,0.001,0.25,0.5,1000,24,200,792,500,24.0,True,,20000,20000.0,1,3246,0.5406395736175883,0.00030807147258163895,13,487,702,5335,37068,426862,467180
S3,bounded,19,76x79,0,6.0,15.0,1.08,0.85,0.001,0.25,0.5,1000,12,200,1584,500,24.0,True,,20000,20000.0,1,3213,0.535143237841439,0.0003112356053532524,1,488,1049,11049,34140,416263,476231
S3,bounded,17,76x79,0,6.0,15.0,1.08,0.85,0.001,0.25,0.5,1000,48,200,396,500,24.0,True,,20000,20000.0,1,3378,0.5626249167221852,0.0002960331557134399,2,481,580,4142,39950,437247,463352
S3,bounded,16,76x79,0,6.0,15.0,1.08,0.85,0.001,0.25,0.5,1000,12,200,1584,500,24.0,True,,20000,20000.0,13,3156,0.5256495669553631,0.004119138149556401,147,454,2071,20157,39212,429178,492213
S3,bounded,14,76x79,0,6.0,15.0,1.08,0.85,0.001,0.25,0.5,1000,12,200,479,500,24.0,True,6744.0,20000,20000.0,1,3313,0.551798800799467,0.00030184123151222455,1,410,2327,37820,67783,496881,516890
S3,bounded,12,76x79,0,6.0,15.0,1.08,0.85,0.001,0.25,0.5,1000,12,200,1584,500,24.0,True,,20000,20000.0,25,3103,0.5168221185876083,0.008056719303899453,119,456,3405,32083,47411,445937,511835
S3,bounded,13,76x79,0,6.0,15.0,1.08,0.85,0.001,0.25,0.5,1000,12,200,463,500,24.0,True,6552.0,20000,20000.0,1,3364,0.5602931379080613,0.00029726516052318666,1,437,3620,60666,85853,533254,556197
S3,bounded,21,76x79,0,6.0,15.0,1.08,0.85,0.001,0.25,0.5,1000,48,200,396,500,24.0,True,,20000,20000.0,0,3373,0.5617921385742838,0.0,0,454,364,2767,38869,435728,461703
S3,bounded,24,76x79,0,6.0,15.0,1.08,0.85,0.001,0.25,0.5,1000,24,200,792,500,24.0,True,,20000,20000.0,2,3219,0.5361425716189208,0.0006213109661385523,10,463,1184,7638,38067,429792,470790
S3,bounded,26,76x79,0,6.0,15.0,1.08,0.85,0.001,0.25,0.5,1000,24,200,792,500,24.0,True,,20000,20000.0,1,3168,0.5276482345103265,0.0003156565656565657,8,430,1056,6106,36767,427163,467836
S3,bounded,27,76x79,0,6.0,15.0,1.08,0.85,0.001,0.25,0.5,1000,24,200,792,500,24.0,True,,20000,20000.0,7,3233,0.5384743504330446,0.0021651716671821837,28,455,1014,6832,37929,428338,469029
S3,bounded,25,76x79,0,6.0,15.0,1.08,0.85,0.001,0.25,0.5,1000,12,200,1584,500,24.0,True,,20000,20000.0,3,3110,0.5179880079946703,0.0009646302250803858,11,473,2227,21388,40789,431065,493877
S3,bounded,23,76x79,0,6.0,15.0,1.08,0.85,0.001,0.25,0.5,1000,12,200,1584,500,24.0,True,,20000,20000.0,62,3142,0.5233177881412392,0.019732654360280075,231,415,3039,30948,45894,444097,509160
S3,bounded,20,76x79,0,6.0,15.0,1.08,0.85,0.001,0.25,0.5,1000,12,200,1347,500,24.0,True,17160.0,20000,20000.0,3,3279,0.5461359093937375,0.0009149130832570906,17,397,3039,55385,76129,497335,551316
S3,bounded,22,76x79,0,6.0,15.0,1.08,0.85,0.001,0.25,0.5,1000,12,200,905,500,24.0,True,11856.0,20000,20000.0,2,3299,0.5494670219853431,0.0006062443164595332,5,422,6620,101732,113781,581833,627425
S3,bounded,35,76x79,0,6.0,15.0,1.08,0.85,0.001,0.25,0.5,1000,24,200,792,500,24.0,True,,20000,20000.0,1,3278,0.5459693537641572,0.0003050640634533252,5,468,909,6252,36864,427413,468016
S3,bounded,28,76x79,0,6.0,15.0,1.08,0.85,0.001,0.25,0.5,1000,24,200,792,500,24.0,True,,20000,20000.0,12,3199,0.5328114590273151,0.003751172241325414,68,475,756,5348,36951,426675,466732
S3,bounded,30,76x79,0,6.0,15.0,1.08,0.85,0.001,0.25,0.5,1000,24,200,792,500,24.0,True,,20000,20000.0,2,3250,0.5413057961359093,0.0006153846153846154,10,449,1048,6981,37767,428602,469505
S3,bounded,32,76x79,0,6.0,15.0,1.08,0.85,0.001,0.25,0.5,1000,12,200,1584,500,24.0,True,,20000,20000.0,85,3201,0.5331445702864757,0.02655420181193377,236,462,1877,17320,37731,424292,486313
S3,bounded,34,76x79,0,6.0,15.0,1.08,0.85,0.001,0.25,0.5,1000,12,200,1584,500,24.0,True,,20000,20000.0,5,3133,0.5218187874750166,0.0015959144589849984,46,440,2787,26189,42578,437111,502568
S3,bounded,31,76x79,0,6.0,15.0,1.08,0.85,0.001,0.25,0.5,1000,12,200,1584,500,24.0,True,,20000,20000.0,6,3163,0.5268154563624251,0.0018969332911792601,50,475,3850,42034,55048,462079,529699
S3,bounded,33,76x79,0,6.0,15.0,1.08,0.85,0.001,0.25,0.5,1000,12,200,1584,500,24.0,True,,20000,20000.0,62,3209,0.534477015323118,0.019320660641944532,239,462,5050,64207,72500,497060,567536
S3,bounded,29,76x79,0,6.0,15.0,1.08,0.85,0.001,0.25,0.5,1000,12,200,1497,500,24.0,True,18960.0,20000,20000.0,142,3227,0.537475016655563,0.04400371862410908,206,454,5011,75688,84242,518647,585019
S3,bounded,37,76x79,0,6.0,15.0,1.08,0.85,0.001,0.25,0.5,1000,24,200,792,500,24.0,True,,20000,20000.0,1,3293,0.5484676882078614,0.0003036744609778318,2,447,886,5857,37068,427131,467682
S3,bounded,36,76x79,0,6.0,15.0,1.08,0.85,0.001,0.25,0.5,1000,48,200,396,500,24.0,True,,20000,20000.0,0,3326,0.5539640239840107,0.0,0,474,469,3399,39266,436544,462704
S3,bounded,41,76x79,0,6.0,15.0,1.08,0.85,0.001,0.25,0.5,1000,24,200,792,500,24.0,True,,20000,20000.0,1,3317,0.5524650233177881,0.00030147723846849563,5,469,1036,7357,37725,428898,469685
S3,bounded,40,76x79,0,6.0,15.0,1.08,0.85,0.001,0.25,0.5,1000,48,200,396,500,24.0,True,,20000,20000.0,1,3290,0.5479680213191206,0.00030395136778115504,6,494,565,4589,40373,438182,464207
S3,bounded,39,76x79,0,6.0,15.0,1.08,0.85,0.001,0.25,0.5,1000,48,200,396,500,24.0,True,,20000,20000.0,1,3232,0.5383077948034644,0.0003094059405940594,8,425,511,3925,39819,437731,463505
S3,bounded,38,76x79,0,6.0,15.0,1.08,0.85,0.001,0.25,0.5,1000,24,200,792,500,24.0,True,,20000,20000.0,1,3247,0.5408061292471685,0.0003079765937788728,1,473,1599,10482,40533,433951,475164
S3,bounded,42,76x79,0,6.0,15.0,1.08,0.85,0.001,0.25,0.5,1000,48,200,396,500,24.0,True,,20000,20000.0,0,3302,0.549966688874084,0.0,0,458,443,3713,39543,437557,463686
S3,bounded,43,76x79,0,6.0,15.0,1.08,0.85,0.001,0.25,0.5,1000,24,200,792,500,24.0,True,,20000,20000.0,0,3218,0.5359760159893404,0.0,0,454,1494,10685,40950,434592,475819
S3,bounded,44,76x79,0,6.0,15.0,1.08,0.85,0.001,0.25,0.5,1000,24,200,792,500,24.0,True,,20000,20000.0,2,3203,0.5334776815456362,0.0006244146113019045,7,418,673,4375,36177,425686,466244
S3,bounded,45,76x79,0,6.0,15.0,1.08,0.85,0.001,0.25,0.5,1000,48,200,396,500,24.0,True,,20000,20000.0,1,3264,0.5436375749500333,0.00030637254901960784,6,450,408,3166,39405,436786,462447
S3,bounded,49,76x79,0,6.0,15.0,1.08,0.85,0.001,0.25,0.5,1000,24,200,792,500,24.0,True,,20000,20000.0,2,3229,0.5378081279147235,0.0006193868070610096,2,413,856,5840,37282,427703,468690
S3,bounded,48,76x79,0,6.0,15.0,1.08,0.85,0.001,0.25,0.5,1000,48,200,396,500,24.0,True,,20000,20000.0,2,3445,0.573784143904064,0.0005805515239477503,8,474,415,3059,39362,436630,462843
S3,bounded,50,76x79,0,6.0,15.0,1.08,0.85,0.001,0.25,0.5,1000,12,200,1584,500,24.0,True,,20000,20000.0,6,3136,0.5223184543637575,0.001913265306122449,35,452,2068,20988,39606,430588,494199
S3,bounded,47,76x79,0,6.0,15.0,1.08,0.85,0.001,0.25,0.5,1000,12,200,817,500,24.0,True,10800.0,20000,20000.0,1,3304,0.5502998001332445,0.0003026634382566586,5,443,2144,33514,61503,479116,511529
S3,bounded,46,76x79,0,6.0,15.0,1.08,0.85,0.001,0.25,0.5,1000,12,200,1584,500,24.0,True,,20000,20000.0,259,3078,0.5126582278481012,0.08414554905782975,380,463,3671,47400,59429,470707,537747
S3,bounded,51,76x79,0,6.0,15.0,1.08,0.85,0.001,0.25,0.5,1000,12,200,1584,500,24.0,True,,20000,20000.0,8,3174,0.5286475682878081,0.002520478890989288,68,447,3991,42871,53523,461441,530321
S3,bounded,56,76x79,0,6.0,15.0,1.08,0.85,0.001,0.25,0.5,1000,48,200,396,500,24.0,True,,20000,20000.0,0,3263,0.543471019320453,0.0,0,452,498,3703,39369,436542,462575
S3,bounded,55,76x79,0,6.0,15.0,1.08,0.85,0.001,0.25,0.5,1000,24,200,792,500,24.0,True,,20000,20000.0,4,3168,0.5276482345103265,0.0012626262626262627,15,434,827,5765,36871,426582,466867
S3,bounded,53,76x79,0,6.0,15.0,1.08,0.85,0.001,0.25,0.5,1000,48,200,396,500,24.0,True,,20000,20000.0,6,3333,0.5551299133910726,0.0018001800180018,21,437,514,3834,39576,436624,462704
S3,bounded,58,76x79,0,6.0,15.0,1.08,0.85,0.001,0.25,0.5,1000,48,200,396,500,24.0,True,,20000,20000.0,2,3104,0.5169886742171885,0.0006443298969072165,3,420,472,3709,39646,437258,463180
S3,bounded,52,76x79,0,6.0,15.0,1.08,0.85,0.001,0.25,0.5,1000,24,200,792,500,24.0,True,,20000,20000.0,0,3289,0.5478014656895404,0.0,0,463,1202,7903,38872,430679,471837
S3,bounded,54,76x79,0,6.0,15.0,1.08,0.85,0.001,0.25,0.5,1000,24,200,792,500,24.0,True,,20000,20000.0,2,3223,0.5368087941372418,0.0006205398696866273,8,435,1346,8781,39034,431296,472712
S3,bounded,59,76x79,0,6.0,15.0,1.08,0.85,0.001,0.25,0.5,1000,48,200,396,500,24.0,True,,20000,20000.0,1,3259,0.5428047968021319,0.0003068425897514575,3,451,334,2655,39099,436263,462081
S3,bounded,57,76x79,0,6.0,15.0,1.08,0.85,0.001,0.25,0.5,1000,12,200,1584,500,24.0,True,,20000,20000.0,11,3253,0.5418054630246503,0.003381494005533354,65,408,5156,69076,78575,505761,574319
S3,bounded,64,76x79,0,6.0,15.0,1.08,0.85,0.001,0.25,0.5,1000,48,200,396,500,24.0,True,,20000,20000.0,2,3284,0.5469686875416389,0.0006090133982947625,6,479,441,3623,39772,437145,463021
S3,bounded,60,76x79,0,6.0,15.0,1.08,0.85,0.001,0.25,0.5,1000,24,200,792,500,24.0,True,,20000,20000.0,0,3286,0.5473017988007994,0.0,0,460,1093,7849,38371,429960,470696
S3,bounded,62,76x79,0,6.0,15.0,1.08,0.85,0.001,0.25,0.5,1000,48,200,396,500,24.0,True,,20000,20000.0,4,3269,0.5444703530979347,0.001223615784643622,12,469,484,3624,39676,437280,463409
S3,bounded,61,76x79,0,6.0,15.0,1.08,0.85,0.001,0.25,0.5,1000,48,200,396,500,24.0,True,,20000,20000.0,2,3292,0.5483011325782812,0.0006075334143377885,2,411,663,5192,40631,439636,465801
S3,bounded,65,76x79,0,6.0,15.0,1.08,0.85,0.001,0.25,0.5,1000,48,200,396,500,24.0,True,,20000,20000.0,0,3510,0.5846102598267822,0.0,0,466,451,3768,40117,437545,463623
S3,bounded,66,76x79,0,6.0,15.0,1.08,0.85,0.001,0.25,0.5,1000,12,200,391,500,24.0,True,5688.0,20000,20000.0,2,3375,0.5621252498334444,0.0005925925925925926,2,424,2556,39580,70322,502573,519422
S3,bounded,67,76x79,0,6.0,15.0,1.08,0.85,0.001,0.25,0.5,1000,12,200,1584,500,24.0,True,,20000,20000.0,4,3246,0.5406395736175883,0.0012322858903265558,4,447,5728,68438,74940,502371,573525
S3,bounded,63,76x79,0,6.0,15.0,1.08,0.85,0.001,0.25,0.5,1000,12,200,1584,500,24.0,True,,20000,20000.0,39,3152,0.524983344437042,0.012373096446700508,149,461,5264,57567,66304,484800,554819
S3,bounded,72,76x79,0,6.0,15.0,1.08,0.85,0.001,0.25,0.5,1000,24,200,792,500,24.0,True,,20000,20000.0,3,3183,0.5301465689540307,0.000942507068803016,16,420,987,6247,37247,427504,467993
S3,bounded,71,76x79,0,6.0,15.0,1.08,0.85,0.001,0.25,0.5,1000,48,200,396,500,24.0,True,,20000,20000.0,2,3331,0.5547968021319121,0.0006004202942059442,5,491,566,3855,39675,437611,463522
S3,bounded,74,76x79,0,6.0,15.0,1.08,0.85,0.001,0.25,0.5,1000,48,200,396,500,24.0,True,,20000,20000.0,11,3173,0.5284810126582279,0.0034667507091080997,14,491,534,4080,39744,437890,463986
S3,bounded,75,76x79,0,6.0,15.0,1.08,0.85,0.001,0.25,0.5,1000,24,200,792,500,24.0,True,,20000,20000.0,5,3248,0.5409726848767489,0.001539408866995074,11,470,1107,7988,38912,430162,471204
S3,bounded,70,76x79,0,6.0,15.0,1.08,0.85,0.001,0.25,0.5,1000,24,200,792,500,24.0,True,,20000,20000.0,2,3239,0.5394736842105263,0.0006174745291756715,17,484,891,5744,36911,426982,467516
S3,bounded,69,76x79,0,6.0,15.0,1.08,0.85,0.001,0.25,0.5,1000,12,200,1584,500,24.0,True,,20000,20000.0,12,3169,0.5278147901399067,0.003786683496371095,76,462,3294,32986,48184,448140,514312
S3,bounded,68,76x79,0,6.0,15.0,1.08,0.85,0.001,0.25,0.5,1000,12,200,1584,500,24.0,True,,20000,20000.0,3,3218,0.5359760159893404,0.0009322560596643878,30,442,4418,42840,54602,461820,530164
S3,bounded,73,76x79,0,6.0,15.0,1.08,0.85,0.001,0.25,0.5,1000,12,200,1491,500,24.0,True,18888.0,20000,20000.0,3,3299,0.5494670219853431,0.0009093664746892998,27,449,4055,64453,77810,503024,566415
S3,bounded,82,76x79,0,6.0,15.0,1.08,0.85,0.001,0.25,0.5,1000,24,200,792,500,24.0,True,,20000,20000.0,0,3180,0.5296469020652899,0.0,0,468,894,6138,37356,428093,468626
S3,bounded,76,76x79,0,6.0,15.0,1.08,0.85,0.001,0.25,0.5,1000,24,200,792,500,24.0,True,,20000,20000.0,6,3264,0.5436375749500333,0.001838235294117647,79,448,1746,12194,42211,436920,478485
S3,bounded,77,76x79,0,6.0,15.0,1.08,0.85,0.001,0.25,0.5,1000,48,200,396,500,24.0,True,,20000,20000.0,8,3220,0.536309127248501,0.002484472049689441,26,448,497,3889,39388,437463,463324
S3,bounded,80,76x79,0,6.0,15.0,1.08,0.85,0.001,0.25,0.5,1000,12,200,1584,500,24.0,True,,20000,20000.0,6,3126,0.5206528980679547,0.0019193857965451055,71,474,1951,18946,39114,427620,489842
S3,bounded,81,76x79,0,6.0,15.0,1.08,0.85,0.001,0.25,0.5,1000,12,200,1584,500,24.0,True,,20000,20000.0,2,3160,0.5263157894736842,0.0006329113924050633,16,421,2533,23820,41531,434242,497811
S3,bounded,78,76x79,0,6.0,15.0,1.08,0.85,0.001,0.25,0.5,1000,12,200,781,500,24.0,True,10368.0,20000,20000.0,0,3434,0.5719520319786808,0.0,0,471,3089,50357,74875,505721,538942
S3,bounded,83,76x79,0,6.0,15.0,1.08,0.85,0.001,0.25,0.5,1000,12,200,483,500,24.0,True,6792.0,20000,20000.0,1,3340,0.5562958027981346,0.0002994011976047904,4,444,2569,41204,70440,502191,523292
S3,bounded,79,76x79,0,6.0,15.0,1.08,0.85,0.001,0.25,0.5,1000,12,200,923,500,24.0,True,12072.0,20000,20000.0,2,3231,0.5381412391738841,0.0006190034045187249,3,428,5700,97886,110495,575951,620953
S3,bounded,84,76x79,0,6.0,15.0,1.08,0.85,0.001,0.25,0.5,1000,48,200,396,500,24.0,True,,20000,20000.0,2,3212,0.5349766822118588,0.0006226650062266501,5,452,528,4267,40335,438728,464286
S3,bounded,89,76x79,0,6.0,15.0,1.08,0.85,0.001,0.25,0.5,1000,48,200,396,500,24.0,True,,20000,20000.0,1,3222,0.5366422385076616,0.00031036623215394165,6,477,465,3242,39439,437543,463569
S3,bounded,87,76x79,0,6.0,15.0,1.08,0.85,0.001,0.25,0.5,1000,48,200,396,500,24.0,True,,20000,20000.0,0,3297,0.5491339107261826,0.0,0,495,463,3691,39965,437634,463475
S3,bounded,85,76x79,0,6.0,15.0,1.08,0.85,0.001,0.25,0.5,1000,48,200,396,500,24.0,True,,20000,20000.0,5,3248,0.5409726848767489,0.001539408866995074,15,451,562,4293,40349,438356,464178
S3,bounded,88,76x79,0,6.0,15.0,1.08,0.85,0.001,0.25,0.5,1000,12,200,1584,500,24.0,True,,20000,20000.0,3,3168,0.5276482345103265,0.000946969696969697,19,475,2056,21379,41568,431686,493784
S3,bounded,90,76x79,0,6.0,15.0,1.08,0.85,0.001,0.25,0.5,1000,12,200,1584,500,24.0,True,,20000,20000.0,18,3041,0.5064956695536309,0.00591910555738244,100,449,1931,19240,38937,427990,490402
S3,bounded,91,76x79,0,6.0,15.0,1.08,0.85,0.001,0.25,0.5,1000,12,200,1584,500,24.0,True,,20000,20000.0,225,3063,0.510159893404397,0.07345739471106758,294,467,2606,28290,45190,441052,504522
S3,bounded,86,76x79,0,6.0,15.0,1.08,0.85,0.001,0.25,0.5,1000,12,200,947,500,24.0,True,12360.0,20000,20000.0,1,3207,0.5341439040639574,0.0003118178983473651,1,443,3994,58037,77412,510830,553171
S3,bounded,93,76x79,0,6.0,15.0,1.08,0.85,0.001,0.25,0.5,1000,48,200,396,500,24.0,True,,20000,20000.0,2,3285,0.5471352431712192,0.0006088280060882801,14,491,560,4111,39741,437552,463393
S3,bounded,96,76x79,0,6.0,15.0,1.08,0.85,0.001,0.25,0.5,1000,24,200,792,500,24.0,True,,20000,20000.0,2,3146,0.5239840106595602,0.0006357279084551812,4,448,854,5847,37444,427734,468428
S3,bounded,97,76x79,0,6.0,15.0,1.08,0.85,0.001,0.25,0.5,1000,24,200,792,500,24.0,True,,20000,20000.0,14,3208,0.5343104596935376,0.004364089775561097,63,459,1532,10347,40495,433827,474957
S3,bounded,95,76x79,0,6.0,15.0,1.08,0.85,0.001,0.25,0.5,1000,24,200,792,500,24.0,True,,20000,20000.0,1,3222,0.5366422385076616,0.00031036623215394165,6,492,1146,7401,38178,429240,470092
S3,bounded,98,76x79,0,6.0,15.0,1.08,0.85,0.001,0.25,0.5,1000,48,200,396,500,24.0,True,,20000,20000.0,0,3273,0.5451365756162558,0.0,0,444,405,2928,38989,436128,461936
S3,bounded,92,76x79,0,6.0,15.0,1.08,0.85,0.001,0.25,0.5,1000,12,200,1584,500,24.0,True,,20000,20000.0,9,3152,0.524983344437042,0.0028553299492385786,37,490,2974,28169,43724,439862,505352
S3,bounded,94,76x79,0,6.0,15.0,1.08,0.85,0.001,0.25,0.5,1000,12,200,1584,500,24.0,True,,20000,20000.0,4,3136,0.5223184543637575,0.0012755102040816326,67,437,3921,38914,52657,456858,523971
S3,bounded,99,76x79,0,6.0,15.0,1.08,0.85,0.001,0.25,0.5,1000,12,200,825,500,24.0,True,10896.0,20000,20000.0,1,3316,0.5522984676882079,0.00030156815440289503,2,463,2836,44122,71184,496577,530104
S3,bounded,1,76x79,0,6.0,15.0,1.08,0.85,0.001,0.33,0.5,1000,24,200,475,500,24.0,True,12384.0,20000,20000.0,3,3374,0.5619586942038641,0.0008891523414344991,21,412,5566,91707,118276,581432,610790
S3,bounded,0,76x79,0,6.0,15.0,1.08,0.85,0.001,0.33,0.5,1000,24,200,551,500,24.0,True,14208.0,20000,20000.0,987,3171,0.5281479013990673,0.31125827814569534,1053,402,6875,172937,192634,713521,748530
S3,bounded,7,76x79,0,6.0,15.0,1.08,0.85,0.001,0.33,0.5,1000,24,200,426,500,24.0,True,11208.0,20000,20000.0,981,3132,0.5216522318454364,0.3132183908045977,1128,380,9273,217952,234958,793851,824710
S3,bounded,4,76x79,0,6.0,15.0,1.08,0.85,0.001,0.33,0.5,1000,12,200,283,500,24.0,True,4392.0,20000,20000.0,14,3352,0.558294470353098,0.004176610978520286,122,383,9763,202835,221304,774987,795923
S3,bounded,3,76x79,0,6.0,15.0,1.08,0.85,0.001,0.33,0.5,1000,12,200,467,500,24.0,True,6600.0,20000,20000.0,129,3320,0.5529646902065289,0.03885542168674699,188,396,10150,231323,247149,818006,846269
S3,bounded,5,76x79,0,6.0,15.0,1.08,0.85,0.001,0.33,0.5,1000,12,200,427,500,24.0,True,6120.0,20000,20000.0,603,3216,0.5356429047301798,0.1875,661,361,10526,318239,331728,967091,994092
S3,bounded,2,76x79,0,6.0,15.0,1.08,0.85,0.001,0.33,0.5,1000,12,200,201,500,24.0,True,3408.0,20000,20000.0,501,3136,0.5223184543637575,0.1597576530612245,602,358,11921,267339,284377,887308,905842
S3,bounded,6,76x79,0,6.0,15.0,1.08,0.85,0.001,0.33,0.5,1000,12,200,161,500,24.0,True,2928.0,20000,20000.0,1627,3114,0.5186542305129913,0.5224791265253693,1691,286,11630,511981,522391,1302773,1319184
S3,bounded,10,76x79,0,6.0,15.0,1.08,0.85,0.001,0.33,0.5,1000,48,200,396,500,24.0,True,,20000,20000.0,2,3325,0.5537974683544303,0.0006015037593984962,5,456,4239,38424,69066,490781,520530
S3,bounded,15,76x79,0,6.0,15.0,1.08,0.85,0.001,0.33,0.5,1000,24,200,602,500,24.0,True,15432.0,20000,20000.0,1,3312,0.5516322451698867,0.00030193236714975844,3,410,3964,57359,84352,518535,553029
S3,bounded,12,76x79,0,6.0,15.0,1.08,0.85,0.001,0.33,0.5,1000,12,200,349,500,24.0,True,5184.0,20000,20000.0,273,3233,0.5384743504330446,0.08444169502010516,319,396,8337,163995,185407,709026,730381
S3,bounded,11,76x79,0,6.0,15.0,1.08,0.85,0.001,0.33,0.5,1000,48,200,228,500,24.0,True,11928.0,20000,20000.0,663,3179,0.5294803464357095,0.20855614973262032,718,445,8345,192207,217136,759801,781540
S3,bounded,14,76x79,0,6.0,15.0,1.08,0.85,0.001,0.33,0.5,1000,12,200,131,500,24.0,True,2568.0,20000,20000.0,23,3265,0.5438041305796136,0.007044410413476264,49,411,8486,176080,201133,738277,749970
S3,bounded,8,76x79,0,6.0,15.0,1.08,0.85,0.001,0.33,0.5,1000,12,200,163,500,24.0,True,2952.0,20000,20000.0,807,3130,0.5213191205862758,0.25782747603833867,884,353,12373,343281,357889,1017041,1034276
S3,bounded,9,76x79,0,6.0,15.0,1.08,0.85,0.001,0.33,0.5,1000,12,200,169,500,24.0,True,3024.0,20000,20000.0,1244,3159,0.526149233844104,0.393795504906616,1296,352,11483,461550,472888,1216892,1233261
S3,bounded,13,76x79,0,6.0,15.0,1.08,0.85,0.001,0.33,0.5,1000,12,200,181,500,24.0,True,3168.0,20000,20000.0,1129,3130,0.5213191205862758,0.360702875399361,1183,310,11825,518860,528139,1310841,1327730
S3,bounded,16,76x79,0,6.0,15.0,1.08,0.85,0.001,0.33,0.5,1000,12,200,361,500,24.0,True,5328.0,20000,20000.0,4,3387,0.5641239173884077,0.00118098612341305,19,407,3795,63938,91211,542123,559955
S3,bounded,23,76x79,0,6.0,15.0,1.08,0.85,0.001,0.33,0.5,1000,12,200,219,500,24.0,True,3624.0,20000,20000.0,32,3315,0.5521319120586275,0.009653092006033183,94,431,4034,65038,95064,549243,560582
S3,bounded,18,76x79,0,6.0,15.0,1.08,0.85,0.001,0.33,0.5,1000,24,200,172,500,24.0,True,5112.0,20000,20000.0,16,3392,0.5649566955363091,0.0047169811320754715,54,430,5589,85994,116119,585060,597572
S3,bounded,20,76x79,0,6.0,15.0,1.08,0.85,0.001,0.33,0.5,1000,12,200,117,500,24.0,True,2400.0,20000,20000.0,3,3272,0.5449700199866756,0.0009168704156479218,13,380,8031,195791,220557,772236,783029
S3,bounded,22,76x79,0,6.0,15.0,1.08,0.85,0.001,0.33,0.5,1000,12,200,65,500,24.0,True,1776.0,20000,20000.0,179,3280,0.5463024650233178,0.05457317073170732,251,363,9785,219099,242967,812447,822515
S3,bounded,17,76x79,0,6.0,15.0,1.08,0.85,0.001,0.33,0.5,1000,48,200,144,500,24.0,True,7896.0,20000,20000.0,1432,3100,0.5163224516988674,0.4619354838709677,1481,349,10522,374919,389470,1068001,1085822
S3,bounded,21,76x79,0,6.0,15.0,1.08,0.85,0.001,0.33,0.5,1000,48,200,66,500,24.0,True,4128.0,20000,20000.0,1282,3109,0.5178214523650899,0.41235123834030235,1409,327,10745,445586,459960,1192030,1204609
S3,bounded,19,76x79,0,6.0,15.0,1.08,0.85,0.001,0.33,0.5,1000,12,200,115,500,24.0,True,2376.0,20000,20000.0,1070,3197,0.5324783477681546,0.3346887707225524,1124,287,12051,453215,464848,1204227,1218896
S3,bounded,31,76x79,0,6.0,15.0,1.08,0.85,0.001,0.33,0.5,1000,12,200,259,500,24.0,True,4104.0,20000,20000.0,4,3159,0.526149233844104,0.0012662234884457107,15,449,3752,49453,79864,521759,534190
S3,bounded,24,76x79,0,6.0,15.0,1.08,0.85,0.001,0.33,0.5,1000,24,200,287,500,24.0,True,7872.0,20000,20000.0,9,3271,0.5448034643570953,0.0027514521553041885,70,446,5969,101500,129820,606005,625329
S3,bounded,27,76x79,0,6.0,15.0,1.08,0.85,0.001,0.33,0.5,1000,24,200,359,500,24.0,True,9600.0,20000,20000.0,27,3331,0.5547968021319121,0.008105673971780246,107,463,7080,112313,137159,618502,642897
S3,bounded,28,76x79,0,6.0,15.0,1.08,0.85,0.001,0.33,0.5,1000,24,200,325,500,24.0,True,8784.0,20000,20000.0,174,3273,0.5451365756162558,0.05316223648029331,246,361,8387,144280,167605,674648,698614
S3,bounded,30,76x79,0,6.0,15.0,1.08,0.85,0.001,0.33,0.5,1000,24,200,252,500,24.0,True,7032.0,20000,20000.0,523,3151,0.5248167888074617,0.1659790542684862,601,373,10220,268466,286057,886432,908015
S3,bounded,26,76x79,0,6.0,15.0,1.08,0.85,0.001,0.33,0.5,1000,24,200,158,500,24.0,True,4776.0,20000,20000.0,634,3199,0.5328114590273151,0.19818693341669272,680,355,10718,302561,321269,949295,966248
S3,bounded,29,76x79,0,6.0,15.0,1.08,0.85,0.001,0.33,0.5,1000,12,200,209,500,24.0,True,3504.0,20000,20000.0,231,3307,0.5507994670219853,0.06985182945267614,367,324,10711,325036,343289,988073,1005468
S3,bounded,25,76x79,0,6.0,15.0,1.08,0.85,0.001,0.33,0.5,1000,12,200,247,500,24.0,True,3960.0,20000,20000.0,902,3203,0.5334776815456362,0.2816109896971589,973,308,11816,453173,463163,1199140,1219400
S3,bounded,38,76x79,0,6.0,15.0,1.08,0.85,0.001,0.33,0.5,1000,24,200,209,500,24.0,True,6000.0,20000,20000.0,3,3200,0.5329780146568954,0.0009375,28,475,5934,77496,106586,568448,583988
S3,bounded,35,76x79,0,6.0,15.0,1.08,0.85,0.001,0.33,0.5,1000,24,200,360,500,24.0,True,9624.0,20000,20000.0,58,3238,0.539307128580946,0.017912291537986413,82,444,6804,92964,118236,586500,610843
S3,bounded,37,76x79,0,6.0,15.0,1.08,0.85,0.001,0.33,0.5,1000,24,200,313,500,24.0,True,8496.0,20000,20000.0,7,3295,0.548800799467022,0.0021244309559939304,26,427,6602,103603,130012,607027,628405
S3,bounded,36,76x79,0,6.0,15.0,1.08,0.85,0.001,0.33,0.5,1000,48,200,151,500,24.0,True,8208.0,20000,20000.0,29,3338,0.555962691538974,0.008687837028160575,90,397,7298,149364,176894,691119,706560
S3,bounded,39,76x79,0,6.0,15.0,1.08,0.85,0.001,0.33,0.5,1000,48,200,246,500,24.0,True,12768.0,20000,20000.0,176,3209,0.534477015323118,0.054845746338423186,364,411,7623,148802,174816,685314,707721
S3,bounded,34,76x79,0,6.0,15.0,1.08,0.85,0.001,0.33,0.5,1000,12,200,227,500,24.0,True,3720.0,20000,20000.0,513,3154,0.5253164556962026,0.16265060240963855,594,363,10905,289245,304249,922720,941017
S3,bounded,33,76x79,0,6.0,15.0,1.08,0.85,0.001,0.33,0.5,1000,12,200,213,500,24.0,True,3552.0,20000,20000.0,1266,3198,0.5326449033977348,0.39587242026266417,1309,322,11507,396546,408332,1105133,1123388
S3,bounded,32,76x79,0,6.0,15.0,1.08,0.85,0.001,0.33,0.5,1000,12,200,291,500,24.0,True,4488.0,20000,20000.0,1313,3091,0.5148234510326449,0.4247816240698803,1360,311,10710,440893,452174,1177702,1198678
S3,bounded,40,76x79,0,6.0,15.0,1.08,0.85,0.001,0.33,0.5,1000,48,200,396,500,24.0,True,,20000,20000.0,154,3267,0.5441372418387741,0.04713804713804714,315,416,4965,48273,77409,507431,537527
S3,bounded,47,76x79,0,6.0,15.0,1.08,0.85,0.001,0.33,0.5,1000,12,200,435,500,24.0,True,6216.0,20000,20000.0,54,3195,0.532145236508994,0.016901408450704224,121,451,3934,68281,95830,547316,567288
S3,bounded,43,76x79,0,6.0,15.0,1.08,0.85,0.001,0.33,0.5,1000,24,200,36,500,24.0,True,1848.0,20000,20000.0,447,3164,0.5269820119920053,0.14127686472819218,500,367,8782,161811,188840,717006,725012
S3,bounded,46,76x79,0,6.0,15.0,1.08,0.85,0.001,0.33,0.5,1000,12,200,343,500,24.0,True,5112.0,20000,20000.0,2,3289,0.5478014656895404,0.0006080875646093037,11,390,8328,178455,199649,734408,755579
S3,bounded,41,76x79,0,6.0,15.0,1.08,0.85,0.001,0.33,0.5,1000,24,200,232,500,24.0,True,6552.0,20000,20000.0,692,3186,0.5306462358427715,0.21720025109855617,779,374,10588,242907,261865,844107,864776
S3,bounded,42,76x79,0,6.0,15.0,1.08,0.85,0.001,0.33,0.5,1000,48,200,105,500,24.0,True,6024.0,20000,20000.0,32,3236,0.5389740173217855,0.009888751545117428,85,393,10434,245721,268085,854960,869981
S3,bounded,44,76x79,0,6.0,15.0,1.08,0.85,0.001,0.33,0.5,1000,24,200,197,500,24.0,True,5712.0,20000,20000.0,665,3153,0.5251499000666222,0.21091024421186172,818,384,10659,292656,309893,928986,947799
S3,bounded,45,76x79,0,6.0,15.0,1.08,0.85,0.001,0.33,0.5,1000,48,200,179,500,24.0,True,9552.0,20000,20000.0,1177,3080,0.5129913391072618,0.3821428571428571,1245,370,10109,333333,351208,998409,1018310
S3,bounded,48,76x79,0,6.0,15.0,1.08,0.85,0.001,0.33,0.5,1000,48,200,396,500,24.0,True,,20000,20000.0,2,3190,0.5313124583610926,0.0006269592476489029,10,465,1065,8170,43032,443619,470264
S3,bounded,53,76x79,0,6.0,15.0,1.08,0.85,0.001,0.33,0.5,1000,48,200,396,500,24.0,True,,20000,20000.0,3,3213,0.535143237841439,0.0009337068160597573,32,426,2681,25772,58446,471869,499674
S3,bounded,51,76x79,0,6.0,15.0,1.08,0.85,0.001,0.33,0.5,1000,12,200,423,500,24.0,True,6072.0,20000,20000.0,3,3313,0.551798800799467,0.0009055236945366737,17,440,6660,110051,133187,615557,638123
S3,bounded,54,76x79,0,6.0,15.0,1.08,0.85,0.001,0.33,0.5,1000,24,200,479,500,24.0,True,12480.0,20000,20000.0,806,3140,0.5229846768820786,0.256687898089172,935,423,7251,159049,180565,693550,724543
S3,bounded,52,76x79,0,6.0,15.0,1.08,0.85,0.001,0.33,0.5,1000,24,200,96,500,24.0,True,3288.0,20000,20000.0,176,3282,0.5466355762824784,0.05362583790371724,246,425,8290,142943,169760,682273,693366
S3,bounded,50,76x79,0,6.0,15.0,1.08,0.85,0.001,0.33,0.5,1000,12,200,277,500,24.0,True,4320.0,20000,20000.0,20,3323,0.5534643570952699,0.006018657839301836,37,385,9174,211743,231911,792312,811670
S3,bounded,49,76x79,0,6.0,15.0,1.08,0.85,0.001,0.33,0.5,1000,24,200,278,500,24.0,True,7656.0,20000,20000.0,553,3157,0.5258161225849434,0.17516629711751663,647,371,8912,270605,291283,891813,913332
S3,bounded,55,76x79,0,6.0,15.0,1.08,0.85,0.001,0.33,0.5,1000,24,200,145,500,24.0,True,4464.0,20000,20000.0,1523,3125,0.5204863424383744,0.48736,1595,385,10783,315368,333495,970259,986337
S3,bounded,59,76x79,0,6.0,15.0,1.08,0.85,0.001,0.33,0.5,1000,48,200,396,500,24.0,True,,20000,20000.0,11,3251,0.5414723517654897,0.003383574284835435,68,413,1726,13474,47665,452369,479436
S3,bounded,62,76x79,0,6.0,15.0,1.08,0.85,0.001,0.33,0.5,1000,48,200,396,500,24.0,True,,20000,20000.0,1,3292,0.5483011325782812,0.00030376670716889426,1,418,1677,13558,47688,452100,479155
S3,bounded,58,76x79,0,6.0,15.0,1.08,0.85,0.001,0.33,0.5,1000,48,200,396,500,24.0,True,,20000,20000.0,323,3114,0.5186542305129913,0.10372511239563263,428,417,2828,26585,59358,473478,501705
S3,bounded,57,76x79,0,6.0,15.0,1.08,0.85,0.001,0.33,0.5,1000,12,200,283,500,24.0,True,4392.0,20000,20000.0,5,3326,0.5539640239840107,0.001503307276007216,42,413,4435,75180,104268,564421,579141
S3,bounded,56,76x79,0,6.0,15.0,1.08,0.85,0.001,0.33,0.5,1000,48,200,271,500,24.0,True,13968.0,20000,20000.0,813,3185,0.5304796802131913,0.2552590266875981,871,437,6866,177796,201096,731155,754584
S3,bounded,61,76x79,0,6.0,15.0,1.08,0.85,0.001,0.33,0.5,1000,48,200,207,500,24.0,True,10920.0,20000,20000.0,992,3076,0.5123251165889408,0.32249674902470743,1059,390,10314,279421,297574,905275,927423
S3,bounded,63,76x79,0,6.0,15.0,1.08,0.85,0.001,0.33,0.5,1000,12,200,253,500,24.0,True,4032.0,20000,20000.0,139,3242,0.5399733510992671,0.04287476866132017,275,349,10829,271967,287912,893281,913421
S3,bounded,60,76x79,0,6.0,15.0,1.08,0.85,0.001,0.33,0.5,1000,24,200,110,500,24.0,True,3624.0,20000,20000.0,773,3139,0.5228181212524984,0.24625676967187002,832,289,11434,483710,498045,1255993,1270872
S3,bounded,71,76x79,0,6.0,15.0,1.08,0.85,0.001,0.33,0.5,1000,48,200,396,500,24.0,True,,20000,20000.0,132,3200,0.5329780146568954,0.04125,297,430,1777,14733,48473,453760,480861
S3,bounded,65,76x79,0,6.0,15.0,1.08,0.85,0.001,0.33,0.5,1000,48,200,396,500,24.0,True,,20000,20000.0,156,3235,0.5388074616922052,0.0482225656877898,204,417,3092,30641,62519,479331,507592
S3,bounded,69,76x79,0,6.0,15.0,1.08,0.85,0.001,0.33,0.5,1000,12,200,131,500,24.0,True,2568.0,20000,20000.0,4,3430,0.5712858094603598,0.0011661807580174927,38,431,4609,73502,105374,567560,575533
S3,bounded,67,76x79,0,6.0,15.0,1.08,0.85,0.001,0.33,0.5,1000,12,200,47,500,24.0,True,1560.0,20000,20000.0,1,3243,0.5401399067288475,0.0003083564600678384,10,398,5695,101989,133336,618172,623270
S3,bounded,70,76x79,0,6.0,15.0,1.08,0.85,0.001,0.33,0.5,1000,24,200,432,500,24.0,True,11352.0,20000,20000.0,984,3179,0.5294803464357095,0.3095312991506763,1078,373,7721,259453,278664,864961,893698
S3,bounded,68,76x79,0,6.0,15.0,1.08,0.85,0.001,0.33,0.5,1000,12,200,485,500,24.0,True,6816.0,20000,20000.0,751,3072,0.5116588940706196,0.24446614583333334,840,341,10376,294521,308078,924922,953714
S3,bounded,66,76x79,0,6.0,15.0,1.08,0.85,0.001,0.33,0.5,1000,12,200,245,500,24.0,True,3936.0,20000,20000.0,1118,3159,0.526149233844104,0.35390946502057613,1153,343,11250,305041,321773,951498,970653
S3,bounded,64,76x79,0,6.0,15.0,1.08,0.85,0.001,0.33,0.5,1000,48,200,48,500,24.0,True,3264.0,20000,20000.0,901,3154,0.5253164556962026,0.2856689917564997,972,298,11430,476080,491457,1246574,1258534
S3,bounded,77,76x79,0,6.0,15.0,1.08,0.85,0.001,0.33,0.5,1000,48,200,396,500,24.0,True,,20000,20000.0,5,3322,0.5532978014656895,0.0015051173991571343,42,439,3267,30199,61953,478468,507174
S3,bounded,74,76x79,0,6.0,15.0,1.08,0.85,0.001,0.33,0.5,1000,48,200,344,500,24.0,True,17472.0,20000,20000.0,516,3139,0.5228181212524984,0.1643835616438356,572,471,5104,76545,104275,557522,584001
S3,bounded,78,76x79,0,6.0,15.0,1.08,0.85,0.001,0.33,0.5,1000,12,200,203,500,24.0,True,3432.0,20000,20000.0,3,3372,0.5616255829447035,0.0008896797153024911,22,404,8084,140133,165621,674661,689127
S3,bounded,79,76x79,0,6.0,15.0,1.08,0.85,0.001,0.33,0.5,1000,12,200,111,500,24.0,True,2328.0,20000,20000.0,64,3395,0.5654563624250499,0.01885125184094256,120,437,9350,183677,209199,752066,763790
S3,bounded,73,76x79,0,6.0,15.0,1.08,0.85,0.001,0.33,0.5,1000,12,200,169,500,24.0,True,3024.0,20000,20000.0,143,3188,0.5309793471019321,0.044855708908406525,187,383,10081,188957,210305,756692,772090
S3,bounded,76,76x79,0,6.0,15.0,1.08,0.85,0.001,0.33,0.5,1000,24,200,209,500,24.0,True,6000.0,20000,20000.0,769,3182,0.5299800133244503,0.24167190446260214,818,391,10765,270263,288385,891821,911828
S3,bounded,75,76x79,0,6.0,15.0,1.08,0.85,0.001,0.33,0.5,1000,24,200,248,500,24.0,True,6936.0,20000,20000.0,1292,3148,0.5243171219187208,0.4104193138500635,1323,296,10368,396333,410511,1100780,1122481
S3,bounded,72,76x79,0,6.0,15.0,1.08,0.85,0.001,0.33,0.5,1000,24,200,171,500,24.0,True,5088.0,20000,20000.0,2009,3064,0.5103264490339774,0.6556788511749347,2057,277,10894,525014,534855,1318758,1336624
S3,bounded,87,76x79,0,6.0,15.0,1.08,0.85,0.001,0.33,0.5,1000,48,200,347,500,24.0,True,17616.0,20000,20000.0,632,3111,0.5181545636242505,0.203150112504018,727,441,4338,76156,105467,558144,584397
S3,bounded,80,76x79,0,6.0,15.0,1.08,0.85,0.001,0.33,0.5,1000,12,200,199,500,24.0,True,3384.0,20000,20000.0,5,3264,0.5436375749500333,0.0015318627450980392,21,420,4579,75402,105780,567583,577986
S3,bounded,85,76x79,0,6.0,15.0,1.08,0.85,0.001,0.33,0.5,1000,48,200,282,500,24.0,True,14520.0,20000,20000.0,42,3285,0.5471352431712192,0.012785388127853882,139,460,5365,79223,109289,566833,589312
S3,bounded,83,76x79,0,6.0,15.0,1.08,0.85,0.001,0.33,0.5,1000,12,200,639,500,24.0,True,8664.0,20000,20000.0,2,3241,0.5398067954696869,0.000617093489663684,8,411,5358,85902,106851,567391,598108
S3,bounded,86,76x79,0,6.0,15.0,1.08,0.85,0.001,0.33,0.5,1000,12,200,343,500,24.0,True,5112.0,20000,20000.0,7,3307,0.5507994670219853,0.0021167221046265497,19,414,7888,124070,145193,639996,661345
S3,bounded,82,76x79,0,6.0,15.0,1.08,0.85,0.001,0.33,0.5,1000,24,200,292,500,24.0,True,7992.0,20000,20000.0,268,3293,0.5484676882078614,0.08138475554205891,328,394,8404,144658,167775,675629,697995
S3,bounded,84,76x79,0,6.0,15.0,1.08,0.85,0.001,0.33,0.5,1000,48,200,236,500,24.0,True,12312.0,20000,20000.0,723,3149,0.5244836775483012,0.22959669736424262,768,407,8188,222882,244219,808776,830599
S3,bounded,81,76x79,0,6.0,15.0,1.08,0.85,0.001,0.33,0.5,1000,12,200,453,500,24.0,True,6432.0,20000,20000.0,1586,3150,0.5246502331778814,0.5034920634920635,1651,325,10269,420706,429413,1135416,1163386
S3,bounded,93,76x79,0,6.0,15.0,1.08,0.85,0.001,0.33,0.5,1000,48,200,281,500,24.0,True,14448.0,20000,20000.0,7,3303,0.5501332445036642,0.002119285498032092,36,423,5488,84041,113700,574509,597176
S3,bounded,89,76x79,0,6.0,15.0,1.08,0.85,0.001,0.33,0.5,1000,48,200,95,500,24.0,True,5544.0,20000,20000.0,1,3328,0.5542971352431713,0.00030048076923076925,10,435,4836,77520,110127,574077,583047
S3,bounded,94,76x79,0,6.0,15.0,1.08,0.85,0.001,0.33,0.5,1000,12,200,143,500,24.0,True,2712.0,20000,20000.0,8,3207,0.5341439040639574,0.002494543186778921,54,424,5202,77695,108834,573983,582971
S3,bounded,92,76x79,0,6.0,15.0,1.08,0.85,0.001,0.33,0.5,1000,12,200,115,500,24.0,True,2376.0,20000,20000.0,14,3213,0.535143237841439,0.004357298474945534,70,404,5821,127846,156573,659094,667667
S3,bounded,88,76x79,0,6.0,15.0,1.08,0.85,0.001,0.33,0.5,1000,12,200,297,500,24.0,True,4560.0,20000,20000.0,300,3165,0.5271485676215856,0.0947867298578199,409,397,7372,130548,156694,656150,672802
S3,bounded,95,76x79,0,6.0,15.0,1.08,0.85,0.001,0.33,0.5,1000,24,200,183,500,24.0,True,5376.0,20000,20000.0,1068,3147,0.5241505662891406,0.3393708293612965,1138,345,11211,313665,330565,965125,984224
S3,bounded,90,76x79,0,6.0,15.0,1.08,0.85,0.001,0.33,0.5,1000,12,200,289,500,24.0,True,4464.0,20000,20000.0,1378,3106,0.5173217854763491,0.4436574372182872,1430,320,11534,415834,427508,1135434,1157599
S3,bounded,91,76x79,0,6.0,15.0,1.08,0.85,0.001,0.33,0.5,1000,12,200,249,500,24.0,True,3984.0,20000,20000.0,2072,3021,0.5031645569620253,0.6858656074147633,2119,268,11051,598684,605739,1440929,1460266
S3,bounded,98,76x79,0,6.0,15.0,1.08,0.85,0.001,0.33,0.5,1000,48,200,173,500,24.0,True,9288.0,20000,20000.0,5,3174,0.5286475682878081,0.001575299306868305,57,386,6295,94845,124202,597052,612863
S3,bounded,97,76x79,0,6.0,15.0,1.08,0.85,0.001,0.33,0.5,1000,24,200,207,500,24.0,True,5952.0,20000,20000.0,1390,3093,0.5151565622918055,0.4494018752020692,1452,373,10647,350678,365623,1026013,1045597
S3,bounded,96,76x79,0,6.0,15.0,1.08,0.85,0.001,0.33,0.5,1000,24,200,194,500,24.0,True,5640.0,20000,20000.0,1158,3145,0.52381745502998,0.36820349761526233,1233,334,10629,417634,431276,1139679,1158539
S3,bounded,99,76x79,0,6.0,15.0,1.08,0.85,0.001,0.33,0.5,1000,12,200,353,500,24.0,True,5232.0,20000,20000.0,1536,3151,0.5248167888074617,0.48746429704855604,1550,317,10654,422828,435671,1146735,1170459
S3,bounded,0,76x79,0,6.0,15.0,1.08,0.85,0.001,0.5,0.5,1000,24,200,55,500,24.0,True,2304.0,20000,20000.0,3664,3664,0.6102598267821452,1.0,3664,59,2195,57820,56812,172173,175403
S3,bounded,1,76x79,0,6.0,15.0,1.08,0.85,0.001,0.5,0.5,1000,24,200,37,500,24.0,True,1872.0,20000,20000.0,3664,3664,0.6102598267821452,1.0,3664,49,2341,56885,53921,154841,157123
S3,bounded,2,76x79,0,6.0,15.0,1.08,0.85,0.001,0.5,0.5,1000,12,200,51,500,24.0,True,1608.0,20000,20000.0,3672,3672,0.6115922718187875,1.0,3672,43,2115,56358,53651,151290,153644
S3,bounded,3,76x79,0,6.0,15.0,1.08,0.85,0.001,0.5,0.5,1000,12,200,19,500,24.0,True,1224.0,20000,20000.0,3668,3668,0.6109260493004663,1.0,3668,43,2052,53269,51136,146016,146724
S3,bounded,8,76x79,0,6.0,15.0,1.08,0.85,0.001,0.5,0.5,1000,12,200,15,500,24.0,True,1176.0,20000,20000.0,3652,3652,0.6082611592271818,1.0,3651,42,1711,47607,45753,133599,133728
S3,bounded,9,76x79,0,6.0,15.0,1.08,0.85,0.001,0.5,0.5,1000,12,200,77,500,24.0,True,1920.0,20000,20000.0,3668,3668,0.6109260493004663,1.0,3668,43,2325,63062,59186,169653,173587
S3,bounded,4,76x79,0,6.0,15.0,1.08,0.85,0.001,0.5,0.5,1000,12,200,41,500,24.0,True,1488.0,20000,20000.0,3682,3682,0.6132578281145903,1.0,3681,24,2132,65028,61699,168302,170311
S3,bounded,10,76x79,0,6.0,15.0,1.08,0.85,0.001,0.5,0.5,1000,48,200,14,500,24.0,True,1632.0,20000,20000.0,3666,3666,0.6105929380413058,1.0,3666,29,2123,53350,51684,146268,147021
S3,bounded,6,76x79,0,6.0,15.0,1.08,0.85,0.001,0.5,0.5,1000,12,200,45,500,24.0,True,1536.0,20000,20000.0,3659,3659,0.6094270486342438,1.0,3659,46,2267,61219,59547,169028,171132
S3,bounded,5,76x79,0,6.0,15.0,1.08,0.85,0.001,0.5,0.5,1000,12,200,5,500,24.0,True,1056.0,20000,20000.0,3659,3659,0.6094270486342438,1.0,3659,40,1788,50552,48960,137450,137184
S3,bounded,11,76x79,0,6.0,15.0,1.08,0.85,0.001,0.5,0.5,1000,48,200,16,500,24.0,True,1752.0,20000,20000.0,3671,3671,0.6114257161892072,1.0,3671,37,2480,61831,60040,167811,169138
S3,bounded,7,76x79,0,6.0,15.0,1.08,0.85,0.001,0.5,0.5,1000,24,200,28,500,24.0,True,1656.0,20000,20000.0,3658,3658,0.6092604930046636,1.0,3658,44,2399,58722,56870,165121,167006
S3,bounded,19,76x79,0,6.0,15.0,1.08,0.85,0.001,0.5,0.5,1000,12,200,111,500,24.0,True,2328.0,20000,20000.0,3658,3658,0.6092604930046636,1.0,3658,77,1950,56117,55446,170313,174565
S3,bounded,12,76x79,0,6.0,15.0,1.08,0.85,0.001,0.5,0.5,1000,12,200,47,500,24.0,True,1560.0,20000,20000.0,3661,3661,0.6097601598934044,1.0,3661,36,2279,58759,56416,158296,160456
S3,bounded,16,76x79,0,6.0,15.0,1.08,0.85,0.001,0.5,0.5,1000,12,200,61,500,24.0,True,1728.0,20000,20000.0,3676,3676,0.6122584943371085,1.0,3676,51,2372,59049,56310,162442,165331
S3,bounded,14,76x79,0,6.0,15.0,1.08,0.85,0.001,0.5,0.5,1000,12,200,49,500,24.0,True,1584.0,20000,20000.0,3650,3650,0.6079280479680214,1.0,3649,34,2137,59272,55274,156765,159041
S3,bounded,17,76x79,0,6.0,15.0,1.08,0.85,0.001,0.5,0.5,1000,48,200,20,500,24.0,True,1920.0,20000,20000.0,3655,3655,0.6087608261159227,1.0,3655,46,2259,57182,55596,158302,159608
S3,bounded,13,76x79,0,6.0,15.0,1.08,0.85,0.001,0.5,0.5,1000,12,200,25,500,24.0,True,1296.0,20000,20000.0,3659,3659,0.6094270486342438,1.0,3659,50,2048,55333,52304,145754,146755
S3,bounded,15,76x79,0,6.0,15.0,1.08,0.85,0.001,0.5,0.5,1000,24,200,12,500,24.0,True,1272.0,20000,20000.0,3682,3682,0.6132578281145903,1.0,3682,33,2077,58670,56697,151195,151725
S3,bounded,18,76x79,0,6.0,15.0,1.08,0.85,0.001,0.5,0.5,1000,24,200,37,500,24.0,True,1872.0,20000,20000.0,3662,3662,0.6099267155229847,1.0,3662,50,2494,57862,56196,167560,170073
S3,bounded,25,76x79,0,6.0,15.0,1.08,0.85,0.001,0.5,0.5,1000,12,200,87,500,24.0,True,2040.0,20000,20000.0,3661,3661,0.6097601598934044,1.0,3661,44,2051,55662,52802,154143,158034
S3,bounded,20,76x79,0,6.0,15.0,1.08,0.85,0.001,0.5,0.5,1000,12,200,87,500,24.0,True,2040.0,20000,20000.0,3668,3668,0.6109260493004663,1.0,3668,42,2485,62341,58864,171606,175850
S3,bounded,26,76x79,0,6.0,15.0,1.08,0.85,0.001,0.5,0.5,1000,24,200,49,500,24.0,True,2160.0,20000,20000.0,3674,3674,0.6119253830779481,1.0,3674,50,3002,73633,72469,203249,206885
S3,bounded,23,76x79,0,6.0,15.0,1.08,0.85,0.001,0.5,0.5,1000,12,200,41,500,24.0,True,1488.0,20000,20000.0,3665,3665,0.6104263824117255,1.0,3665,50,1839,52139,48791,137873,139405
S3,bounded,21,76x79,0,6.0,15.0,1.08,0.85,0.001,0.5,0.5,1000,48,200,19,500,24.0,True,1896.0,20000,20000.0,3650,3650,0.6079280479680214,1.0,3650,45,2464,63536,60686,169534,170985
S3,bounded,24,76x79,0,6.0,15.0,1.08,0.85,0.001,0.5,0.5,1000,24,200,39,500,24.0,True,1920.0,20000,20000.0,3679,3679,0.6127581612258495,1.0,3679,47,2441,57449,54793,159908,162510
S3,bounded,27,76x79,0,6.0,15.0,1.08,0.85,0.001,0.5,0.5,1000,24,200,17,500,24.0,True,1392.0,20000,20000.0,3663,3664,0.6102598267821452,0.9997270742358079,3663,45,2296,56671,54437,150123,151171
S3,bounded,22,76x79,0,6.0,15.0,1.08,0.85,0.001,0.5,0.5,1000,12,200,11,500,24.0,True,1128.0,20000,20000.0,3676,3676,0.6122584943371085,1.0,3676,28,1748,49938,48549,134492,134450
S3,bounded,32,76x79,0,6.0,15.0,1.08,0.85,0.001,0.5,0.5,1000,12,200,35,500,24.0,True,1416.0,20000,20000.0,3662,3662,0.6099267155229847,1.0,3662,36,1886,52280,49846,142904,144217
S3,bounded,35,76x79,0,6.0,15.0,1.08,0.85,0.001,0.5,0.5,1000,24,200,53,500,24.0,True,2256.0,20000,20000.0,3656,3656,0.608927381745503,1.0,3656,53,2164,55333,53688,159078,161959
S3,bounded,28,76x79,0,6.0,15.0,1.08,0.85,0.001,0.5,0.5,1000,24,200,39,500,24.0,True,1920.0,20000,20000.0,3674,3674,0.6119253830779481,1.0,3674,46,2351,60424,58314,168472,170921
S3,bounded,31,76x79,0,6.0,15.0,1.08,0.85,0.001,0.5,0.5,1000,12,200,89,500,24.0,True,2064.0,20000,20000.0,3656,3656,0.608927381745503,1.0,3656,46,1920,49520,46634,145028,148835
S3,bounded,33,76x79,0,6.0,15.0,1.08,0.85,0.001,0.5,0.5,1000,12,200,33,500,24.0,True,1392.0,20000,20000.0,3667,3667,0.6107594936708861,1.0,3667,49,1939,53220,51423,148981,150156
S3,bounded,29,76x79,0,6.0,15.0,1.08,0.85,0.001,0.5,0.5,1000,12,200,57,500,24.0,True,1680.0,20000,20000.0,3651,3651,0.6080946035976016,1.0,3651,45,2302,59872,57980,167441,170234
S3,bounded,30,76x79,0,6.0,15.0,1.08,0.85,0.001,0.5,0.5,1000,24,200,22,500,24.0,True,1512.0,20000,20000.0,3659,3659,0.6094270486342438,1.0,3659,50,1993,56354,54538,156653,157676
S3,bounded,34,76x79,0,6.0,15.0,1.08,0.85,0.001,0.5,0.5,1000,12,200,45,500,24.0,True,1536.0,20000,20000.0,3667,3667,0.6107594936708861,1.0,3667,34,1789,50178,48419,139379,140939
S3,bounded,36,76x79,0,6.0,15.0,1.08,0.85,0.001,0.5,0.5,1000,48,200,12,500,24.0,True,1536.0,20000,20000.0,3654,3654,0.6085942704863424,1.0,3654,61,2375,62872,62033,175526,176400
S3,bounded,37,76x79,0,6.0,15.0,1.08,0.85,0.001,0.5,0.5,1000,24,200,16,500,24.0,True,1368.0,20000,20000.0,3651,3651,0.6080946035976016,1.0,3651,40,1946,51853,49663,139113,139712
S3,bounded,38,76x79,0,6.0,15.0,1.08,0.85,0.001,0.5,0.5,1000,24,200,18,500,24.0,True,1416.0,20000,20000.0,3668,3669,0.6110926049300467,0.9997274461706187,3668,37,1986,55987,53851,148225,148987
S3,bounded,43,76x79,0,6.0,15.0,1.08,0.85,0.001,0.5,0.5,1000,24,200,36,500,24.0,True,1848.0,20000,20000.0,3663,3663,0.610093271152565,1.0,3663,48,2450,62429,60791,171375,173607
S3,bounded,40,76x79,0,6.0,15.0,1.08,0.85,0.001,0.5,0.5,1000,48,200,5,500,24.0,True,1224.0,20000,20000.0,3660,3660,0.6095936042638241,1.0,3659,36,2011,55159,52713,141858,141874
S3,bounded,41,76x79,0,6.0,15.0,1.08,0.85,0.001,0.5,0.5,1000,24,200,26,500,24.0,True,1608.0,20000,20000.0,3663,3663,0.610093271152565,1.0,3663,50,2542,60334,58087,161010,162812
S3,bounded,42,76x79,0,6.0,15.0,1.08,0.85,0.001,0.5,0.5,1000,48,200,8,500,24.0,True,1368.0,20000,20000.0,3654,3654,0.6085942704863424,1.0,3654,42,1893,55289,53222,145959,146093
S3,bounded,39,76x79,0,6.0,15.0,1.08,0.85,0.001,0.5,0.5,1000,48,200,13,500,24.0,True,1608.0,20000,20000.0,3663,3663,0.610093271152565,1.0,3663,39,2120,54099,52320,149395,150107
S3,bounded,49,76x79,0,6.0,15.0,1.08,0.85,0.001,0.5,0.5,1000,24,200,65,500,24.0,True,2544.0,20000,20000.0,3645,3645,0.60709526982012,1.0,3645,46,2577,64595,62583,185003,189044
S3,bounded,45,76x79,0,6.0,15.0,1.08,0.85,0.001,0.5,0.5,1000,48,200,15,500,24.0,True,1704.0,20000,20000.0,3653,3653,0.6084277148567622,1.0,3653,54,2360,53952,51580,145565,146652
S3,bounded,51,76x79,0,6.0,15.0,1.08,0.85,0.001,0.5,0.5,1000,12,200,75,500,24.0,True,1896.0,20000,20000.0,3642,3642,0.606595602931379,1.0,3642,35,1821,50988,48903,144271,147267
S3,bounded,48,76x79,0,6.0,15.0,1.08,0.85,0.001,0.5,0.5,1000,48,200,6,500,24.0,True,1272.0,20000,20000.0,3678,3678,0.6125916055962691,1.0,3678,37,1930,55416,54139,152518,152582
S3,bounded,46,76x79,0,6.0,15.0,1.08,0.85,0.001,0.5,0.5,1000,12,200,31,500,24.0,True,1368.0,20000,20000.0,3665,3665,0.6104263824117255,1.0,3665,51,1983,53099,51069,147366,148520
S3,bounded,47,76x79,0,6.0,15.0,1.08,0.85,0.001,0.5,0.5,1000,12,200,45,500,24.0,True,1536.0,20000,20000.0,3666,3666,0.6105929380413058,1.0,3666,48,2048,54977,51629,149651,151654
S3,bounded,50,76x79,0,6.0,15.0,1.08,0.85,0.001,0.5,0.5,1000,12,200,15,500,24.0,True,1176.0,20000,20000.0,3657,3657,0.6090939373750833,1.0,3657,38,2049,52467,49606,138012,138512
S3,bounded,44,76x79,0,6.0,15.0,1.08,0.85,0.001,0.5,0.5,1000,24,200,12,500,24.0,True,1272.0,20000,20000.0,3658,3658,0.6092604930046636,1.0,3658,40,1943,50873,48386,136002,136339
S3,bounded,56,76x79,0,6.0,15.0,1.08,0.85,0.001,0.5,0.5,1000,48,200,23,500,24.0,True,2088.0,20000,20000.0,3640,3640,0.6062624916722186,1.0,3640,57,2265,56539,55054,159296,160799
S3,bounded,53,76x79,0,6.0,15.0,1.08,0.85,0.001,0.5,0.5,1000,48,200,22,500,24.0,True,2016.0,20000,20000.0,3674,3674,0.6119253830779481,1.0,3674,42,2213,55990,54910,158295,159733
S3,bounded,58,76x79,0,6.0,15.0,1.08,0.85,0.001,0.5,0.5,1000,48,200,19,500,24.0,True,1896.0,20000,20000.0,3665,3665,0.6104263824117255,1.0,3665,43,2023,54283,52717,153690,154725
S3,bounded,55,76x79,0,6.0,15.0,1.08,0.85,0.001,0.5,0.5,1000,24,200,17,500,24.0,True,1392.0,20000,20000.0,3676,3676,0.6122584943371085,1.0,3676,44,1870,49298,47624,138001,138607
S3,bounded,54,76x79,0,6.0,15.0,1.08,0.85,0.001,0.5,0.5,1000,24,200,14,500,24.0,True,1320.0,20000,20000.0,3651,3651,0.6080946035976016,1.0,3651,40,1916,50066,47890,137017,137458
S3,bounded,59,76x79,0,6.0,15.0,1.08,0.85,0.001,0.5,0.5,1000,48,200,22,500,24.0,True,2016.0,20000,20000.0,3665,3665,0.6104263824117255,1.0,3665,48,2528,59966,57543,162445,164201
S3,bounded,57,76x79,0,6.0,15.0,1.08,0.85,0.001,0.5,0.5,1000,12,200,47,500,24.0,True,1560.0,20000,20000.0,3668,3668,0.6109260493004663,1.0,3668,50,2077,53988,52016,149799,151850
S3,bounded,52,76x79,0,6.0,15.0,1.08,0.85,0.001,0.5,0.5,1000,24,200,20,500,24.0,True,1464.0,20000,20000.0,3661,3661,0.6097601598934044,1.0,3661,46,2732,61369,58256,160088,161761
S3,bounded,65,76x79,0,6.0,15.0,1.08,0.85,0.001,0.5,0.5,1000,48,200,18,500,24.0,True,1848.0,20000,20000.0,3671,3671,0.6114257161892072,1.0,3671,62,2310,53979,52649,156812,158110
S3,bounded,61,76x79,0,6.0,15.0,1.08,0.85,0.001,0.5,0.5,1000,48,200,33,500,24.0,True,2544.0,20000,20000.0,3677,3677,0.6124250499666889,1.0,3676,53,2686,64093,62472,183289,185957
S3,bounded,63,76x79,0,6.0,15.0,1.08,0.85,0.001,0.5,0.5,1000,12,200,57,500,24.0,True,1680.0,20000,20000.0,3685,3685,0.6137574950033311,1.0,3685,38,2066,56494,54319,154193,156727
S3,bounded,60,76x79,0,6.0,15.0,1.08,0.85,0.001,0.5,0.5,1000,24,200,21,500,24.0,True,1488.0,20000,20000.0,3666,3666,0.6105929380413058,1.0,3666,42,2153,56446,54753,155050,156182
S3,bounded,66,76x79,0,6.0,15.0,1.08,0.85,0.001,0.5,0.5,1000,12,200,33,500,24.0,True,1392.0,20000,20000.0,3662,3662,0.6099267155229847,1.0,3661,37,1791,51771,50810,148574,149516
S3,bounded,67,76x79,0,6.0,15.0,1.08,0.85,0.001,0.5,0.5,1000,12,200,41,500,24.0,True,1488.0,20000,20000.0,3668,3668,0.6109260493004663,1.0,3668,37,1842,51680,48068,137224,138869
S3,bounded,62,76x79,0,6.0,15.0,1.08,0.85,0.001,0.5,0.5,1000,48,200,17,500,24.0,True,1800.0,20000,20000.0,3656,3656,0.608927381745503,1.0,3656,41,2116,52666,51210,151799,152796
S3,bounded,64,76x79,0,6.0,15.0,1.08,0.85,0.001,0.5,0.5,1000,48,200,15,500,24.0,True,1680.0,20000,20000.0,3654,3654,0.6085942704863424,1.0,3654,48,2226,55763,54258,155063,156033
S3,bounded,70,76x79,0,6.0,15.0,1.08,0.85,0.001,0.5,0.5,1000,24,200,45,500,24.0,True,2064.0,20000,20000.0,3673,3673,0.6117588274483677,1.0,3673,48,2050,49441,47754,144655,147186
S3,bounded,72,76x79,0,6.0,15.0,1.08,0.85,0.001,0.5,0.5,1000,24,200,21,500,24.0,True,1488.0,20000,20000.0,3662,3662,0.6099267155229847,1.0,3662,42,1990,51471,49414,146053,146985
S3,bounded,69,76x79,0,6.0,15.0,1.08,0.85,0.001,0.5,0.5,1000,12,200,53,500,24.0,True,1632.0,20000,20000.0,3655,3655,0.6087608261159227,1.0,3655,43,2369,62423,61398,175338,177813
S3,bounded,68,76x79,0,6.0,15.0,1.08,0.85,0.001,0.5,0.5,1000,12,200,63,500,24.0,True,1752.0,20000,20000.0,3655,3655,0.6087608261159227,1.0,3655,57,2121,56280,52765,155091,158074
S3,bounded,75,76x79,0,6.0,15.0,1.08,0.85,0.001,0.5,0.5,1000,24,200,31,500,24.0,True,1728.0,20000,20000.0,3666,3666,0.6105929380413058,1.0,3665,35,2363,69470,66286,178624,180624
S3,bounded,71,76x79,0,6.0,15.0,1.08,0.85,0.001,0.5,0.5,1000,48,200,19,500,24.0,True,1896.0,20000,20000.0,3670,3670,0.6112591605596269,1.0,3670,43,2571,62914,60519,167820,169399
S3,bounded,74,76x79,0,6.0,15.0,1.08,0.85,0.001,0.5,0.5,1000,48,200,12,500,24.0,True,1560.0,20000,20000.0,3649,3649,0.607761492338441,1.0,3649,34,1999,51121,49203,139477,140003
S3,bounded,73,76x79,0,6.0,15.0,1.08,0.85,0.001,0.5,0.5,1000,12,200,33,500,24.0,True,1392.0,20000,20000.0,3665,3665,0.6104263824117255,1.0,3665,44,2005,56453,53870,150788,152055
S3,bounded,79,76x79,0,6.0,15.0,1.08,0.85,0.001,0.5,0.5,1000,12,200,57,500,24.0,True,1680.0,20000,20000.0,3658,3658,0.6092604930046636,1.0,3658,34,2046,59173,57085,162000,164597
S3,bounded,81,76x79,0,6.0,15.0,1.08,0.85,0.001,0.5,0.5,1000,12,200,91,500,24.0,True,2088.0,20000,20000.0,3674,3674,0.6119253830779481,1.0,3674,52,2473,67152,63732,183573,188092
S3,bounded,76,76x79,0,6.0,15.0,1.08,0.85,0.001,0.5,0.5,1000,24,200,6,500,24.0,True,1128.0,20000,20000.0,3648,3648,0.6075949367088608,1.0,3648,44,2182,55830,53293,141996,142233
S3,bounded,83,76x79,0,6.0,15.0,1.08,0.85,0.001,0.5,0.5,1000,12,200,39,500,24.0,True,1464.0,20000,20000.0,3657,3657,0.6090939373750833,1.0,3657,45,2412,65044,62080,168453,170477
S3,bounded,80,76x79,0,6.0,15.0,1.08,0.85,0.001,0.5,0.5,1000,12,200,39,500,24.0,True,1464.0,20000,20000.0,3677,3677,0.6124250499666889,1.0,3677,45,2017,57515,55648,154916,156391
S3,bounded,82,76x79,0,6.0,15.0,1.08,0.85,0.001,0.5,0.5,1000,24,200,26,500,24.0,True,1608.0,20000,20000.0,3662,3662,0.6099267155229847,1.0,3662,44,2190,55916,53925,149147,150608
S3,bounded,78,76x79,0,6.0,15.0,1.08,0.85,0.001,0.5,0.5,1000,12,200,21,500,24.0,True,1248.0,20000,20000.0,3671,3671,0.6114257161892072,1.0,3671,34,1933,54191,51602,142412,143087
S3,bounded,77,76x79,0,6.0,15.0,1.08,0.85,0.001,0.5,0.5,1000,48,200,6,500,24.0,True,1248.0,20000,20000.0,3671,3671,0.6114257161892072,1.0,3671,36,2005,56017,54492,150633,150745
S3,bounded,84,76x79,0,6.0,15.0,1.08,0.85,0.001,0.5,0.5,1000,48,200,11,500,24.0,True,1512.0,20000,20000.0,3661,3661,0.6097601598934044,1.0,3661,46,1930,52147,50606,148731,149130
S3,bounded,89,76x79,0,6.0,15.0,1.08,0.85,0.001,0.5,0.5,1000,48,200,23,500,24.0,True,2064.0,20000,20000.0,3657,3658,0.6092604930046636,0.9997266265718973,3657,57,2145,53169,52996,158374,159818
S3,bounded,85,76x79,0,6.0,15.0,1.08,0.85,0.001,0.5,0.5,1000,48,200,13,500,24.0,True,1608.0,20000,20000.0,3656,3656,0.608927381745503,1.0,3655,44,2301,57150,55406,158664,159575
S3,bounded,88,76x79,0,6.0,15.0,1.08,0.85,0.001,0.5,0.5,1000,12,200,41,500,24.0,True,1488.0,20000,20000.0,3665,3665,0.6104263824117255,1.0,3665,42,1794,47828,46257,136405,137773
S3,bounded,86,76x79,0,6.0,15.0,1.08,0.85,0.001,0.5,0.5,1000,12,200,25,500,24.0,True,1296.0,20000,20000.0,3664,3664,0.6102598267821452,1.0,3662,37,1830,53550,52328,152650,153293
S3,bounded,87,76x79,0,6.0,15.0,1.08,0.85,0.001,0.5,0.5,1000,48,200,19,500,24.0,True,1872.0,20000,20000.0,3659,3659,0.6094270486342438,1.0,3659,33,2405,61185,59429,170316,171713
S3,bounded,91,76x79,0,6.0,15.0,1.08,0.85,0.001,0.5,0.5,1000,12,200,25,500,24.0,True,1296.0,20000,20000.0,3669,3669,0.6110926049300467,1.0,3669,26,1699,48415,46931,136799,137347
S3,bounded,90,76x79,0,6.0,15.0,1.08,0.85,0.001,0.5,0.5,1000,12,200,9,500,24.0,True,1104.0,20000,20000.0,3667,3667,0.6107594936708861,1.0,3667,35,1784,50574,48201,134938,134858
S3,bounded,93,76x79,0,6.0,15.0,1.08,0.85,0.001,0.5,0.5,1000,48,200,44,500,24.0,True,3072.0,20000,20000.0,3653,3653,0.6084277148567622,1.0,3653,58,2683,59898,59525,185132,188550
S3,bounded,95,76x79,0,6.0,15.0,1.08,0.85,0.001,0.5,0.5,1000,24,200,59,500,24.0,True,2400.0,20000,20000.0,3670,3670,0.6112591605596269,1.0,3670,60,2875,63592,60945,179424,183451
S3,bounded,94,76x79,0,6.0,15.0,1.08,0.85,0.001,0.5,0.5,1000,12,200,27,500,24.0,True,1320.0,20000,20000.0,3650,3650,0.6079280479680214,1.0,3650,40,1736,53004,51354,146918,147649
S3,bounded,97,76x79,0,6.0,15.0,1.08,0.85,0.001,0.5,0.5,1000,24,200,18,500,24.0,True,1416.0,20000,20000.0,3654,3654,0.6085942704863424,1.0,3654,55,2251,62250,59777,161807,162849
S3,bounded,92,76x79,0,6.0,15.0,1.08,0.85,0.001,0.5,0.5,1000,12,200,25,500,24.0,True,1296.0,20000,20000.0,3658,3658,0.6092604930046636,1.0,3658,36,1994,52813,50717,142578,143533
S3,bounded,96,76x79,0,6.0,15.0,1.08,0.85,0.001,0.5,0.5,1000,24,200,3,500,24.0,True,1056.0,20000,20000.0,3665,3665,0.6104263824117255,1.0,3665,35,1775,51290,49059,136196,135851
S3,bounded,98,76x79,0,6.0,15.0,1.08,0.85,0.001,0.5,0.5,1000,48,200,5,500,24.0,True,1224.0,20000,20000.0,3662,3662,0.6099267155229847,1.0,3662,50,2022,53672,52273,149308,149350
S3,bounded,99,76x79,0,6.0,15.0,1.08,0.85,0.001,0.5,0.5,1000,12,200,11,500,24.0,True,1128.0,20000,20000.0,3654,3654,0.6085942704863424,1.0,3654,42,2196,59543,56763,149883,150315
S3,bounded,6,76x79,0,6.0,15.0,1.08,0.85,0.001,1.0,0.5,1000,12,200,0,500,24.0,True,600.0,20000,20000.0,3947,3947,0.6573950699533644,1.0,3947,11,654,21470,18733,58952,57549
S3,bounded,4,76x79,0,6.0,15.0,1.08,0.85,0.001,1.0,0.5,1000,12,200,0,500,24.0,True,600.0,20000,20000.0,3955,3955,0.6587275149900067,1.0,3955,10,719,22835,19945,61485,60155
S3,bounded,3,76x79,0,6.0,15.0,1.08,0.85,0.001,1.0,0.5,1000,12,200,0,500,24.0,True,600.0,20000,20000.0,3946,3946,0.6572285143237842,1.0,3946,15,656,20780,17864,57086,55684
S3,bounded,0,76x79,0,6.0,15.0,1.08,0.85,0.001,1.0,0.5,1000,24,200,0,500,24.0,True,864.0,20000,20000.0,3946,3946,0.6572285143237842,1.0,3946,22,704,22052,20275,68563,67209
S3,bounded,1,76x79,0,6.0,15.0,1.08,0.85,0.001,1.0,0.5,1000,24,200,0,500,24.0,True,840.0,20000,20000.0,3949,3949,0.657728181212525,1.0,3949,24,620,20288,18059,61096,59661
S3,bounded,2,76x79,0,6.0,15.0,1.08,0.85,0.001,1.0,0.5,1000,12,200,0,500,24.0,True,744.0,20000,20000.0,3948,3948,0.6575616255829447,1.0,3948,17,658,22030,20091,65777,64379
S3,bounded,7,76x79,0,6.0,15.0,1.08,0.85,0.001,1.0,0.5,1000,24,200,0,500,24.0,True,552.0,20000,20000.0,3949,3949,0.657728181212525,1.0,3949,13,676,21713,18852,58499,57120
S3,bounded,5,76x79,0,6.0,15.0,1.08,0.85,0.001,1.0,0.5,1000,12,200,0,500,24.0,True,648.0,20000,20000.0,3949,3949,0.657728181212525,1.0,3949,14,736,22699,19761,63249,61930
S3,bounded,10,76x79,0,6.0,15.0,1.08,0.85,0.001,1.0,0.5,1000,48,200,1,500,24.0,True,1032.0,20000,20000.0,3956,3956,0.6588940706195869,1.0,3956,19,633,21068,18981,65277,63950
S3,bounded,13,76x79,0,6.0,15.0,1.08,0.85,0.001,1.0,0.5,1000,12,200,0,500,24.0,True,600.0,20000,20000.0,3952,3952,0.6582278481012658,1.0,3952,24,641,21093,18183,58979,57568
S3,bounded,9,76x79,0,6.0,15.0,1.08,0.85,0.001,1.0,0.5,1000,12,200,0,500,24.0,True,552.0,20000,20000.0,3964,3964,0.6602265156562291,1.0,3964,13,661,21467,18978,59314,57935
S3,bounded,8,76x79,0,6.0,15.0,1.08,0.85,0.001,1.0,0.5,1000,12,200,0,500,24.0,True,768.0,20000,20000.0,3960,3960,0.6595602931379081,1.0,3960,23,572,19809,17789,60717,59245
S3,bounded,11,76x79,0,6.0,15.0,1.08,0.85,0.001,1.0,0.5,1000,48,200,0,500,24.0,True,600.0,20000,20000.0,3954,3954,0.6585609593604264,1.0,3954,20,778,21452,18438,57989,56717
S3,bounded,14,76x79,0,6.0,15.0,1.08,0.85,0.001,1.0,0.5,1000,12,200,0,500,24.0,True,984.0,20000,20000.0,3942,3942,0.656562291805463,1.0,3942,18,648,20894,18726,65588,64174
S3,bounded,15,76x79,0,6.0,15.0,1.08,0.85,0.001,1.0,0.5,1000,24,200,0,500,24.0,True,648.0,20000,20000.0,3953,3953,0.6583944037308461,1.0,3953,17,673,22033,19321,61050,59672
S3,bounded,12,76x79,0,6.0,15.0,1.08,0.85,0.001,1.0,0.5,1000,12,200,0,500,24.0,True,648.0,20000,20000.0,3954,3954,0.6585609593604264,1.0,3954,15,607,20703,18709,63024,61581
S3,bounded,19,76x79,0,6.0,15.0,1.08,0.85,0.001,1.0,0.5,1000,12,200,0,500,24.0,True,816.0,20000,20000.0,3938,3938,0.655896069287142,1.0,3938,19,710,21461,18955,61922,60566
S3,bounded,18,76x79,0,6.0,15.0,1.08,0.85,0.001,1.0,0.5,1000,24,200,0,500,24.0,True,864.0,20000,20000.0,3951,3952,0.6582278481012658,0.999746963562753,3951,22,645,22158,19983,67619,66212
S3,bounded,17,76x79,0,6.0,15.0,1.08,0.85,0.001,1.0,0.5,1000,48,200,0,500,24.0,True,792.0,20000,20000.0,3942,3942,0.656562291805463,1.0,3942,18,826,24802,22414,72210,70974
S3,bounded,22,76x79,0,6.0,15.0,1.08,0.85,0.001,1.0,0.5,1000,12,200,0,500,24.0,True,744.0,20000,20000.0,3962,3962,0.6598934043970687,1.0,3962,14,643,20941,18060,57971,56572
S3,bounded,20,76x79,0,6.0,15.0,1.08,0.85,0.001,1.0,0.5,1000,12,200,0,500,24.0,True,744.0,20000,20000.0,3962,3962,0.6598934043970687,1.0,3962,14,649,23076,20840,65485,64092
S3,bounded,21,76x79,0,6.0,15.0,1.08,0.85,0.001,1.0,0.5,1000,48,200,0,500,24.0,True,600.0,20000,20000.0,3941,3941,0.6563957361758828,1.0,3941,17,617,20492,17719,55766,54320
S3,bounded,23,76x79,0,6.0,15.0,1.08,0.85,0.001,1.0,0.5,1000,12,200,0,500,24.0,True,768.0,20000,20000.0,3948,3948,0.6575616255829447,1.0,3948,24,665,21934,19218,61034,59643
S3,bounded,16,76x79,0,6.0,15.0,1.08,0.85,0.001,1.0,0.5,1000,12,200,0,500,24.0,True,816.0,20000,20000.0,3954,3954,0.6585609593604264,1.0,3954,21,706,22068,19565,63647,62303
S3,bounded,25,76x79,0,6.0,15.0,1.08,0.85,0.001,1.0,0.5,1000,12,200,0,500,24.0,True,816.0,20000,20000.0,3961,3961,0.6597268487674883,1.0,3961,18,578,20612,18636,63998,62533
S3,bounded,29,76x79,0,6.0,15.0,1.08,0.85,0.001,1.0,0.5,1000,12,200,5,500,24.0,True,1056.0,20000,20000.0,3952,3952,0.6582278481012658,1.0,3952,14,615,21343,19377,67318,66186
S3,bounded,26,76x79,0,6.0,15.0,1.08,0.85,0.001,1.0,0.5,1000,24,200,0,500,24.0,True,864.0,20000,20000.0,3942,3942,0.656562291805463,1.0,3942,23,644,20591,18272,61859,60441
S3,bounded,24,76x79,0,6.0,15.0,1.08,0.85,0.001,1.0,0.5,1000,24,200,0,500,24.0,True,864.0,20000,20000.0,3948,3948,0.6575616255829447,1.0,3948,18,651,21189,19181,63323,61918
S3,bounded,31,76x79,0,6.0,15.0,1.08,0.85,0.001,1.0,0.5,1000,12,200,0,500,24.0,True,648.0,20000,20000.0,3957,3957,0.6590606262491672,1.0,3957,17,682,21500,19062,60631,59266
S3,bounded,30,76x79,0,6.0,15.0,1.08,0.85,0.001,1.0,0.5,1000,24,200,0,500,24.0,True,528.0,20000,20000.0,3948,3948,0.6575616255829447,1.0,3948,16,619,21139,18109,56281,54844
S3,bounded,28,76x79,0,6.0,15.0,1.08,0.85,0.001,1.0,0.5,1000,24,200,0,500,24.0,True,840.0,20000,20000.0,3950,3950,0.6578947368421053,1.0,3950,19,706,21913,19425,62949,61601
S3,bounded,27,76x79,0,6.0,15.0,1.08,0.85,0.001,1.0,0.5,1000,24,200,0,500,24.0,True,600.0,20000,20000.0,3963,3963,0.6600599600266489,1.0,3963,12,610,20739,18189,60663,59232
S3,bounded,32,76x79,0,6.0,15.0,1.08,0.85,0.001,1.0,0.5,1000,12,200,0,500,24.0,True,840.0,20000,20000.0,3946,3946,0.6572285143237842,1.0,3946,23,686,22703,20172,65339,63967
S3,bounded,34,76x79,0,6.0,15.0,1.08,0.85,0.001,1.0,0.5,1000,12,200,0,500,24.0,True,792.0,20000,20000.0,3960,3960,0.6595602931379081,1.0,3960,17,714,21588,19185,62758,61428
S3,bounded,39,76x79,0,6.0,15.0,1.08,0.85,0.001,1.0,0.5,1000,48,200,0,500,24.0,True,576.0,20000,20000.0,3950,3950,0.6578947368421053,1.0,3950,14,599,19468,17131,55983,54528
S3,bounded,35,76x79,0,6.0,15.0,1.08,0.85,0.001,1.0,0.5,1000,24,200,0,500,24.0,True,768.0,20000,20000.0,3942,3942,0.656562291805463,1.0,3942,18,652,21641,19433,63568,62158
S3,bounded,37,76x79,0,6.0,15.0,1.08,0.85,0.001,1.0,0.5,1000,24,200,0,500,24.0,True,624.0,20000,20000.0,3943,3943,0.6567288474350433,1.0,3943,21,656,21038,18350,60684,59279
S3,bounded,38,76x79,0,6.0,15.0,1.08,0.85,0.001,1.0,0.5,1000,24,200,0,500,24.0,True,600.0,20000,20000.0,3953,3953,0.6583944037308461,1.0,3953,17,638,21184,18587,59189,57776
S3,bounded,33,76x79,0,6.0,15.0,1.08,0.85,0.001,1.0,0.5,1000,12,200,0,500,24.0,True,648.0,20000,20000.0,3950,3950,0.6578947368421053,1.0,3950,19,665,21754,18779,60292,58903
S3,bounded,36,76x79,0,6.0,15.0,1.08,0.85,0.001,1.0,0.5,1000,48,200,0,500,24.0,True,624.0,20000,20000.0,3960,3960,0.6595602931379081,1.0,3960,19,636,21393,18798,60429,59021
S3,bounded,40,76x79,0,6.0,15.0,1.08,0.85,0.001,1.0,0.5,1000,48,200,0,500,24.0,True,624.0,20000,20000.0,3946,3946,0.6572285143237842,1.0,3946,19,666,21074,18635,59077,57685
S3,bounded,45,76x79,0,6.0,15.0,1.08,0.85,0.001,1.0,0.5,1000,48,200,0,500,24.0,True,792.0,20000,20000.0,3941,3941,0.6563957361758828,1.0,3941,27,730,22507,20427,66751,65418
S3,bounded,47,76x79,0,6.0,15.0,1.08,0.85,0.001,1.0,0.5,1000,12,200,0,500,24.0,True,792.0,20000,20000.0,3954,3954,0.6585609593604264,1.0,3954,24,592,21255,18988,61946,60488
S3,bounded,42,76x79,0,6.0,15.0,1.08,0.85,0.001,1.0,0.5,1000,48,200,0,500,24.0,True,816.0,20000,20000.0,3961,3961,0.6597268487674883,1.0,3961,24,553,19766,17494,60648,59158
S3,bounded,41,76x79,0,6.0,15.0,1.08,0.85,0.001,1.0,0.5,1000,24,200,0,500,24.0,True,744.0,20000,20000.0,3952,3952,0.6582278481012658,1.0,3952,24,677,21885,19225,62067,60692
S3,bounded,44,76x79,0,6.0,15.0,1.08,0.85,0.001,1.0,0.5,1000,24,200,0,500,24.0,True,600.0,20000,20000.0,3955,3955,0.6587275149900067,1.0,3955,13,650,21655,19088,60442,59043
S3,bounded,43,76x79,0,6.0,15.0,1.08,0.85,0.001,1.0,0.5,1000,24,200,0,500,24.0,True,576.0,20000,20000.0,3954,3954,0.6585609593604264,1.0,3954,11,674,21130,18198,56349,54973
S3,bounded,46,76x79,0,6.0,15.0,1.08,0.85,0.001,1.0,0.5,1000,12,200,0,500,24.0,True,624.0,20000,20000.0,3953,3953,0.6583944037308461,1.0,3953,15,709,20920,18330,58108,56766
S3,bounded,49,76x79,0,6.0,15.0,1.08,0.85,0.001,1.0,0.5,1000,24,200,8,500,24.0,True,1176.0,20000,20000.0,3950,3950,0.6578947368421053,1.0,3950,20,757,22562,20683,72625,71891
S3,bounded,55,76x79,0,6.0,15.0,1.08,0.85,0.001,1.0,0.5,1000,24,200,0,500,24.0,True,720.0,20000,20000.0,3955,3955,0.6587275149900067,1.0,3955,16,695,21643,19037,60769,59415
S3,bounded,53,76x79,0,6.0,15.0,1.08,0.85,0.001,1.0,0.5,1000,48,200,0,500,24.0,True,792.0,20000,20000.0,3945,3945,0.6570619586942039,1.0,3945,19,661,21211,18487,61073,59675
S3,bounded,48,76x79,0,6.0,15.0,1.08,0.85,0.001,1.0,0.5,1000,48,200,0,500,24.0,True,552.0,20000,20000.0,3954,3954,0.6585609593604264,1.0,3954,15,690,21130,18162,55970,54610
S3,bounded,51,76x79,0,6.0,15.0,1.08,0.85,0.001,1.0,0.5,1000,12,200,0,500,24.0,True,576.0,20000,20000.0,3960,3960,0.6595602931379081,1.0,3960,16,743,21247,18250,56419,55118
S3,bounded,54,76x79,0,6.0,15.0,1.08,0.85,0.001,1.0,0.5,1000,24,200,0,500,24.0,True,600.0,20000,20000.0,3955,3955,0.6587275149900067,1.0,3955,13,625,20641,17659,55915,54491
S3,bounded,52,76x79,0,6.0,15.0,1.08,0.85,0.001,1.0,0.5,1000,24,200,0,500,24.0,True,528.0,20000,20000.0,3949,3949,0.657728181212525,1.0,3949,15,633,20655,17663,55141,53719
S3,bounded,50,76x79,0,6.0,15.0,1.08,0.85,0.001,1.0,0.5,1000,12,200,0,500,24.0,True,600.0,20000,20000.0,3955,3955,0.6587275149900067,1.0,3955,17,765,21979,19183,62218,60934
S3,bounded,56,76x79,0,6.0,15.0,1.08,0.85,0.001,1.0,0.5,1000,48,200,0,500,24.0,True,816.0,20000,20000.0,3952,3952,0.6582278481012658,1.0,3952,23,663,21716,19058,61363,59974
S3,bounded,62,76x79,0,6.0,15.0,1.08,0.85,0.001,1.0,0.5,1000,48,200,1,500,24.0,True,1032.0,20000,20000.0,3948,3948,0.6575616255829447,1.0,3948,18,618,20711,18892,66468,65112
S3,bounded,58,76x79,0,6.0,15.0,1.08,0.85,0.001,1.0,0.5,1000,48,200,0,500,24.0,True,720.0,20000,20000.0,3950,3950,0.6578947368421053,1.0,3950,24,597,20090,17926,59379,57922
S3,bounded,59,76x79,0,6.0,15.0,1.08,0.85,0.001,1.0,0.5,1000,48,200,0,500,24.0,True,552.0,20000,20000.0,3955,3955,0.6587275149900067,1.0,3955,16,702,22697,20237,61489,60142
S3,bounded,63,76x79,0,6.0,15.0,1.08,0.85,0.001,1.0,0.5,1000,12,200,0,500,24.0,True,816.0,20000,20000.0,3959,3959,0.6593937375083277,1.0,3959,18,640,20499,18162,61705,60300
S3,bounded,57,76x79,0,6.0,15.0,1.08,0.85,0.001,1.0,0.5,1000,12,200,0,500,24.0,True,768.0,20000,20000.0,3956,3956,0.6588940706195869,1.0,3956,23,692,21688,19570,63586,62230
S3,bounded,60,76x79,0,6.0,15.0,1.08,0.85,0.001,1.0,0.5,1000,24,200,0,500,24.0,True,696.0,20000,20000.0,3951,3951,0.6580612924716855,1.0,3951,17,635,21740,19112,61511,60093
S3,bounded,61,76x79,0,6.0,15.0,1.08,0.85,0.001,1.0,0.5,1000,48,200,0,500,24.0,True,720.0,20000,20000.0,3957,3957,0.6590606262491672,1.0,3957,19,739,21849,19057,61939,60631
S3,bounded,68,76x79,0,6.0,15.0,1.08,0.85,0.001,1.0,0.5,1000,12,200,0,500,24.0,True,960.0,20000,20000.0,3952,3952,0.6582278481012658,1.0,3952,26,609,20619,18717,64518,63075
S3,bounded,67,76x79,0,6.0,15.0,1.08,0.85,0.001,1.0,0.5,1000,12,200,0,500,24.0,True,696.0,20000,20000.0,3946,3946,0.6572285143237842,1.0,3946,15,724,22540,19824,62658,61324
S3,bounded,71,76x79,0,6.0,15.0,1.08,0.85,0.001,1.0,0.5,1000,48,200,0,500,24.0,True,912.0,20000,20000.0,3943,3943,0.6567288474350433,1.0,3943,10,610,21240,19795,66777,65326
S3,bounded,70,76x79,0,6.0,15.0,1.08,0.85,0.001,1.0,0.5,1000,24,200,0,500,24.0,True,864.0,20000,20000.0,3949,3949,0.657728181212525,1.0,3949,19,605,19997,17865,62033,60583
S3,bounded,66,76x79,0,6.0,15.0,1.08,0.85,0.001,1.0,0.5,1000,12,200,0,500,24.0,True,912.0,20000,20000.0,3946,3946,0.6572285143237842,1.0,3946,20,684,21914,19529,65307,63933
S3,bounded,65,76x79,0,6.0,15.0,1.08,0.85,0.001,1.0,0.5,1000,48,200,2,500,24.0,True,1056.0,20000,20000.0,3947,3947,0.6573950699533644,1.0,3947,22,668,20649,18948,67436,66204
S3,bounded,64,76x79,0,6.0,15.0,1.08,0.85,0.001,1.0,0.5,1000,48,200,0,500,24.0,True,792.0,20000,20000.0,3956,3956,0.6588940706195869,1.0,3956,22,553,19721,17104,59846,58351
S3,bounded,69,76x79,0,6.0,15.0,1.08,0.85,0.001,1.0,0.5,1000,12,200,0,500,24.0,True,552.0,20000,20000.0,3951,3951,0.6580612924716855,1.0,3951,12,643,21813,19213,58605,57195
S3,bounded,73,76x79,0,6.0,15.0,1.08,0.85,0.001,1.0,0.5,1000,12,200,0,500,24.0,True,912.0,20000,20000.0,3954,3954,0.6585609593604264,1.0,3954,23,647,21184,18837,64607,63204
S3,bounded,72,76x79,0,6.0,15.0,1.08,0.85,0.001,1.0,0.5,1000,24,200,0,500,24.0,True,960.0,20000,20000.0,3935,3935,0.655396402398401,1.0,3935,14,707,21914,19299,67395,66033
S3,bounded,78,76x79,0,6.0,15.0,1.08,0.85,0.001,1.0,0.5,1000,12,200,0,500,24.0,True,552.0,20000,20000.0,3942,3942,0.656562291805463,1.0,3942,18,636,19860,17416,55859,54433
S3,bounded,79,76x79,0,6.0,15.0,1.08,0.85,0.001,1.0,0.5,1000,12,200,7,500,24.0,True,1080.0,20000,20000.0,3961,3961,0.6597268487674883,1.0,3961,20,673,21454,19574,69348,68337
S3,bounded,76,76x79,0,6.0,15.0,1.08,0.85,0.001,1.0,0.5,1000,24,200,0,500,24.0,True,528.0,20000,20000.0,3961,3961,0.6597268487674883,1.0,3961,18,600,20284,17273,54566,53123
S3,bounded,77,76x79,0,6.0,15.0,1.08,0.85,0.001,1.0,0.5,1000,48,200,0,500,24.0,True,624.0,20000,20000.0,3954,3954,0.6585609593604264,1.0,3954,21,690,21702,19089,62289,60929
S3,bounded,75,76x79,0,6.0,15.0,1.08,0.85,0.001,1.0,0.5,1000,24,200,0,500,24.0,True,648.0,20000,20000.0,3952,3952,0.6582278481012658,1.0,3952,22,583,21552,19043,62229,60760
S3,bounded,74,76x79,0,6.0,15.0,1.08,0.85,0.001,1.0,0.5,1000,48,200,0,500,24.0,True,600.0,20000,20000.0,3956,3956,0.6588940706195869,1.0,3956,14,772,22496,19646,60822,59546
S3,bounded,82,76x79,0,6.0,15.0,1.08,0.85,0.001,1.0,0.5,1000,24,200,8,500,24.0,True,1176.0,20000,20000.0,3945,3945,0.6570619586942039,1.0,3945,25,664,20717,18972,69714,68821
S3,bounded,86,76x79,0,6.0,15.0,1.08,0.85,0.001,1.0,0.5,1000,12,200,0,500,24.0,True,984.0,20000,20000.0,3946,3946,0.6572285143237842,1.0,3946,13,585,20884,19008,65879,64406
S3,bounded,80,76x79,0,6.0,15.0,1.08,0.85,0.001,1.0,0.5,1000,12,200,0,500,24.0,True,624.0,20000,20000.0,3960,3960,0.6595602931379081,1.0,3960,16,661,21400,18549,59784,58401
S3,bounded,83,76x79,0,6.0,15.0,1.08,0.85,0.001,1.0,0.5,1000,12,200,0,500,24.0,True,672.0,20000,20000.0,3951,3951,0.6580612924716855,1.0,3951,20,651,21601,19020,60104,58702
S3,bounded,85,76x79,0,6.0,15.0,1.08,0.85,0.001,1.0,0.5,1000,48,200,0,500,24.0,True,600.0,20000,20000.0,3951,3951,0.6580612924716855,1.0,3951,24,617,21539,18912,59857,58421
S3,bounded,87,76x79,0,6.0,15.0,1.08,0.85,0.001,1.0,0.5,1000,48,200,0,500,24.0,True,744.0,20000,20000.0,3953,3953,0.6583944037308461,1.0,3953,19,690,22747,20154,64414,63053
S3,bounded,84,76x79,0,6.0,15.0,1.08,0.85,0.001,1.0,0.5,1000,48,200,0,500,24.0,True,720.0,20000,20000.0,3967,3967,0.6607261825449701,1.0,3967,16,574,21514,19066,61105,59642
S3,bounded,81,76x79,0,6.0,15.0,1.08,0.85,0.001,1.0,0.5,1000,12,200,0,500,24.0,True,888.0,20000,20000.0,3948,3948,0.6575616255829447,1.0,3948,20,657,21806,19243,63882,62483
S3,bounded,92,76x79,0,6.0,15.0,1.08,0.85,0.001,1.0,0.5,1000,12,200,0,500,24.0,True,912.0,20000,20000.0,3952,3952,0.6582278481012658,1.0,3952,18,629,21427,18832,63655,62232
S3,bounded,90,76x79,0,6.0,15.0,1.08,0.85,0.001,1.0,0.5,1000,12,200,0,500,24.0,True,576.0,20000,20000.0,3960,3960,0.6595602931379081,1.0,3960,18,702,21356,18334,57107,55765
S3,bounded,89,76x79,0,6.0,15.0,1.08,0.85,0.001,1.0,0.5,1000,48,200,0,500,24.0,True,888.0,20000,20000.0,3945,3945,0.6570619586942039,1.0,3945,20,779,21983,20279,71579,70299
S3,bounded,88,76x79,0,6.0,15.0,1.08,0.85,0.001,1.0,0.5,1000,12,200,0,500,24.0,True,528.0,20000,20000.0,3945,3945,0.6570619586942039,1.0,3945,17,639,20533,18077,59119,57699
S3,bounded,95,76x79,0,6.0,15.0,1.08,0.85,0.001,1.0,0.5,1000,24,200,0,500,24.0,True,696.0,20000,20000.0,3952,3952,0.6582278481012658,1.0,3952,22,720,21551,19335,61947,60615
S3,bounded,91,76x79,0,6.0,15.0,1.08,0.85,0.001,1.0,0.5,1000,12,200,0,500,24.0,True,888.0,20000,20000.0,3954,3954,0.6585609593604264,1.0,3954,13,598,21263,19094,63107,61655
S3,bounded,94,76x79,0,6.0,15.0,1.08,0.85,0.001,1.0,0.5,1000,12,200,0,500,24.0,True,648.0,20000,20000.0,3963,3963,0.6600599600266489,1.0,3963,22,599,19649,17127,57130,55688
S3,bounded,93,76x79,0,6.0,15.0,1.08,0.85,0.001,1.0,0.5,1000,48,200,0,500,24.0,True,648.0,20000,20000.0,3954,3954,0.6585609593604264,1.0,3954,13,674,20459,17689,57848,56472
S3,chronic,1,76x79,0,6.0,15.0,1.08,0.85,0.001,0.2,0.5,1000,24,200,792,500,24.0,False,,20000,20000.0,2,3223,0.5368087941372418,0.0006205398696866273,6,435,405,3097,35249,423022,462692
S3,chronic,0,76x79,0,6.0,15.0,1.08,0.85,0.001,0.2,0.5,1000,24,200,792,500,24.0,False,,20000,20000.0,3,3177,0.5291472351765489,0.0009442870632672333,20,461,638,3977,35768,424343,464505
S3,chronic,2,76x79,0,6.0,15.0,1.08,0.85,0.001,0.2,0.5,1000,12,200,1584,500,24.0,False,,20000,20000.0,1,3076,0.5123251165889408,0.00032509752925877764,1,424,1848,19323,41543,430087,491199
S3,chronic,3,76x79,0,6.0,15.0,1.08,0.85,0.001,0.2,0.5,1000,12,200,1584,500,24.0,False,,20000,20000.0,1,3221,0.5364756828780812,0.0003104625892579944,4,455,2232,19732,40435,429250,491865
S3,bounded,97,76x79,0,6.0,15.0,1.08,0.85,0.001,1.0,0.5,1000,24,200,0,500,24.0,True,672.0,20000,20000.0,3955,3955,0.6587275149900067,1.0,3955,11,683,22105,19249,61134,59768
S3,bounded,96,76x79,0,6.0,15.0,1.08,0.85,0.001,1.0,0.5,1000,24,200,0,500,24.0,True,552.0,20000,20000.0,3950,3950,0.6578947368421053,1.0,3950,10,616,21894,19057,59934,58496
S3,bounded,99,76x79,0,6.0,15.0,1.08,0.85,0.001,1.0,0.5,1000,12,200,0,500,24.0,True,792.0,20000,20000.0,3955,3955,0.6587275149900067,1.0,3955,20,670,21100,18455,60205,58826
S3,bounded,98,76x79,0,6.0,15.0,1.08,0.85,0.001,1.0,0.5,1000,48,200,0,500,24.0,True,672.0,20000,20000.0,3945,3945,0.6570619586942039,1.0,3945,18,684,21642,19085,61386,60011
S3,chronic,8,76x79,0,6.0,15.0,1.08,0.85,0.001,0.2,0.5,1000,12,200,1584,500,24.0,False,,20000,20000.0,3,3078,0.5126582278481012,0.0009746588693957114,22,478,756,7312,32125,411204,469639
S3,chronic,11,76x79,0,6.0,15.0,1.08,0.85,0.001,0.2,0.5,1000,48,200,396,500,24.0,False,,20000,20000.0,0,3341,0.5564623584277149,0.0,0,465,227,1953,38260,434426,460274
S3,chronic,4,76x79,0,6.0,15.0,1.08,0.85,0.001,0.2,0.5,1000,12,200,1584,500,24.0,False,,20000,20000.0,6,3240,0.5396402398401066,0.001851851851851852,58,451,850,8112,32833,412301,471693
S3,chronic,10,76x79,0,6.0,15.0,1.08,0.85,0.001,0.2,0.5,1000,48,200,396,500,24.0,False,,20000,20000.0,12,3219,0.5361425716189208,0.003727865796831314,27,419,308,2256,38698,435323,461030
S3,chronic,6,76x79,0,6.0,15.0,1.08,0.85,0.001,0.2,0.5,1000,12,200,1584,500,24.0,False,,20000,20000.0,1,3039,0.5061625582944703,0.0003290556103981573,3,454,970,9273,33779,413792,473119
S3,chronic,5,76x79,0,6.0,15.0,1.08,0.85,0.001,0.2,0.5,1000,12,200,1584,500,24.0,False,,20000,20000.0,2,3099,0.5161558960692871,0.0006453694740238787,11,452,1046,8681,33941,413749,472872
S3,chronic,7,76x79,0,6.0,15.0,1.08,0.85,0.001,0.2,0.5,1000,24,200,792,500,24.0,False,,20000,20000.0,1,3229,0.5378081279147235,0.0003096934035305048,3,473,632,3760,35833,424334,464427
S3,chronic,9,76x79,0,6.0,15.0,1.08,0.85,0.001,0.2,0.5,1000,12,200,1584,500,24.0,False,,20000,20000.0,1,3239,0.5394736842105263,0.00030873726458783575,2,472,2005,20075,41533,430506,492087
S3,chronic,19,76x79,0,6.0,15.0,1.08,0.85,0.001,0.2,0.5,1000,12,200,1584,500,24.0,False,,20000,20000.0,3,3088,0.5143237841439041,0.0009715025906735751,11,430,375,3610,31105,407562,464772
S3,chronic,18,76x79,0,6.0,15.0,1.08,0.85,0.001,0.2,0.5,1000,24,200,792,500,24.0,False,,20000,20000.0,0,3090,0.5146568954030646,0.0,0,464,407,3167,35080,422945,462514
S3,chronic,15,76x79,0,6.0,15.0,1.08,0.85,0.001,0.2,0.5,1000,24,200,792,500,24.0,False,,20000,20000.0,10,3269,0.5444703530979347,0.0030590394616090547,49,479,381,2861,35782,423582,463918
S3,chronic,17,76x79,0,6.0,15.0,1.08,0.85,0.001,0.2,0.5,1000,48,200,396,500,24.0,False,,20000,20000.0,3,3244,0.5403064623584277,0.0009247842170160296,6,448,215,1972,38238,435094,460909
S3,chronic,13,76x79,0,6.0,15.0,1.08,0.85,0.001,0.2,0.5,1000,12,200,1584,500,24.0,False,,20000,20000.0,0,3209,0.534477015323118,0.0,0,448,1170,10010,33958,414926,474573
S3,chronic,14,76x79,0,6.0,15.0,1.08,0.85,0.001,0.2,0.5,1000,12,200,1584,500,24.0,False,,20000,20000.0,1,3168,0.5276482345103265,0.0003156565656565657,4,419,1545,13820,36290,420699,481542
S3,chronic,12,76x79,0,6.0,15.0,1.08,0.85,0.001,0.2,0.5,1000,12,200,1584,500,24.0,False,,20000,20000.0,0,3186,0.5306462358427715,0.0,0,457,1592,14701,37387,422311,483496
S3,chronic,16,76x79,0,6.0,15.0,1.08,0.85,0.001,0.2,0.5,1000,12,200,1584,500,24.0,False,,20000,20000.0,3,3201,0.5331445702864757,0.0009372071227741331,20,456,3623,37581,52770,455461,521493
S3,chronic,26,76x79,0,6.0,15.0,1.08,0.85,0.001,0.2,0.5,1000,24,200,792,500,24.0,False,,20000,20000.0,2,3279,0.5461359093937375,0.000609942055504727,2,447,724,4484,36112,425624,465989
S3,chronic,27,76x79,0,6.0,15.0,1.08,0.85,0.001,0.2,0.5,1000,24,200,792,500,24.0,False,,20000,20000.0,2,3211,0.5348101265822784,0.0006228589224540642,9,451,469,3151,35237,422997,463630
S3,chronic,24,76x79,0,6.0,15.0,1.08,0.85,0.001,0.2,0.5,1000,24,200,792,500,24.0,False,,20000,20000.0,2,3185,0.5304796802131913,0.0006279434850863422,8,487,577,3655,35682,424584,464583
S3,chronic,22,76x79,0,6.0,15.0,1.08,0.85,0.001,0.2,0.5,1000,12,200,1584,500,24.0,False,,20000,20000.0,0,3189,0.5311459027315123,0.0,0,457,643,6036,32661,411045,469500
S3,chronic,21,76x79,0,6.0,15.0,1.08,0.85,0.001,0.2,0.5,1000,48,200,396,500,24.0,False,,20000,20000.0,5,3181,0.5298134576948701,0.0015718327569946558,19,483,305,2475,38770,435569,461320
S3,chronic,23,76x79,0,6.0,15.0,1.08,0.85,0.001,0.2,0.5,1000,12,200,1584,500,24.0,False,,20000,20000.0,2,3180,0.5296469020652899,0.0006289308176100629,4,450,1249,12042,35430,418085,478073
S3,chronic,25,76x79,0,6.0,15.0,1.08,0.85,0.001,0.2,0.5,1000,12,200,1584,500,24.0,False,,20000,20000.0,3,3096,0.5156562291805463,0.0009689922480620155,21,439,1535,14669,37531,422343,482405
S3,chronic,20,76x79,0,6.0,15.0,1.08,0.85,0.001,0.2,0.5,1000,12,200,1584,500,24.0,False,,20000,20000.0,9,3184,0.5303131245836109,0.002826633165829146,115,463,1349,12540,35909,418941,479171
S3,chronic,35,76x79,0,6.0,15.0,1.08,0.85,0.001,0.2,0.5,1000,24,200,792,500,24.0,False,,20000,20000.0,0,3318,0.5526315789473685,0.0,0,437,328,2151,34342,421567,461339
S3,chronic,28,76x79,0,6.0,15.0,1.08,0.85,0.001,0.2,0.5,1000,24,200,792,500,24.0,False,,20000,20000.0,1,3176,0.5289806795469687,0.00031486146095717883,4,525,459,3291,35668,424035,464417
S3,chronic,30,76x79,0,6.0,15.0,1.08,0.85,0.001,0.2,0.5,1000,24,200,792,500,24.0,False,,20000,20000.0,0,3188,0.5309793471019321,0.0,0,444,375,2601,35020,423066,462799
S3,chronic,31,76x79,0,6.0,15.0,1.08,0.85,0.001,0.2,0.5,1000,12,200,1584,500,24.0,False,,20000,20000.0,2,3293,0.5484676882078614,0.0006073489219556636,18,450,979,8062,33349,412492,470949
S3,chronic,33,76x79,0,6.0,15.0,1.08,0.85,0.001,0.2,0.5,1000,12,200,1584,500,24.0,False,,20000,20000.0,0,3066,0.5106595602931379,0.0,0,428,1125,10274,33961,415256,475658
S3,chronic,34,76x79,0,6.0,15.0,1.08,0.85,0.001,0.2,0.5,1000,12,200,1584,500,24.0,False,,20000,20000.0,0,3112,0.5183211192538307,0.0,0,469,1324,12843,35946,419360,479798
S3,chronic,32,76x79,0,6.0,15.0,1.08,0.85,0.001,0.2,0.5,1000,12,200,1584,500,24.0,False,,20000,20000.0,1,3102,0.516655562958028,0.0003223726627981947,2,418,1450,12577,35676,419416,479452
S3,chronic,29,76x79,0,6.0,15.0,1.08,0.85,0.001,0.2,0.5,1000,12,200,1584,500,24.0,False,,20000,20000.0,1,3190,0.5313124583610926,0.00031347962382445143,1,443,2220,22728,42016,433631,496614
S3,chronic,41,76x79,0,6.0,15.0,1.08,0.85,0.001,0.2,0.5,1000,24,200,792,500,24.0,False,,20000,20000.0,1,3232,0.5383077948034644,0.0003094059405940594,2,465,376,2626,35223,422735,462431
S3,chronic,43,76x79,0,6.0,15.0,1.08,0.85,0.001,0.2,0.5,1000,24,200,792,500,24.0,False,,20000,20000.0,5,3238,0.539307128580946,0.0015441630636195182,21,458,354,2568,34589,422036,461959
S3,chronic,38,76x79,0,6.0,15.0,1.08,0.85,0.001,0.2,0.5,1000,24,200,792,500,24.0,False,,20000,20000.0,3,3273,0.5451365756162558,0.0009165902841429881,6,441,395,2337,35100,422720,462723
S3,chronic,37,76x79,0,6.0,15.0,1.08,0.85,0.001,0.2,0.5,1000,24,200,792,500,24.0,False,,20000,20000.0,3,3213,0.535143237841439,0.0009337068160597573,8,477,590,3843,35904,424243,464563
S3,chronic,39,76x79,0,6.0,15.0,1.08,0.85,0.001,0.2,0.5,1000,48,200,396,500,24.0,False,,20000,20000.0,5,3102,0.516655562958028,0.0016118633139909735,10,488,304,2534,39108,436187,461702
S3,chronic,40,76x79,0,6.0,15.0,1.08,0.85,0.001,0.2,0.5,1000,48,200,396,500,24.0,False,,20000,20000.0,2,3356,0.558960692871419,0.0005959475566150178,3,452,455,3456,39582,436961,462830
S3,chronic,42,76x79,0,6.0,15.0,1.08,0.85,0.001,0.2,0.5,1000,48,200,396,500,24.0,False,,20000,20000.0,1,3363,0.560126582278481,0.0002973535533749628,4,457,305,2290,38376,434814,461000
S3,chronic,36,76x79,0,6.0,15.0,1.08,0.85,0.001,0.2,0.5,1000,48,200,396,500,24.0,False,,20000,20000.0,2,3275,0.5454696868754164,0.0006106870229007634,8,452,278,2132,38408,435486,461293
S3,chronic,44,76x79,0,6.0,15.0,1.08,0.85,0.001,0.2,0.5,1000,24,200,792,500,24.0,False,,20000,20000.0,2,3349,0.5577948034643571,0.0005971931919976113,4,492,587,3879,35623,424087,464260
S3,chronic,49,76x79,0,6.0,15.0,1.08,0.85,0.001,0.2,0.5,1000,24,200,792,500,24.0,False,,20000,20000.0,0,3215,0.5354763491005996,0.0,0,453,492,3296,35607,423708,464085
S3,chronic,48,76x79,0,6.0,15.0,1.08,0.85,0.001,0.2,0.5,1000,48,200,396,500,24.0,False,,20000,20000.0,1,3322,0.5532978014656895,0.00030102347983142685,1,468,359,2652,38657,435738,461451
S3,chronic,45,76x79,0,6.0,15.0,1.08,0.85,0.001,0.2,0.5,1000,48,200,396,500,24.0,False,,20000,20000.0,0,3369,0.5611259160559627,0.0,0,480,333,2437,38739,435743,461682
S3,chronic,46,76x79,0,6.0,15.0,1.08,0.85,0.001,0.2,0.5,1000,12,200,1584,500,24.0,False,,20000,20000.0,1,3101,0.5164890073284477,0.0003224766204450177,5,457,1068,9853,34560,415361,474784
S3,chronic,47,76x79,0,6.0,15.0,1.08,0.85,0.001,0.2,0.5,1000,12,200,1584,500,24.0,False,,20000,20000.0,6,3232,0.5383077948034644,0.0018564356435643563,47,484,1249,11023,34718,416316,476140
S3,chronic,50,76x79,0,6.0,15.0,1.08,0.85,0.001,0.2,0.5,1000,12,200,1584,500,24.0,False,,20000,20000.0,0,3179,0.5294803464357095,0.0,0,418,1353,12198,35770,418876,479715
S3,chronic,51,76x79,0,6.0,15.0,1.08,0.85,0.001,0.2,0.5,1000,12,200,1584,500,24.0,False,,20000,20000.0,10,3150,0.5246502331778814,0.0031746031746031746,24,471,1031,9878,34411,415487,475294
S3,chronic,55,76x79,0,6.0,15.0,1.08,0.85,0.001,0.2,0.5,1000,24,200,792,500,24.0,False,,20000,20000.0,1,3238,0.539307128580946,0.00030883261272390367,4,480,484,3265,35252,423530,463985
S3,chronic,52,76x79,0,6.0,15.0,1.08,0.85,0.001,0.2,0.5,1000,24,200,792,500,24.0,False,,20000,20000.0,3,3228,0.5376415722851432,0.0009293680297397769,8,438,549,3505,35529,423880,463800
S3,chronic,56,76x79,0,6.0,15.0,1.08,0.85,0.001,0.2,0.5,1000,48,200,396,500,24.0,False,,20000,20000.0,2,3253,0.5418054630246503,0.0006148170919151552,7,460,391,2754,39317,436557,462468
S3,chronic,54,76x79,0,6.0,15.0,1.08,0.85,0.001,0.2,0.5,1000,24,200,792,500,24.0,False,,20000,20000.0,1,3301,0.5498001332445037,0.0003029385034837928,3,465,591,4049,35783,424512,464667
S3,chronic,58,76x79,0,6.0,15.0,1.08,0.85,0.001,0.2,0.5,1000,48,200,396,500,24.0,False,,20000,20000.0,1,3214,0.5353097934710194,0.00031113876789047915,2,469,325,2301,38586,435152,461003
S3,chronic,53,76x79,0,6.0,15.0,1.08,0.85,0.001,0.2,0.5,1000,48,200,396,500,24.0,False,,20000,20000.0,1,3275,0.5454696868754164,0.0003053435114503817,2,470,184,1755,38135,434457,460011
S3,chronic,57,76x79,0,6.0,15.0,1.08,0.85,0.001,0.2,0.5,1000,12,200,1584,500,24.0,False,,20000,20000.0,1,3140,0.5229846768820786,0.0003184713375796178,1,447,1661,16873,39363,425929,486868
S3,chronic,59,76x79,0,6.0,15.0,1.08,0.85,0.001,0.2,0.5,1000,48,200,396,500,24.0,False,,20000,20000.0,2,3235,0.5388074616922052,0.0006182380216383308,4,435,356,2603,39048,436163,462148
S3,chronic,66,76x79,0,6.0,15.0,1.08,0.85,0.001,0.2,0.5,1000,12,200,1584,500,24.0,False,,20000,20000.0,2,3215,0.5354763491005996,0.0006220839813374805,16,469,1077,9349,34624,414701,474310
S3,chronic,62,76x79,0,6.0,15.0,1.08,0.85,0.001,0.2,0.5,1000,48,200,396,500,24.0,False,,20000,20000.0,1,3282,0.5466355762824784,0.0003046922608165753,1,466,292,2662,39089,436288,461978
S3,chronic,61,76x79,0,6.0,15.0,1.08,0.85,0.001,0.2,0.5,1000,48,200,396,500,24.0,False,,20000,20000.0,2,3242,0.5399733510992671,0.0006169031462060457,3,413,168,1600,38009,434192,459918
S3,chronic,64,76x79,0,6.0,15.0,1.08,0.85,0.001,0.2,0.5,1000,48,200,396,500,24.0,False,,20000,20000.0,2,3259,0.5428047968021319,0.000613685179502915,10,439,288,2024,37952,434570,460341
S3,chronic,60,76x79,0,6.0,15.0,1.08,0.85,0.001,0.2,0.5,1000,24,200,792,500,24.0,False,,20000,20000.0,0,3272,0.5449700199866756,0.0,0,481,731,4448,36439,425411,465690
S3,chronic,63,76x79,0,6.0,15.0,1.08,0.85,0.001,0.2,0.5,1000,12,200,1584,500,24.0,False,,20000,20000.0,1,3051,0.5081612258494337,0.00032776138970829236,1,462,913,8845,33471,413374,472679
S3,chronic,67,76x79,0,6.0,15.0,1.08,0.85,0.001,0.2,0.5,1000,12,200,1584,500,24.0,False,,20000,20000.0,1,3131,0.5214856762158561,0.00031938677738741617,1,447,971,9623,33904,415146,475468
S3,chronic,65,76x79,0,6.0,15.0,1.08,0.85,0.001,0.2,0.5,1000,48,200,396,500,24.0,False,,20000,20000.0,1,3277,0.545802798134577,0.0003051571559353067,4,432,158,1460,37870,434280,459964
S3,chronic,72,76x79,0,6.0,15.0,1.08,0.85,0.001,0.2,0.5,1000,24,200,792,500,24.0,False,,20000,20000.0,1,3279,0.5461359093937375,0.0003049710277523635,2,476,506,3143,35541,423560,463663
S3,chronic,75,76x79,0,6.0,15.0,1.08,0.85,0.001,0.2,0.5,1000,24,200,792,500,24.0,False,,20000,20000.0,5,3286,0.5473017988007994,0.0015216068167985392,29,492,476,3059,34761,422906,463086
S3,chronic,70,76x79,0,6.0,15.0,1.08,0.85,0.001,0.2,0.5,1000,24,200,792,500,24.0,False,,20000,20000.0,1,3239,0.5394736842105263,0.00030873726458783575,2,456,511,3473,35828,424027,464220
S3,chronic,68,76x79,0,6.0,15.0,1.08,0.85,0.001,0.2,0.5,1000,12,200,1584,500,24.0,False,,20000,20000.0,5,3137,0.5224850099933378,0.0015938795027095952,32,489,1200,11820,34574,417324,477895
S3,chronic,74,76x79,0,6.0,15.0,1.08,0.85,0.001,0.2,0.5,1000,48,200,396,500,24.0,False,,20000,20000.0,1,3326,0.5539640239840107,0.0003006614552014432,1,456,221,1866,38269,434492,460326
S3,chronic,71,76x79,0,6.0,15.0,1.08,0.85,0.001,0.2,0.5,1000,48,200,396,500,24.0,False,,20000,20000.0,11,3339,0.5561292471685543,0.0032943995208146153,23,458,276,2152,38486,435195,461042
S3,chronic,69,76x79,0,6.0,15.0,1.08,0.85,0.001,0.2,0.5,1000,12,200,1584,500,24.0,False,,20000,20000.0,11,3200,0.5329780146568954,0.0034375,45,443,1243,11420,36021,418072,477798
S3,chronic,73,76x79,0,6.0,15.0,1.08,0.85,0.001,0.2,0.5,1000,12,200,1584,500,24.0,False,,20000,20000.0,2,3159,0.526149233844104,0.0006331117442228553,6,446,1403,12293,35688,418844,479136
S3,chronic,76,76x79,0,6.0,15.0,1.08,0.85,0.001,0.2,0.5,1000,24,200,792,500,24.0,False,,20000,20000.0,0,3242,0.5399733510992671,0.0,0,441,499,3232,35242,423271,463455
S3,chronic,82,76x79,0,6.0,15.0,1.08,0.85,0.001,0.2,0.5,1000,24,200,792,500,24.0,False,,20000,20000.0,0,3190,0.5313124583610926,0.0,0,435,487,3311,35241,423060,463099
S3,chronic,80,76x79,0,6.0,15.0,1.08,0.85,0.001,0.2,0.5,1000,12,200,1584,500,24.0,False,,20000,20000.0,3,3085,0.5138241172551632,0.0009724473257698541,20,423,718,6158,32332,410109,469220
S3,chronic,79,76x79,0,6.0,15.0,1.08,0.85,0.001,0.2,0.5,1000,12,200,1584,500,24.0,False,,20000,20000.0,3,3209,0.534477015323118,0.0009348706762231225,19,434,1308,12018,35569,418012,478079
S3,chronic,78,76x79,0,6.0,15.0,1.08,0.85,0.001,0.2,0.5,1000,12,200,1584,500,24.0,False,,20000,20000.0,5,3032,0.5049966688874084,0.0016490765171503958,17,448,494,5109,31883,409288,467095
S3,chronic,81,76x79,0,6.0,15.0,1.08,0.85,0.001,0.2,0.5,1000,12,200,1584,500,24.0,False,,20000,20000.0,0,3271,0.5448034643570953,0.0,0,464,783,7748,32399,411809,471147
S3,chronic,77,76x79,0,6.0,15.0,1.08,0.85,0.001,0.2,0.5,1000,48,200,396,500,24.0,False,,20000,20000.0,3,3293,0.5484676882078614,0.0009110233829334953,6,471,262,1965,37851,433967,459450
S3,chronic,83,76x79,0,6.0,15.0,1.08,0.85,0.001,0.2,0.5,1000,12,200,1584,500,24.0,False,,20000,20000.0,2,3261,0.5431379080612925,0.0006133088009812941,11,413,2069,21521,43165,432814,494261
S3,chronic,87,76x79,0,6.0,15.0,1.08,0.85,0.001,0.2,0.5,1000,48,200,396,500,24.0,False,,20000,20000.0,2,3334,0.5552964690206529,0.0005998800239952009,3,417,241,1658,37708,433820,459786
S3,chronic,84,76x79,0,6.0,15.0,1.08,0.85,0.001,0.2,0.5,1000,48,200,396,500,24.0,False,,20000,20000.0,2,3325,0.5537974683544303,0.0006015037593984962,5,478,224,1892,38170,434975,460629
S3,chronic,90,76x79,0,6.0,15.0,1.08,0.85,0.001,0.2,0.5,1000,12,200,1584,500,24.0,False,,20000,20000.0,0,3147,0.5241505662891406,0.0,0,491,1216,10849,35090,416734,476197
S3,chronic,88,76x79,0,6.0,15.0,1.08,0.85,0.001,0.2,0.5,1000,12,200,1584,500,24.0,False,,20000,20000.0,3,3093,0.5151565622918055,0.0009699321047526673,11,419,719,7010,32911,411409,470322
S3,chronic,91,76x79,0,6.0,15.0,1.08,0.85,0.001,0.2,0.5,1000,12,200,1584,500,24.0,False,,20000,20000.0,1,3242,0.5399733510992671,0.00030845157310302283,5,437,558,5514,32024,410001,468189
S3,chronic,85,76x79,0,6.0,15.0,1.08,0.85,0.001,0.2,0.5,1000,48,200,396,500,24.0,False,,20000,20000.0,1,3279,0.5461359093937375,0.0003049710277523635,5,431,404,2564,38800,436054,461519
S3,chronic,89,76x79,0,6.0,15.0,1.08,0.85,0.001,0.2,0.5,1000,48,200,396,500,24.0,False,,20000,20000.0,1,3283,0.5468021319120586,0.0003045994517209869,4,463,384,2885,39389,436491,462372
S3,chronic,86,76x79,0,6.0,15.0,1.08,0.85,0.001,0.2,0.5,1000,12,200,1584,500,24.0,False,,20000,20000.0,3,3167,0.5274816788807462,0.000947268708556994,10,443,2461,26305,46148,440012,502921
S3,chronic,95,76x79,0,6.0,15.0,1.08,0.85,0.001,0.2,0.5,1000,24,200,792,500,24.0,False,,20000,20000.0,1,3251,0.5414723517654897,0.00030759766225776686,6,452,490,3230,35146,423008,463055
S3,chronic,96,76x79,0,6.0,15.0,1.08,0.85,0.001,0.2,0.5,1000,24,200,792,500,24.0,False,,20000,20000.0,1,3301,0.5498001332445037,0.0003029385034837928,1,456,518,3222,35340,423535,463400
S3,chronic,97,76x79,0,6.0,15.0,1.08,0.85,0.001,0.2,0.5,1000,24,200,792,500,24.0,False,,20000,20000.0,1,3238,0.539307128580946,0.00030883261272390367,1,489,340,2580,34997,422454,462370
S3,chronic,99,76x79,0,6.0,15.0,1.08,0.85,0.001,0.2,0.5,1000,12,200,1584,500,24.0,False,,20000,20000.0,5,3203,0.5334776815456362,0.0015610365282547611,17,462,799,7974,33014,412487,470886
S3,chronic,93,76x79,0,6.0,15.0,1.08,0.85,0.001,0.2,0.5,1000,48,200,396,500,24.0,False,,20000,20000.0,1,3176,0.5289806795469687,0.00031486146095717883,2,448,247,1980,38257,435059,460545
S3,chronic,92,76x79,0,6.0,15.0,1.08,0.85,0.001,0.2,0.5,1000,12,200,1584,500,24.0,False,,20000,20000.0,6,3096,0.5156562291805463,0.001937984496124031,33,472,941,9053,33139,413612,473153
S3,chronic,98,76x79,0,6.0,15.0,1.08,0.85,0.001,0.2,0.5,1000,48,200,396,500,24.0,False,,20000,20000.0,1,3254,0.5419720186542305,0.00030731407498463427,2,467,313,2454,38488,435146,460928
S3,chronic,94,76x79,0,6.0,15.0,1.08,0.85,0.001,0.2,0.5,1000,12,200,1584,500,24.0,False,,20000,20000.0,4,3180,0.5296469020652899,0.0012578616352201257,29,420,755,7528,32759,411910,470553
S3,chronic,1,76x79,0,6.0,15.0,1.08,0.85,0.001,0.25,0.5,1000,24,200,792,500,24.0,False,,20000,20000.0,4,3263,0.543471019320453,0.001225865767698437,11,427,613,4266,35976,424815,465059
S3,chronic,7,76x79,0,6.0,15.0,1.08,0.85,0.001,0.25,0.5,1000,24,200,792,500,24.0,False,,20000,20000.0,2,3214,0.5353097934710194,0.0006222775357809583,30,458,976,6659,37986,428580,469168
S3,chronic,0,76x79,0,6.0,15.0,1.08,0.85,0.001,0.25,0.5,1000,24,200,792,500,24.0,False,,20000,20000.0,4,3187,0.5308127914723517,0.0012550988390335738,39,426,1143,7751,38516,429840,470340
S3,chronic,5,76x79,0,6.0,15.0,1.08,0.85,0.001,0.25,0.5,1000,12,200,1584,500,24.0,False,15120.0,20000,20000.0,948,3085,0.5138241172551632,0.3072933549432739,1000,380,8525,204795,193532,726042,805239
S3,chronic,3,76x79,0,6.0,15.0,1.08,0.85,0.001,0.25,0.5,1000,12,200,1584,500,24.0,False,11760.0,20000,20000.0,1215,2994,0.49866755496335774,0.405811623246493,1269,367,7662,308414,290741,901817,982108
S3,chronic,2,76x79,0,6.0,15.0,1.08,0.85,0.001,0.25,0.5,1000,12,200,1584,500,24.0,False,8064.0,20000,20000.0,648,3068,0.5109926715522984,0.21121251629726207,704,396,9137,269817,253836,835887,917588
S3,chronic,4,76x79,0,6.0,15.0,1.08,0.85,0.001,0.25,0.5,1000,12,200,1584,500,24.0,False,10008.0,20000,20000.0,894,3061,0.5098267821452365,0.29206141783730805,974,395,8100,272342,256400,840416,920376
S3,chronic,6,76x79,0,6.0,15.0,1.08,0.85,0.001,0.25,0.5,1000,12,200,1584,500,24.0,False,9168.0,20000,20000.0,1332,2975,0.49550299800133246,0.4477310924369748,1383,336,9389,379672,352454,1018437,1103326
S3,chronic,11,76x79,0,6.0,15.0,1.08,0.85,0.001,0.25,0.5,1000,48,200,396,500,24.0,False,,20000,20000.0,6,3236,0.5389740173217855,0.001854140914709518,18,494,381,3414,39618,436892,462446
S3,chronic,10,76x79,0,6.0,15.0,1.08,0.85,0.001,0.25,0.5,1000,48,200,396,500,24.0,False,,20000,20000.0,2,3248,0.5409726848767489,0.0006157635467980296,9,463,549,4185,40396,438326,464418
S3,chronic,15,76x79,0,6.0,15.0,1.08,0.85,0.001,0.25,0.5,1000,24,200,792,500,24.0,False,,20000,20000.0,1,3246,0.5406395736175883,0.00030807147258163895,13,487,702,5335,37068,426862,467180
S3,chronic,12,76x79,0,6.0,15.0,1.08,0.85,0.001,0.25,0.5,1000,12,200,1584,500,24.0,False,,20000,20000.0,25,3103,0.5168221185876083,0.008056719303899453,119,456,3405,32083,47411,445937,511835
S3,chronic,8,76x79,0,6.0,15.0,1.08,0.85,0.001,0.25,0.5,1000,12,200,1584,500,24.0,False,16416.0,20000,20000.0,350,3097,0.5158227848101266,0.11301259283177269,435,402,9202,164411,155002,656484,736388
S3,chronic,9,76x79,0,6.0,15.0,1.08,0.85,0.001,0.25,0.5,1000,12,200,1584,500,24.0,False,6312.0,20000,20000.0,1386,3009,0.501165889407062,0.46061814556331004,1437,373,9662,411213,380732,1071042,1157515
S3,chronic,14,76x79,0,6.0,15.0,1.08,0.85,0.001,0.25,0.5,1000,12,200,1584,500,24.0,False,6744.0,20000,20000.0,1061,3143,0.5234843437708194,0.33757556474705697,1159,329,9497,376812,351190,1014583,1099626
S3,chronic,13,76x79,0,6.0,15.0,1.08,0.85,0.001,0.25,0.5,1000,12,200,1584,500,24.0,False,6552.0,20000,20000.0,1307,3010,0.5013324450366422,0.43421926910299,1351,333,9997,482466,443015,1187641,1277324
S3,chronic,18,76x79,0,6.0,15.0,1.08,0.85,0.001,0.25,0.5,1000,24,200,792,500,24.0,False,,20000,20000.0,1,3265,0.5438041305796136,0.00030627871362940275,2,439,787,5060,36799,426513,467538
S3,chronic,21,76x79,0,6.0,15.0,1.08,0.85,0.001,0.25,0.5,1000,48,200,396,500,24.0,False,,20000,20000.0,0,3373,0.5617921385742838,0.0,0,454,364,2767,38869,435728,461703
S3,chronic,16,76x79,0,6.0,15.0,1.08,0.85,0.001,0.25,0.5,1000,12,200,1584,500,24.0,False,,20000,20000.0,13,3156,0.5256495669553631,0.004119138149556401,147,454,2071,20157,39212,429178,492213
S3,chronic,17,76x79,0,6.0,15.0,1.08,0.85,0.001,0.25,0.5,1000,48,200,396,500,24.0,False,,20000,20000.0,1,3378,0.5626249167221852,0.0002960331557134399,2,481,580,4142,39950,437247,463352
S3,chronic,19,76x79,0,6.0,15.0,1.08,0.85,0.001,0.25,0.5,1000,12,200,1584,500,24.0,False,,20000,20000.0,1,3213,0.535143237841439,0.0003112356053532524,1,488,1049,11049,34140,416263,476231
S3,chronic,23,76x79,0,6.0,15.0,1.08,0.85,0.001,0.25,0.5,1000,12,200,1584,500,24.0,False,,20000,20000.0,62,3142,0.5233177881412392,0.019732654360280075,231,415,3039,30948,45894,444097,509160
S3,chronic,20,76x79,0,6.0,15.0,1.08,0.85,0.001,0.25,0.5,1000,12,200,1584,500,24.0,False,17160.0,20000,20000.0,832,3035,0.5054963357761493,0.2741350906095552,894,400,3640,90698,102510,546435,612562
S3,chronic,22,76x79,0,6.0,15.0,1.08,0.85,0.001,0.25,0.5,1000,12,200,1584,500,24.0,False,11856.0,20000,20000.0,1478,2978,0.4960026648900733,0.49630624580255206,1572,360,9673,335963,311630,944015,1028789
S3,chronic,27,76x79,0,6.0,15.0,1.08,0.85,0.001,0.25,0.5,1000,24,200,792,500,24.0,False,,20000,20000.0,7,3233,0.5384743504330446,0.0021651716671821837,28,455,1014,6832,37929,428338,469029
S3,chronic,30,76x79,0,6.0,15.0,1.08,0.85,0.001,0.25,0.5,1000,24,200,792,500,24.0,False,,20000,20000.0,2,3250,0.5413057961359093,0.0006153846153846154,10,449,1048,6981,37767,428602,469505
S3,chronic,28,76x79,0,6.0,15.0,1.08,0.85,0.001,0.25,0.5,1000,24,200,792,500,24.0,False,,20000,20000.0,12,3199,0.5328114590273151,0.003751172241325414,68,475,756,5348,36951,426675,466732
S3,chronic,24,76x79,0,6.0,15.0,1.08,0.85,0.001,0.25,0.5,1000,24,200,792,500,24.0,False,,20000,20000.0,2,3219,0.5361425716189208,0.0006213109661385523,10,463,1184,7638,38067,429792,470790
S3,chronic,26,76x79,0,6.0,15.0,1.08,0.85,0.001,0.25,0.5,1000,24,200,792,500,24.0,False,,20000,20000.0,1,3168,0.5276482345103265,0.0003156565656565657,8,430,1056,6106,36767,427163,467836
S3,chronic,25,76x79,0,6.0,15.0,1.08,0.85,0.001,0.25,0.5,1000,12,200,1584,500,24.0,False,,20000,20000.0,3,3110,0.5179880079946703,0.0009646302250803858,11,473,2227,21388,40789,431065,493877
S3,chronic,31,76x79,0,6.0,15.0,1.08,0.85,0.001,0.25,0.5,1000,12,200,1584,500,24.0,False,,20000,20000.0,6,3163,0.5268154563624251,0.0018969332911792601,50,475,3850,42034,55048,462079,529699
S3,chronic,29,76x79,0,6.0,15.0,1.08,0.85,0.001,0.25,0.5,1000,12,200,1584,500,24.0,False,18960.0,20000,20000.0,639,3099,0.5161558960692871,0.20619554695062922,712,456,5132,82818,87812,526506,597196
S3,chronic,39,76x79,0,6.0,15.0,1.08,0.85,0.001,0.25,0.5,1000,48,200,396,500,24.0,False,,20000,20000.0,1,3232,0.5383077948034644,0.0003094059405940594,8,425,511,3925,39819,437731,463505
S3,chronic,36,76x79,0,6.0,15.0,1.08,0.85,0.001,0.25,0.5,1000,48,200,396,500,24.0,False,,20000,20000.0,0,3326,0.5539640239840107,0.0,0,474,469,3399,39266,436544,462704
S3,chronic,38,76x79,0,6.0,15.0,1.08,0.85,0.001,0.25,0.5,1000,24,200,792,500,24.0,False,,20000,20000.0,1,3247,0.5408061292471685,0.0003079765937788728,1,473,1599,10482,40533,433951,475164
S3,chronic,37,76x79,0,6.0,15.0,1.08,0.85,0.001,0.25,0.5,1000,24,200,792,500,24.0,False,,20000,20000.0,1,3293,0.5484676882078614,0.0003036744609778318,2,447,886,5857,37068,427131,467682
S3,chronic,35,76x79,0,6.0,15.0,1.08,0.85,0.001,0.25,0.5,1000,24,200,792,500,24.0,False,,20000,20000.0,1,3278,0.5459693537641572,0.0003050640634533252,5,468,909,6252,36864,427413,468016
S3,chronic,32,76x79,0,6.0,15.0,1.08,0.85,0.001,0.25,0.5,1000,12,200,1584,500,24.0,False,,20000,20000.0,85,3201,0.5331445702864757,0.02655420181193377,236,462,1877,17320,37731,424292,486313
S3,chronic,34,76x79,0,6.0,15.0,1.08,0.85,0.001,0.25,0.5,1000,12,200,1584,500,24.0,False,,20000,20000.0,5,3133,0.5218187874750166,0.0015959144589849984,46,440,2787,26189,42578,437111,502568
S3,chronic,33,76x79,0,6.0,15.0,1.08,0.85,0.001,0.25,0.5,1000,12,200,1584,500,24.0,False,,20000,20000.0,62,3209,0.534477015323118,0.019320660641944532,239,462,5050,64207,72500,497060,567536
S3,chronic,44,76x79,0,6.0,15.0,1.08,0.85,0.001,0.25,0.5,1000,24,200,792,500,24.0,False,,20000,20000.0,2,3203,0.5334776815456362,0.0006244146113019045,7,418,673,4375,36177,425686,466244
S3,chronic,41,76x79,0,6.0,15.0,1.08,0.85,0.001,0.25,0.5,1000,24,200,792,500,24.0,False,,20000,20000.0,1,3317,0.5524650233177881,0.00030147723846849563,5,469,1036,7357,37725,428898,469685
S3,chronic,45,76x79,0,6.0,15.0,1.08,0.85,0.001,0.25,0.5,1000,48,200,396,500,24.0,False,,20000,20000.0,1,3264,0.5436375749500333,0.00030637254901960784,6,450,408,3166,39405,436786,462447
S3,chronic,40,76x79,0,6.0,15.0,1.08,0.85,0.001,0.25,0.5,1000,48,200,396,500,24.0,False,,20000,20000.0,1,3290,0.5479680213191206,0.00030395136778115504,6,494,565,4589,40373,438182,464207
S3,chronic,42,76x79,0,6.0,15.0,1.08,0.85,0.001,0.25,0.5,1000,48,200,396,500,24.0,False,,20000,20000.0,0,3302,0.549966688874084,0.0,0,458,443,3713,39543,437557,463686
S3,chronic,43,76x79,0,6.0,15.0,1.08,0.85,0.001,0.25,0.5,1000,24,200,792,500,24.0,False,,20000,20000.0,0,3218,0.5359760159893404,0.0,0,454,1494,10685,40950,434592,475819
S3,chronic,46,76x79,0,6.0,15.0,1.08,0.85,0.001,0.25,0.5,1000,12,200,1584,500,24.0,False,,20000,20000.0,259,3078,0.5126582278481012,0.08414554905782975,380,463,3671,47400,59429,470707,537747
S3,chronic,47,76x79,0,6.0,15.0,1.08,0.85,0.001,0.25,0.5,1000,12,200,1584,500,24.0,False,10800.0,20000,20000.0,828,3004,0.5003331112591606,0.2756324900133156,861,385,6208,266988,255611,835011,911331
S3,chronic,55,76x79,0,6.0,15.0,1.08,0.85,0.001,0.25,0.5,1000,24,200,792,500,24.0,False,,20000,20000.0,4,3168,0.5276482345103265,0.0012626262626262627,15,434,827,5765,36871,426582,466867
S3,chronic,52,76x79,0,6.0,15.0,1.08,0.85,0.001,0.25,0.5,1000,24,200,792,500,24.0,False,,20000,20000.0,0,3289,0.5478014656895404,0.0,0,463,1202,7903,38872,430679,471837
S3,chronic,49,76x79,0,6.0,15.0,1.08,0.85,0.001,0.25,0.5,1000,24,200,792,500,24.0,False,,20000,20000.0,2,3229,0.5378081279147235,0.0006193868070610096,2,413,856,5840,37282,427703,468690
S3,chronic,54,76x79,0,6.0,15.0,1.08,0.85,0.001,0.25,0.5,1000,24,200,792,500,24.0,False,,20000,20000.0,2,3223,0.5368087941372418,0.0006205398696866273,8,435,1346,8781,39034,431296,472712
S3,chronic,53,76x79,0,6.0,15.0,1.08,0.85,0.001,0.25,0.5,1000,48,200,396,500,24.0,False,,20000,20000.0,6,3333,0.5551299133910726,0.0018001800180018,21,437,514,3834,39576,436624,462704
S3,chronic,48,76x79,0,6.0,15.0,1.08,0.85,0.001,0.25,0.5,1000,48,200,396,500,24.0,False,,20000,20000.0,2,3445,0.573784143904064,0.0005805515239477503,8,474,415,3059,39362,436630,462843
S3,chronic,50,76x79,0,6.0,15.0,1.08,0.85,0.001,0.25,0.5,1000,12,200,1584,500,24.0,False,,20000,20000.0,6,3136,0.5223184543637575,0.001913265306122449,35,452,2068,20988,39606,430588,494199
S3,chronic,51,76x79,0,6.0,15.0,1.08,0.85,0.001,0.25,0.5,1000,12,200,1584,500,24.0,False,,20000,20000.0,8,3174,0.5286475682878081,0.002520478890989288,68,447,3991,42871,53523,461441,530321
S3,chronic,59,76x79,0,6.0,15.0,1.08,0.85,0.001,0.25,0.5,1000,48,200,396,500,24.0,False,,20000,20000.0,1,3259,0.5428047968021319,0.0003068425897514575,3,451,334,2655,39099,436263,462081
S3,chronic,56,76x79,0,6.0,15.0,1.08,0.85,0.001,0.25,0.5,1000,48,200,396,500,24.0,False,,20000,20000.0,0,3263,0.543471019320453,0.0,0,452,498,3703,39369,436542,462575
S3,chronic,60,76x79,0,6.0,15.0,1.08,0.85,0.001,0.25,0.5,1000,24,200,792,500,24.0,False,,20000,20000.0,0,3286,0.5473017988007994,0.0,0,460,1093,7849,38371,429960,470696
S3,chronic,58,76x79,0,6.0,15.0,1.08,0.85,0.001,0.25,0.5,1000,48,200,396,500,24.0,False,,20000,20000.0,2,3104,0.5169886742171885,0.0006443298969072165,3,420,472,3709,39646,437258,463180
S3,chronic,62,76x79,0,6.0,15.0,1.08,0.85,0.001,0.25,0.5,1000,48,200,396,500,24.0,False,,20000,20000.0,4,3269,0.5444703530979347,0.001223615784643622,12,469,484,3624,39676,437280,463409
S3,chronic,61,76x79,0,6.0,15.0,1.08,0.85,0.001,0.25,0.5,1000,48,200,396,500,24.0,False,,20000,20000.0,2,3292,0.5483011325782812,0.0006075334143377885,2,411,663,5192,40631,439636,465801
S3,chronic,63,76x79,0,6.0,15.0,1.08,0.85,0.001,0.25,0.5,1000,12,200,1584,500,24.0,False,,20000,20000.0,39,3152,0.524983344437042,0.012373096446700508,149,461,5264,57567,66304,484800,554819
S3,chronic,57,76x79,0,6.0,15.0,1.08,0.85,0.001,0.25,0.5,1000,12,200,1584,500,24.0,False,,20000,20000.0,11,3253,0.5418054630246503,0.003381494005533354,65,408,5156,69076,78575,505761,574319
S3,chronic,64,76x79,0,6.0,15.0,1.08,0.85,0.001,0.25,0.5,1000,48,200,396,500,24.0,False,,20000,20000.0,2,3284,0.5469686875416389,0.0006090133982947625,6,479,441,3623,39772,437145,463021
S3,chronic,71,76x79,0,6.0,15.0,1.08,0.85,0.001,0.25,0.5,1000,48,200,396,500,24.0,False,,20000,20000.0,2,3331,0.5547968021319121,0.0006004202942059442,5,491,566,3855,39675,437611,463522
S3,chronic,70,76x79,0,6.0,15.0,1.08,0.85,0.001,0.25,0.5,1000,24,200,792,500,24.0,False,,20000,20000.0,2,3239,0.5394736842105263,0.0006174745291756715,17,484,891,5744,36911,426982,467516
S3,chronic,65,76x79,0,6.0,15.0,1.08,0.85,0.001,0.25,0.5,1000,48,200,396,500,24.0,False,,20000,20000.0,0,3510,0.5846102598267822,0.0,0,466,451,3768,40117,437545,463623
S3,chronic,69,76x79,0,6.0,15.0,1.08,0.85,0.001,0.25,0.5,1000,12,200,1584,500,24.0,False,,20000,20000.0,12,3169,0.5278147901399067,0.003786683496371095,76,462,3294,32986,48184,448140,514312
S3,chronic,68,76x79,0,6.0,15.0,1.08,0.85,0.001,0.25,0.5,1000,12,200,1584,500,24.0,False,,20000,20000.0,3,3218,0.5359760159893404,0.0009322560596643878,30,442,4418,42840,54602,461820,530164
S3,chronic,67,76x79,0,6.0,15.0,1.08,0.85,0.001,0.25,0.5,1000,12,200,1584,500,24.0,False,,20000,20000.0,4,3246,0.5406395736175883,0.0012322858903265558,4,447,5728,68438,74940,502371,573525
S3,chronic,66,76x79,0,6.0,15.0,1.08,0.85,0.001,0.25,0.5,1000,12,200,1584,500,24.0,False,5688.0,20000,20000.0,924,2965,0.4938374417055296,0.31163575042158514,1003,378,9659,248767,231349,797440,879497
S3,chronic,75,76x79,0,6.0,15.0,1.08,0.85,0.001,0.25,0.5,1000,24,200,792,500,24.0,False,,20000,20000.0,5,3248,0.5409726848767489,0.001539408866995074,11,470,1107,7988,38912,430162,471204
S3,chronic,72,76x79,0,6.0,15.0,1.08,0.85,0.001,0.25,0.5,1000,24,200,792,500,24.0,False,,20000,20000.0,3,3183,0.5301465689540307,0.000942507068803016,16,420,987,6247,37247,427504,467993
S3,chronic,74,76x79,0,6.0,15.0,1.08,0.85,0.001,0.25,0.5,1000,48,200,396,500,24.0,False,,20000,20000.0,11,3173,0.5284810126582279,0.0034667507091080997,14,491,534,4080,39744,437890,463986
S3,chronic,77,76x79,0,6.0,15.0,1.08,0.85,0.001,0.25,0.5,1000,48,200,396,500,24.0,False,,20000,20000.0,8,3220,0.536309127248501,0.002484472049689441,26,448,497,3889,39388,437463,463324
S3,chronic,76,76x79,0,6.0,15.0,1.08,0.85,0.001,0.25,0.5,1000,24,200,792,500,24.0,False,,20000,20000.0,6,3264,0.5436375749500333,0.001838235294117647,79,448,1746,12194,42211,436920,478485
S3,chronic,73,76x79,0,6.0,15.0,1.08,0.85,0.001,0.25,0.5,1000,12,200,1584,500,24.0,False,18888.0,20000,20000.0,649,3042,0.5066622251832112,0.2133464825772518,730,442,4270,75969,85650,518408,586428
S3,chronic,78,76x79,0,6.0,15.0,1.08,0.85,0.001,0.25,0.5,1000,12,200,1584,500,24.0,False,10368.0,20000,20000.0,1287,3030,0.5046635576282479,0.42475247524752474,1340,381,7312,315994,299095,915863,995514
S3,chronic,79,76x79,0,6.0,15.0,1.08,0.85,0.001,0.25,0.5,1000,12,200,1584,500,24.0,False,12072.0,20000,20000.0,1178,3037,0.5058294470353097,0.3878827790582812,1220,372,9339,273806,254949,840310,922706
S3,chronic,84,76x79,0,6.0,15.0,1.08,0.85,0.001,0.25,0.5,1000,48,200,396,500,24.0,False,,20000,20000.0,2,3212,0.5349766822118588,0.0006226650062266501,5,452,528,4267,40335,438728,464286
S3,chronic,82,76x79,0,6.0,15.0,1.08,0.85,0.001,0.25,0.5,1000,24,200,792,500,24.0,False,,20000,20000.0,0,3180,0.5296469020652899,0.0,0,468,894,6138,37356,428093,468626
S3,chronic,85,76x79,0,6.0,15.0,1.08,0.85,0.001,0.25,0.5,1000,48,200,396,500,24.0,False,,20000,20000.0,5,3248,0.5409726848767489,0.001539408866995074,15,451,562,4293,40349,438356,464178
S3,chronic,87,76x79,0,6.0,15.0,1.08,0.85,0.001,0.25,0.5,1000,48,200,396,500,24.0,False,,20000,20000.0,0,3297,0.5491339107261826,0.0,0,495,463,3691,39965,437634,463475
S3,chronic,80,76x79,0,6.0,15.0,1.08,0.85,0.001,0.25,0.5,1000,12,200,1584,500,24.0,False,,20000,20000.0,6,3126,0.5206528980679547,0.0019193857965451055,71,474,1951,18946,39114,427620,489842
S3,chronic,81,76x79,0,6.0,15.0,1.08,0.85,0.001,0.25,0.5,1000,12,200,1584,500,24.0,False,,20000,20000.0,2,3160,0.5263157894736842,0.0006329113924050633,16,421,2533,23820,41531,434242,497811
S3,chronic,86,76x79,0,6.0,15.0,1.08,0.85,0.001,0.25,0.5,1000,12,200,1584,500,24.0,False,12360.0,20000,20000.0,868,3055,0.5088274483677548,0.28412438625204584,919,400,7454,207972,199680,734265,812016
S3,chronic,83,76x79,0,6.0,15.0,1.08,0.85,0.001,0.25,0.5,1000,12,200,1584,500,24.0,False,6792.0,20000,20000.0,837,3089,0.5144903397734844,0.2709614762058919,893,361,8859,347333,324310,965607,1049641
S3,chronic,93,76x79,0,6.0,15.0,1.08,0.85,0.001,0.25,0.5,1000,48,200,396,500,24.0,False,,20000,20000.0,2,3285,0.5471352431712192,0.0006088280060882801,14,491,560,4111,39741,437552,463393
S3,chronic,89,76x79,0,6.0,15.0,1.08,0.85,0.001,0.25,0.5,1000,48,200,396,500,24.0,False,,20000,20000.0,1,3222,0.5366422385076616,0.00031036623215394165,6,477,465,3242,39439,437543,463569
S3,chronic,95,76x79,0,6.0,15.0,1.08,0.85,0.001,0.25,0.5,1000,24,200,792,500,24.0,False,,20000,20000.0,1,3222,0.5366422385076616,0.00031036623215394165,6,492,1146,7401,38178,429240,470092
S3,chronic,90,76x79,0,6.0,15.0,1.08,0.85,0.001,0.25,0.5,1000,12,200,1584,500,24.0,False,,20000,20000.0,18,3041,0.5064956695536309,0.00591910555738244,100,449,1931,19240,38937,427990,490402
S3,chronic,88,76x79,0,6.0,15.0,1.08,0.85,0.001,0.25,0.5,1000,12,200,1584,500,24.0,False,,20000,20000.0,3,3168,0.5276482345103265,0.000946969696969697,19,475,2056,21379,41568,431686,493784
S3,chronic,92,76x79,0,6.0,15.0,1.08,0.85,0.001,0.25,0.5,1000,12,200,1584,500,24.0,False,,20000,20000.0,9,3152,0.524983344437042,0.0028553299492385786,37,490,2974,28169,43724,439862,505352
S3,chronic,91,76x79,0,6.0,15.0,1.08,0.85,0.001,0.25,0.5,1000,12,200,1584,500,24.0,False,,20000,20000.0,225,3063,0.510159893404397,0.07345739471106758,294,467,2606,28290,45190,441052,504522
S3,chronic,94,76x79,0,6.0,15.0,1.08,0.85,0.001,0.25,0.5,1000,12,200,1584,500,24.0,False,,20000,20000.0,4,3136,0.5223184543637575,0.0012755102040816326,67,437,3921,38914,52657,456858,523971
S3,chronic,96,76x79,0,6.0,15.0,1.08,0.85,0.001,0.25,0.5,1000,24,200,792,500,24.0,False,,20000,20000.0,2,3146,0.5239840106595602,0.0006357279084551812,4,448,854,5847,37444,427734,468428
S3,chronic,98,76x79,0,6.0,15.0,1.08,0.85,0.001,0.25,0.5,1000,48,200,396,500,24.0,False,,20000,20000.0,0,3273,0.5451365756162558,0.0,0,444,405,2928,38989,436128,461936
S3,chronic,97,76x79,0,6.0,15.0,1.08,0.85,0.001,0.25,0.5,1000,24,200,792,500,24.0,False,,20000,20000.0,14,3208,0.5343104596935376,0.004364089775561097,63,459,1532,10347,40495,433827,474957
S3,chronic,0,76x79,0,6.0,15.0,1.08,0.85,0.001,0.33,0.5,1000,24,200,792,500,24.0,False,14208.0,20000,20000.0,2231,3060,0.5096602265156562,0.7290849673202614,2271,389,7451,239824,242568,807788,859864
S3,chronic,1,76x79,0,6.0,15.0,1.08,0.85,0.001,0.33,0.5,1000,24,200,792,500,24.0,False,12384.0,20000,20000.0,1700,3135,0.5221518987341772,0.5422647527910686,1739,352,7009,287929,290254,890119,942257
S3,chronic,99,76x79,0,6.0,15.0,1.08,0.85,0.001,0.25,0.5,1000,12,200,1584,500,24.0,False,10896.0,20000,20000.0,781,3048,0.5076615589606929,0.25623359580052496,850,416,6723,239315,229384,787820,863720
S3,chronic,2,76x79,0,6.0,15.0,1.08,0.85,0.001,0.33,0.5,1000,12,200,1584,500,24.0,False,3408.0,20000,20000.0,3010,3042,0.5066622251832112,0.9894806048652203,2983,143,6617,926138,844024,1891322,1992708
S3,chronic,3,76x79,0,6.0,15.0,1.08,0.85,0.001,0.33,0.5,1000,12,200,1584,500,24.0,False,6600.0,20000,20000.0,2362,2987,0.4975016655562958,0.7907599598259123,2368,246,10579,652922,591783,1453785,1550418
S3,chronic,10,76x79,0,6.0,15.0,1.08,0.85,0.001,0.33,0.5,1000,48,200,396,500,24.0,False,,20000,20000.0,2,3325,0.5537974683544303,0.0006015037593984962,5,456,4239,38424,69066,490781,520530
S3,chronic,11,76x79,0,6.0,15.0,1.08,0.85,0.001,0.33,0.5,1000,48,200,396,500,24.0,False,11928.0,20000,20000.0,1734,3119,0.5194870086608927,0.5559474190445656,1773,355,8873,301800,314777,931192,965360
S3,chronic,7,76x79,0,6.0,15.0,1.08,0.85,0.001,0.33,0.5,1000,24,200,792,500,24.0,False,11208.0,20000,20000.0,1734,3122,0.5199866755496336,0.5554131966688021,1768,362,9622,347988,341576,986297,1042475
S3,chronic,8,76x79,0,6.0,15.0,1.08,0.85,0.001,0.33,0.5,1000,12,200,1584,500,24.0,False,2952.0,20000,20000.0,2992,3020,0.502998001332445,0.990728476821192,2971,153,7402,933408,847780,1903855,2006402
S3,chronic,6,76x79,0,6.0,15.0,1.08,0.85,0.001,0.33,0.5,1000,12,200,1584,500,24.0,False,2928.0,20000,20000.0,2960,2980,0.49633577614923385,0.9932885906040269,2941,149,8434,923063,838164,1891523,1994796
S3,chronic,4,76x79,0,6.0,15.0,1.08,0.85,0.001,0.33,0.5,1000,12,200,1584,500,24.0,False,4392.0,20000,20000.0,2997,3028,0.5043304463690873,0.9897622192866579,2975,187,8705,871741,791102,1806746,1908878
S3,chronic,5,76x79,0,6.0,15.0,1.08,0.85,0.001,0.33,0.5,1000,12,200,1584,500,24.0,False,6120.0,20000,20000.0,2192,3019,0.5028314457028648,0.72606823451474,2205,233,9827,655414,595200,1457828,1554299
S3,chronic,9,76x79,0,6.0,15.0,1.08,0.85,0.001,0.33,0.5,1000,12,200,1584,500,24.0,False,3024.0,20000,20000.0,2536,2983,0.49683544303797467,0.8501508548441167,2548,179,10774,826746,748185,1737606,1840032
S3,chronic,15,76x79,0,6.0,15.0,1.08,0.85,0.001,0.33,0.5,1000,24,200,792,500,24.0,False,15432.0,20000,20000.0,1539,3142,0.5233177881412392,0.4898154042011458,1620,386,5695,148218,160708,658409,706779
S3,chronic,17,76x79,0,6.0,15.0,1.08,0.85,0.001,0.33,0.5,1000,48,200,396,500,24.0,False,7896.0,20000,20000.0,1891,3038,0.5059960026648901,0.6224489795918368,1967,318,10221,477239,477597,1221049,1256719
S3,chronic,16,76x79,0,6.0,15.0,1.08,0.85,0.001,0.33,0.5,1000,12,200,1584,500,24.0,False,5328.0,20000,20000.0,2994,3028,0.5043304463690873,0.9887714663143989,2972,205,8720,758216,688420,1623072,1721042
S3,chronic,14,76x79,0,6.0,15.0,1.08,0.85,0.001,0.33,0.5,1000,12,200,1584,500,24.0,False,2568.0,20000,20000.0,2974,2993,0.4985009993337775,0.9936518543267624,2961,167,8898,864358,787194,1796980,1898885
S3,chronic,18,76x79,0,6.0,15.0,1.08,0.85,0.001,0.33,0.5,1000,24,200,792,500,24.0,False,5112.0,20000,20000.0,2232,3032,0.5049966688874084,0.7361477572559367,2293,238,11433,667639,636763,1512692,1575129
S3,chronic,12,76x79,0,6.0,15.0,1.08,0.85,0.001,0.33,0.5,1000,12,200,1584,500,24.0,False,5184.0,20000,20000.0,2580,2967,0.4941705529646902,0.8695652173913043,2592,210,10042,739922,671700,1596296,1695642
S3,chronic,19,76x79,0,6.0,15.0,1.08,0.85,0.001,0.33,0.5,1000,12,200,1584,500,24.0,False,2376.0,20000,20000.0,2997,3013,0.5018321119253831,0.9946896780617325,2972,165,9674,883330,799105,1827089,1930243
S3,chronic,13,76x79,0,6.0,15.0,1.08,0.85,0.001,0.33,0.5,1000,12,200,1584,500,24.0,False,3168.0,20000,20000.0,2267,2975,0.49550299800133246,0.7620168067226891,2305,191,11201,796762,718054,1685872,1788407
S3,chronic,27,76x79,0,6.0,15.0,1.08,0.85,0.001,0.33,0.5,1000,24,200,792,500,24.0,False,9600.0,20000,20000.0,1704,3090,0.5146568954030646,0.5514563106796116,1763,368,8729,355086,349226,998436,1053095
S3,chronic,24,76x79,0,6.0,15.0,1.08,0.85,0.001,0.33,0.5,1000,24,200,792,500,24.0,False,7872.0,20000,20000.0,2253,3028,0.5043304463690873,0.7440554821664465,2288,288,9330,520212,502530,1271148,1329450
S3,chronic,21,76x79,0,6.0,15.0,1.08,0.85,0.001,0.33,0.5,1000,48,200,396,500,24.0,False,4128.0,20000,20000.0,3061,3088,0.5143237841439041,0.9912564766839378,3037,194,8363,820771,798938,1779615,1816020
S3,chronic,26,76x79,0,6.0,15.0,1.08,0.85,0.001,0.33,0.5,1000,24,200,792,500,24.0,False,4776.0,20000,20000.0,2380,3047,0.5074950033311126,0.781096160157532,2384,281,11132,685187,649059,1538448,1601678
S3,chronic,22,76x79,0,6.0,15.0,1.08,0.85,0.001,0.33,0.5,1000,12,200,1584,500,24.0,False,1776.0,20000,20000.0,2998,3029,0.5044970019986675,0.9897655992076593,2973,143,10020,930637,842928,1904277,2009217
S3,chronic,25,76x79,0,6.0,15.0,1.08,0.85,0.001,0.33,0.5,1000,12,200,1584,500,24.0,False,3960.0,20000,20000.0,2403,3006,0.5006662225183212,0.7994011976047904,2440,203,11360,765340,690826,1635171,1736938
S3,chronic,23,76x79,0,6.0,15.0,1.08,0.85,0.001,0.33,0.5,1000,12,200,1584,500,24.0,False,3624.0,20000,20000.0,3002,3026,0.5039973351099267,0.9920687376074026,2982,217,10503,769890,697961,1644755,1745215
S3,chronic,20,76x79,0,6.0,15.0,1.08,0.85,0.001,0.33,0.5,1000,12,200,1584,500,24.0,False,2400.0,20000,20000.0,2800,2985,0.49716855429713525,0.9380234505862647,2787,177,10633,825963,745541,1734914,1838065
S3,chronic,35,76x79,0,6.0,15.0,1.08,0.85,0.001,0.33,0.5,1000,24,200,792,500,24.0,False,9624.0,20000,20000.0,2406,3073,0.5118254497001998,0.7829482590302635,2414,311,10027,477691,461190,1198695,1257164
S3,chronic,28,76x79,0,6.0,15.0,1.08,0.85,0.001,0.33,0.5,1000,24,200,792,500,24.0,False,8784.0,20000,20000.0,2138,3116,0.5189873417721519,0.6861360718870346,2181,281,10172,517297,498244,1265236,1324106
S3,chronic,33,76x79,0,6.0,15.0,1.08,0.85,0.001,0.33,0.5,1000,12,200,1584,500,24.0,False,3552.0,20000,20000.0,3028,3049,0.5078281145902731,0.9931124959002952,3006,172,7517,874161,797320,1811520,1911879
S3,chronic,34,76x79,0,6.0,15.0,1.08,0.85,0.001,0.33,0.5,1000,12,200,1584,500,24.0,False,3720.0,20000,20000.0,3003,3020,0.502998001332445,0.9943708609271523,2982,156,8882,849290,767880,1769025,1870136
S3,chronic,30,76x79,0,6.0,15.0,1.08,0.85,0.001,0.33,0.5,1000,24,200,792,500,24.0,False,7032.0,20000,20000.0,1996,3077,0.512491672218521,0.6486837829054274,2035,266,10680,536145,515344,1296285,1356190
S3,chronic,32,76x79,0,6.0,15.0,1.08,0.85,0.001,0.33,0.5,1000,12,200,1584,500,24.0,False,4488.0,20000,20000.0,2112,3010,0.5013324450366422,0.7016611295681063,2148,220,10143,759689,686431,1626608,1726765
S3,chronic,31,76x79,0,6.0,15.0,1.08,0.85,0.001,0.33,0.5,1000,12,200,1584,500,24.0,False,4104.0,20000,20000.0,2689,3013,0.5018321119253831,0.892465980750083,2686,183,10361,812258,737462,1714803,1816319
S3,chronic,29,76x79,0,6.0,15.0,1.08,0.85,0.001,0.33,0.5,1000,12,200,1584,500,24.0,False,3504.0,20000,20000.0,3003,3039,0.5061625582944703,0.9881539980256664,2970,182,9884,805895,731312,1704582,1805741
S3,chronic,40,76x79,0,6.0,15.0,1.08,0.85,0.001,0.33,0.5,1000,48,200,396,500,24.0,False,,20000,20000.0,154,3267,0.5441372418387741,0.04713804713804714,315,416,4965,48273,77409,507431,537527
S3,chronic,39,76x79,0,6.0,15.0,1.08,0.85,0.001,0.33,0.5,1000,48,200,396,500,24.0,False,12768.0,20000,20000.0,1889,3119,0.5194870086608927,0.6056428342417441,1940,367,7776,288382,301823,907991,941317
S3,chronic,37,76x79,0,6.0,15.0,1.08,0.85,0.001,0.33,0.5,1000,24,200,792,500,24.0,False,8496.0,20000,20000.0,2303,3039,0.5061625582944703,0.7578150707469562,2345,263,9161,548754,526414,1315626,1374426
S3,chronic,36,76x79,0,6.0,15.0,1.08,0.85,0.001,0.33,0.5,1000,48,200,396,500,24.0,False,8208.0,20000,20000.0,2067,3068,0.5109926715522984,0.673728813559322,2104,314,10139,448261,450547,1172938,1208693
S3,chronic,41,76x79,0,6.0,15.0,1.08,0.85,0.001,0.33,0.5,1000,24,200,792,500,24.0,False,6552.0,20000,20000.0,2557,3084,0.513657561625583,0.829118028534371,2575,231,11228,587202,561033,1378866,1440062
S3,chronic,38,76x79,0,6.0,15.0,1.08,0.85,0.001,0.33,0.5,1000,24,200,792,500,24.0,False,6000.0,20000,20000.0,2992,3062,0.5099933377748168,0.977139124755062,2967,274,11351,660997,625283,1497547,1560775
S3,chronic,42,76x79,0,6.0,15.0,1.08,0.85,0.001,0.33,0.5,1000,48,200,396,500,24.0,False,6024.0,20000,20000.0,1803,3084,0.513657561625583,0.5846303501945526,1911,280,11934,563579,556672,1362898,1400942
S3,chronic,43,76x79,0,6.0,15.0,1.08,0.85,0.001,0.33,0.5,1000,24,200,792,500,24.0,False,1848.0,20000,20000.0,2714,3031,0.5048301132578281,0.8954140547674035,2721,165,10973,891221,842402,1878727,1945245
S3,chronic,48,76x79,0,6.0,15.0,1.08,0.85,0.001,0.33,0.5,1000,48,200,396,500,24.0,False,,20000,20000.0,2,3190,0.5313124583610926,0.0006269592476489029,10,465,1065,8170,43032,443619,470264
S3,chronic,49,76x79,0,6.0,15.0,1.08,0.85,0.001,0.33,0.5,1000,24,200,792,500,24.0,False,7656.0,20000,20000.0,2268,3068,0.5109926715522984,0.7392438070404173,2295,250,9358,560468,539481,1337511,1396523
S3,chronic,45,76x79,0,6.0,15.0,1.08,0.85,0.001,0.33,0.5,1000,48,200,396,500,24.0,False,9552.0,20000,20000.0,1697,3110,0.5179880079946703,0.5456591639871383,1752,336,10015,436404,439133,1153299,1188937
S3,chronic,47,76x79,0,6.0,15.0,1.08,0.85,0.001,0.33,0.5,1000,12,200,1584,500,24.0,False,6216.0,20000,20000.0,2980,3004,0.5003331112591606,0.9920106524633822,2961,227,8584,687595,625939,1511074,1606705
S3,chronic,46,76x79,0,6.0,15.0,1.08,0.85,0.001,0.33,0.5,1000,12,200,1584,500,24.0,False,5112.0,20000,20000.0,2982,3004,0.5003331112591606,0.992676431424767,2964,186,8812,786361,714189,1670923,1770130
S3,chronic,44,76x79,0,6.0,15.0,1.08,0.85,0.001,0.33,0.5,1000,24,200,792,500,24.0,False,5712.0,20000,20000.0,2209,3107,0.5174883411059293,0.7109752172513679,2234,270,10588,655109,623913,1490348,1552015
S3,chronic,51,76x79,0,6.0,15.0,1.08,0.85,0.001,0.33,0.5,1000,12,200,1584,500,24.0,False,6072.0,20000,20000.0,2433,3024,0.5036642238507661,0.8045634920634921,2443,258,9675,637363,576526,1426361,1522232
S3,chronic,50,76x79,0,6.0,15.0,1.08,0.85,0.001,0.33,0.5,1000,12,200,1584,500,24.0,False,4320.0,20000,20000.0,1987,3009,0.501165889407062,0.6603522765038219,2062,212,10511,703318,635469,1534734,1634350
S3,chronic,59,76x79,0,6.0,15.0,1.08,0.85,0.001,0.33,0.5,1000,48,200,396,500,24.0,False,,20000,20000.0,11,3251,0.5414723517654897,0.003383574284835435,68,413,1726,13474,47665,452369,479436
S3,chronic,58,76x79,0,6.0,15.0,1.08,0.85,0.001,0.33,0.5,1000,48,200,396,500,24.0,False,,20000,20000.0,323,3114,0.5186542305129913,0.10372511239563263,428,417,2828,26585,59358,473478,501705
S3,chronic,53,76x79,0,6.0,15.0,1.08,0.85,0.001,0.33,0.5,1000,48,200,396,500,24.0,False,,20000,20000.0,3,3213,0.535143237841439,0.0009337068160597573,32,426,2681,25772,58446,471869,499674
S3,chronic,56,76x79,0,6.0,15.0,1.08,0.85,0.001,0.33,0.5,1000,48,200,396,500,24.0,False,13968.0,20000,20000.0,1416,3172,0.5283144570286475,0.44640605296343,1459,398,6841,230795,246905,811576,843835
S3,chronic,54,76x79,0,6.0,15.0,1.08,0.85,0.001,0.33,0.5,1000,24,200,792,500,24.0,False,12480.0,20000,20000.0,1749,3098,0.5159893404397069,0.5645577792123951,1809,369,7774,270111,271628,858457,910722
S3,chronic,55,76x79,0,6.0,15.0,1.08,0.85,0.001,0.33,0.5,1000,24,200,792,500,24.0,False,4464.0,20000,20000.0,2148,3078,0.5126582278481012,0.6978557504873294,2173,253,11026,649977,618780,1483312,1545162
S3,chronic,57,76x79,0,6.0,15.0,1.08,0.85,0.001,0.33,0.5,1000,12,200,1584,500,24.0,False,4392.0,20000,20000.0,2261,2972,0.4950033311125916,0.7607671601615074,2280,197,10652,765450,695070,1638978,1739854
S3,chronic,52,76x79,0,6.0,15.0,1.08,0.85,0.001,0.33,0.5,1000,24,200,792,500,24.0,False,3288.0,20000,20000.0,1937,3073,0.5118254497001998,0.6303286690530426,1979,253,12637,745095,703958,1636906,1702451
S3,chronic,62,76x79,0,6.0,15.0,1.08,0.85,0.001,0.33,0.5,1000,48,200,396,500,24.0,False,,20000,20000.0,1,3292,0.5483011325782812,0.00030376670716889426,1,418,1677,13558,47688,452100,479155
S3,chronic,65,76x79,0,6.0,15.0,1.08,0.85,0.001,0.33,0.5,1000,48,200,396,500,24.0,False,,20000,20000.0,156,3235,0.5388074616922052,0.0482225656877898,204,417,3092,30641,62519,479331,507592
S3,chronic,61,76x79,0,6.0,15.0,1.08,0.85,0.001,0.33,0.5,1000,48,200,396,500,24.0,False,10920.0,20000,20000.0,1692,3106,0.5173217854763491,0.5447520927237605,1744,334,10549,342877,350741,998035,1033870
S3,chronic,60,76x79,0,6.0,15.0,1.08,0.85,0.001,0.33,0.5,1000,24,200,792,500,24.0,False,3624.0,20000,20000.0,3059,3082,0.5133244503664224,0.9925373134328358,3033,184,9167,838058,793778,1784364,1849247
S3,chronic,66,76x79,0,6.0,15.0,1.08,0.85,0.001,0.33,0.5,1000,12,200,1584,500,24.0,False,3936.0,20000,20000.0,3006,3032,0.5049966688874084,0.991424802110818,2987,173,8738,863838,785784,1795430,1896798
S3,chronic,63,76x79,0,6.0,15.0,1.08,0.85,0.001,0.33,0.5,1000,12,200,1584,500,24.0,False,4032.0,20000,20000.0,2845,2987,0.4975016655562958,0.9524606628724472,2831,197,10425,780721,707297,1661543,1762947
S3,chronic,67,76x79,0,6.0,15.0,1.08,0.85,0.001,0.33,0.5,1000,12,200,1584,500,24.0,False,1560.0,20000,20000.0,3016,3040,0.5063291139240507,0.9921052631578947,2990,139,10615,932661,842627,1907911,2013615
S3,chronic,64,76x79,0,6.0,15.0,1.08,0.85,0.001,0.33,0.5,1000,48,200,396,500,24.0,False,3264.0,20000,20000.0,1664,3076,0.5123251165889408,0.540962288686606,1694,221,11474,659206,648443,1523185,1560385
S3,chronic,71,76x79,0,6.0,15.0,1.08,0.85,0.001,0.33,0.5,1000,48,200,396,500,24.0,False,,20000,20000.0,132,3200,0.5329780146568954,0.04125,297,430,1777,14733,48473,453760,480861
S3,chronic,74,76x79,0,6.0,15.0,1.08,0.85,0.001,0.33,0.5,1000,48,200,396,500,24.0,False,17472.0,20000,20000.0,1224,3182,0.5299800133244503,0.3846637335009428,1288,472,5385,97942,122979,590778,621206
S3,chronic,70,76x79,0,6.0,15.0,1.08,0.85,0.001,0.33,0.5,1000,24,200,792,500,24.0,False,11352.0,20000,20000.0,1677,3076,0.5123251165889408,0.5451885565669701,1739,311,7846,348453,344323,988024,1041553
S3,chronic,73,76x79,0,6.0,15.0,1.08,0.85,0.001,0.33,0.5,1000,12,200,1584,500,24.0,False,3024.0,20000,20000.0,3027,3058,0.5093271152564957,0.9898626553302813,3008,128,6765,962212,874479,1950233,2052569
S3,chronic,69,76x79,0,6.0,15.0,1.08,0.85,0.001,0.33,0.5,1000,12,200,1584,500,24.0,False,2568.0,20000,20000.0,3005,3033,0.5051632245169887,0.9907682162875041,2986,129,7046,966113,880612,1960504,2063085
S3,chronic,75,76x79,0,6.0,15.0,1.08,0.85,0.001,0.33,0.5,1000,24,200,792,500,24.0,False,6936.0,20000,20000.0,2695,3081,0.5131578947368421,0.8747160012982798,2680,239,10422,615702,586640,1425037,1486765
S3,chronic,72,76x79,0,6.0,15.0,1.08,0.85,0.001,0.33,0.5,1000,24,200,792,500,24.0,False,5088.0,20000,20000.0,2819,3059,0.509493670886076,0.9215429879045439,2803,214,10867,710880,674318,1581657,1645606
S3,chronic,68,76x79,0,6.0,15.0,1.08,0.85,0.001,0.33,0.5,1000,12,200,1584,500,24.0,False,6816.0,20000,20000.0,2467,2976,0.49566955363091275,0.8289650537634409,2480,234,9425,623888,564420,1404981,1500058
S3,chronic,77,76x79,0,6.0,15.0,1.08,0.85,0.001,0.33,0.5,1000,48,200,396,500,24.0,False,,20000,20000.0,5,3322,0.5532978014656895,0.0015051173991571343,42,439,3267,30199,61953,478468,507174
S3,chronic,82,76x79,0,6.0,15.0,1.08,0.85,0.001,0.33,0.5,1000,24,200,792,500,24.0,False,7992.0,20000,20000.0,3053,3090,0.5146568954030646,0.9880258899676375,3022,246,9586,597031,569682,1392545,1453005
S3,chronic,81,76x79,0,6.0,15.0,1.08,0.85,0.001,0.33,0.5,1000,12,200,1584,500,24.0,False,6432.0,20000,20000.0,2995,3010,0.5013324450366422,0.9950166112956811,2967,218,8128,717874,650669,1555988,1652447
S3,chronic,78,76x79,0,6.0,15.0,1.08,0.85,0.001,0.33,0.5,1000,12,200,1584,500,24.0,False,3432.0,20000,20000.0,2972,2991,0.4981678880746169,0.9936476094951521,2945,151,8078,915961,832611,1878402,1980482
S3,chronic,83,76x79,0,6.0,15.0,1.08,0.85,0.001,0.33,0.5,1000,12,200,1584,500,24.0,False,8664.0,20000,20000.0,1944,3017,0.5024983344437042,0.6443486907524031,1970,309,9034,483642,439407,1176879,1267331
S3,chronic,76,76x79,0,6.0,15.0,1.08,0.85,0.001,0.33,0.5,1000,24,200,792,500,24.0,False,6000.0,20000,20000.0,1791,3122,0.5199866755496336,0.5736707238949391,1822,294,11662,564076,539109,1341413,1403060
S3,chronic,79,76x79,0,6.0,15.0,1.08,0.85,0.001,0.33,0.5,1000,12,200,1584,500,24.0,False,2328.0,20000,20000.0,3004,3035,0.5054963357761493,0.9897858319604613,2977,170,9397,869854,785269,1802669,1905378
S3,chronic,80,76x79,0,6.0,15.0,1.08,0.85,0.001,0.33,0.5,1000,12,200,1584,500,24.0,False,3384.0,20000,20000.0,2745,2973,0.4951698867421719,0.9233097880928355,2747,238,10240,730870,660171,1579832,1679326
S3,chronic,87,76x79,0,6.0,15.0,1.08,0.85,0.001,0.33,0.5,1000,48,200,396,500,24.0,False,17616.0,20000,20000.0,1268,3096,0.5156562291805463,0.4095607235142119,1320,434,4635,97199,123213,590102,620060
S3,chronic,85,76x79,0,6.0,15.0,1.08,0.85,0.001,0.33,0.5,1000,48,200,396,500,24.0,False,14520.0,20000,20000.0,1395,3116,0.5189873417721519,0.44768934531450577,1426,442,6344,190752,210564,746344,777633
S3,chronic,84,76x79,0,6.0,15.0,1.08,0.85,0.001,0.33,0.5,1000,48,200,396,500,24.0,False,12312.0,20000,20000.0,1753,3099,0.5161558960692871,0.5656663439819296,1788,395,8278,302423,314435,930669,964148
S3,chronic,88,76x79,0,6.0,15.0,1.08,0.85,0.001,0.33,0.5,1000,12,200,1584,500,24.0,False,4560.0,20000,20000.0,2974,2991,0.4981678880746169,0.994316282179873,2958,188,7179,811483,741237,1712249,1809166
S3,chronic,90,76x79,0,6.0,15.0,1.08,0.85,0.001,0.33,0.5,1000,12,200,1584,500,24.0,False,4464.0,20000,20000.0,3028,3065,0.5104930046635576,0.9879282218597064,3005,180,9062,818843,740818,1719903,1821002
S3,chronic,86,76x79,0,6.0,15.0,1.08,0.85,0.001,0.33,0.5,1000,12,200,1584,500,24.0,False,5112.0,20000,20000.0,2869,2985,0.49716855429713525,0.9611390284757119,2842,170,10081,802459,726873,1697739,1798778
S3,chronic,89,76x79,0,6.0,15.0,1.08,0.85,0.001,0.33,0.5,1000,48,200,396,500,24.0,False,5544.0,20000,20000.0,1838,3072,0.5116588940706196,0.5983072916666666,1912,287,10820,592789,585772,1411647,1448630
S3,chronic,91,76x79,0,6.0,15.0,1.08,0.85,0.001,0.33,0.5,1000,12,200,1584,500,24.0,False,3984.0,20000,20000.0,2997,3021,0.5031645569620253,0.9920556107249255,2985,212,9641,784965,712492,1669083,1769723
S3,chronic,93,76x79,0,6.0,15.0,1.08,0.85,0.001,0.33,0.5,1000,48,200,396,500,24.0,False,14448.0,20000,20000.0,1260,3109,0.5178214523650899,0.4052750080411708,1320,386,7039,189362,208781,743386,775463
S3,chronic,98,76x79,0,6.0,15.0,1.08,0.85,0.001,0.33,0.5,1000,48,200,396,500,24.0,False,9288.0,20000,20000.0,1880,3097,0.5158227848101266,0.6070390700678076,1928,315,10065,386370,389838,1069221,1104581
S3,chronic,92,76x79,0,6.0,15.0,1.08,0.85,0.001,0.33,0.5,1000,12,200,1584,500,24.0,False,2376.0,20000,20000.0,3023,3052,0.508327781479014,0.9904980340760158,2994,131,7507,955510,869930,1941700,2044900
S3,chronic,99,76x79,0,6.0,15.0,1.08,0.85,0.001,0.33,0.5,1000,12,200,1584,500,24.0,False,5232.0,20000,20000.0,2334,3006,0.5006662225183212,0.7764471057884231,2359,191,9596,793756,720496,1685225,1785068
S3,chronic,97,76x79,0,6.0,15.0,1.08,0.85,0.001,0.33,0.5,1000,24,200,792,500,24.0,False,5952.0,20000,20000.0,1928,3072,0.5116588940706196,0.6276041666666666,1958,264,11119,581449,553295,1367553,1428557
S3,chronic,96,76x79,0,6.0,15.0,1.08,0.85,0.001,0.33,0.5,1000,24,200,792,500,24.0,False,5640.0,20000,20000.0,1748,3083,0.5134910059960026,0.5669802140771976,1839,289,11316,570564,545839,1353145,1414037
S3,chronic,95,76x79,0,6.0,15.0,1.08,0.85,0.001,0.33,0.5,1000,24,200,792,500,24.0,False,5376.0,20000,20000.0,1855,3081,0.5131578947368421,0.6020772476468679,1896,273,12367,619759,588575,1431188,1494307
S3,chronic,94,76x79,0,6.0,15.0,1.08,0.85,0.001,0.33,0.5,1000,12,200,1584,500,24.0,False,2712.0,20000,20000.0,2720,2988,0.49766822118587606,0.9103078982597055,2709,178,10772,844718,764575,1766992,1870477
S3,chronic,2,76x79,0,6.0,15.0,1.08,0.85,0.001,0.5,0.5,1000,12,200,1584,500,24.0,False,1608.0,20000,20000.0,3406,3410,0.5679546968687542,0.9988269794721407,3405,40,1842,193758,74375,307491,428475
S3,chronic,5,76x79,0,6.0,15.0,1.08,0.85,0.001,0.5,0.5,1000,12,200,1584,500,24.0,False,1056.0,20000,20000.0,3420,3424,0.570286475682878,0.9988317757009346,3418,29,1654,192991,71211,298783,420251
S3,chronic,4,76x79,0,6.0,15.0,1.08,0.85,0.001,0.5,0.5,1000,12,200,1584,500,24.0,False,1488.0,20000,20000.0,3379,3386,0.5639573617588275,0.9979326639102185,3378,33,1737,199598,77227,315043,436191
S3,chronic,1,76x79,0,6.0,15.0,1.08,0.85,0.001,0.5,0.5,1000,24,200,792,500,24.0,False,1872.0,20000,20000.0,3581,3588,0.597601598934044,0.9980490523968785,3580,46,2348,155709,69123,268854,354390
S3,chronic,0,76x79,0,6.0,15.0,1.08,0.85,0.001,0.5,0.5,1000,24,200,792,500,24.0,False,2304.0,20000,20000.0,3526,3535,0.5887741505662891,0.9974540311173975,3526,52,2149,151317,70276,278652,362546
S3,chronic,6,76x79,0,6.0,15.0,1.08,0.85,0.001,0.5,0.5,1000,12,200,1584,500,24.0,False,1536.0,20000,20000.0,3410,3413,0.568454363757495,0.9991210079109288,3409,44,1879,195482,77654,315044,435445
S3,chronic,3,76x79,0,6.0,15.0,1.08,0.85,0.001,0.5,0.5,1000,12,200,1584,500,24.0,False,1224.0,20000,20000.0,3405,3410,0.5679546968687542,0.998533724340176,3405,41,1955,198001,76786,314702,435943
S3,chronic,7,76x79,0,6.0,15.0,1.08,0.85,0.001,0.5,0.5,1000,24,200,792,500,24.0,False,1656.0,20000,20000.0,3531,3541,0.5897734843437709,0.9971759390002825,3530,42,2611,161057,74886,283151,368683
S3,chronic,8,76x79,0,6.0,15.0,1.08,0.85,0.001,0.5,0.5,1000,12,200,1584,500,24.0,False,1176.0,20000,20000.0,3387,3396,0.5656229180546303,0.9973498233215548,3387,41,1810,194801,74599,308343,429273
S3,chronic,13,76x79,0,6.0,15.0,1.08,0.85,0.001,0.5,0.5,1000,12,200,1584,500,24.0,False,1296.0,20000,20000.0,3395,3400,0.5662891405729513,0.9985294117647059,3394,49,1734,193414,72254,301872,422792
S3,chronic,9,76x79,0,6.0,15.0,1.08,0.85,0.001,0.5,0.5,1000,12,200,1584,500,24.0,False,1920.0,20000,20000.0,3402,3408,0.5676215856095936,0.9982394366197183,3402,42,2268,199972,81498,328194,448754
S3,chronic,14,76x79,0,6.0,15.0,1.08,0.85,0.001,0.5,0.5,1000,12,200,1584,500,24.0,False,1584.0,20000,20000.0,3403,3414,0.5686209193870753,0.9967779730521382,3403,33,2237,207572,87300,336552,457578
S3,chronic,12,76x79,0,6.0,15.0,1.08,0.85,0.001,0.5,0.5,1000,12,200,1584,500,24.0,False,1560.0,20000,20000.0,3397,3407,0.5674550299800133,0.9970648664514236,3396,32,1964,196296,77154,312201,433229
S3,chronic,15,76x79,0,6.0,15.0,1.08,0.85,0.001,0.5,0.5,1000,24,200,792,500,24.0,False,1272.0,20000,20000.0,3548,3556,0.592271818787475,0.9977502812148481,3547,38,2035,159491,72233,267058,353012
S3,chronic,10,76x79,0,6.0,15.0,1.08,0.85,0.001,0.5,0.5,1000,48,200,396,500,24.0,False,1632.0,20000,20000.0,3691,3691,0.6147568287808128,1.0,3691,29,2235,99363,54048,195493,240351
S3,chronic,11,76x79,0,6.0,15.0,1.08,0.85,0.001,0.5,0.5,1000,48,200,396,500,24.0,False,1752.0,20000,20000.0,3673,3673,0.6117588274483677,1.0,3673,39,2423,103280,58046,206144,251084
S3,chronic,20,76x79,0,6.0,15.0,1.08,0.85,0.001,0.5,0.5,1000,12,200,1584,500,24.0,False,2040.0,20000,20000.0,3409,3415,0.5687874750166556,0.9982430453879941,3409,44,2270,198205,80004,327970,447939
S3,chronic,23,76x79,0,6.0,15.0,1.08,0.85,0.001,0.5,0.5,1000,12,200,1584,500,24.0,False,1488.0,20000,20000.0,3398,3414,0.5686209193870753,0.9953134153485648,3398,56,1799,194121,72925,302689,423848
S3,chronic,19,76x79,0,6.0,15.0,1.08,0.85,0.001,0.5,0.5,1000,12,200,1584,500,24.0,False,2328.0,20000,20000.0,3399,3405,0.5671219187208527,0.9982378854625551,3398,78,2357,195925,84763,342625,460286
S3,chronic,16,76x79,0,6.0,15.0,1.08,0.85,0.001,0.5,0.5,1000,12,200,1584,500,24.0,False,1728.0,20000,20000.0,3377,3378,0.5626249167221852,0.9997039668442865,3377,48,1936,200483,82654,326626,446978
S3,chronic,18,76x79,0,6.0,15.0,1.08,0.85,0.001,0.5,0.5,1000,24,200,792,500,24.0,False,1872.0,20000,20000.0,3526,3534,0.5886075949367089,0.9977362761743067,3525,44,2552,155613,71357,278044,363076
S3,chronic,22,76x79,0,6.0,15.0,1.08,0.85,0.001,0.5,0.5,1000,12,200,1584,500,24.0,False,1128.0,20000,20000.0,3393,3397,0.5657894736842105,0.9988224904327347,3393,36,1765,194607,74460,304611,426008
S3,chronic,17,76x79,0,6.0,15.0,1.08,0.85,0.001,0.5,0.5,1000,48,200,396,500,24.0,False,1920.0,20000,20000.0,3710,3710,0.6179213857428381,1.0,3710,44,2261,99746,54882,199922,244829
S3,chronic,21,76x79,0,6.0,15.0,1.08,0.85,0.001,0.5,0.5,1000,48,200,396,500,24.0,False,1896.0,20000,20000.0,3666,3666,0.6105929380413058,1.0,3666,47,2436,104441,58294,207928,252583
S3,chronic,25,76x79,0,6.0,15.0,1.08,0.85,0.001,0.5,0.5,1000,12,200,1584,500,24.0,False,2040.0,20000,20000.0,3383,3395,0.5654563624250499,0.9964653902798233,3382,47,1887,195216,75586,314828,434925
S3,chronic,31,76x79,0,6.0,15.0,1.08,0.85,0.001,0.5,0.5,1000,12,200,1584,500,24.0,False,2064.0,20000,20000.0,3376,3383,0.5634576948700866,0.9979308306237068,3376,43,2083,189832,73802,310359,430113
S3,chronic,29,76x79,0,6.0,15.0,1.08,0.85,0.001,0.5,0.5,1000,12,200,1584,500,24.0,False,1680.0,20000,20000.0,3399,3412,0.5682878081279147,0.996189917936694,3399,42,1919,196437,77015,319436,439600
S3,chronic,28,76x79,0,6.0,15.0,1.08,0.85,0.001,0.5,0.5,1000,24,200,792,500,24.0,False,1920.0,20000,20000.0,3527,3535,0.5887741505662891,0.9977369165487977,3526,49,2472,159886,75023,281939,367226
S3,chronic,24,76x79,0,6.0,15.0,1.08,0.85,0.001,0.5,0.5,1000,24,200,792,500,24.0,False,1920.0,20000,20000.0,3546,3552,0.5916055962691539,0.9983108108108109,3544,47,2233,153171,67822,266450,351950
S3,chronic,26,76x79,0,6.0,15.0,1.08,0.85,0.001,0.5,0.5,1000,24,200,792,500,24.0,False,2160.0,20000,20000.0,3544,3551,0.5914390406395736,0.9980287243030133,3543,48,2502,159477,77332,290232,374765
S3,chronic,30,76x79,0,6.0,15.0,1.08,0.85,0.001,0.5,0.5,1000,24,200,792,500,24.0,False,1512.0,20000,20000.0,3548,3562,0.5932711525649567,0.99606962380685,3546,50,2025,152584,66609,263446,349089
S3,chronic,27,76x79,0,6.0,15.0,1.08,0.85,0.001,0.5,0.5,1000,24,200,792,500,24.0,False,1392.0,20000,20000.0,3583,3588,0.597601598934044,0.9986064659977704,3583,45,2350,157174,69400,266072,352320
S3,chronic,32,76x79,0,6.0,15.0,1.08,0.85,0.001,0.5,0.5,1000,12,200,1584,500,24.0,False,1416.0,20000,20000.0,3390,3393,0.5651232511658895,0.9991158267020336,3390,37,1846,195230,74131,307802,429189
S3,chronic,35,76x79,0,6.0,15.0,1.08,0.85,0.001,0.5,0.5,1000,24,200,792,500,24.0,False,2256.0,20000,20000.0,3555,3559,0.5927714856762158,0.9988760887889857,3554,50,2172,149120,65845,264670,349074
S3,chronic,33,76x79,0,6.0,15.0,1.08,0.85,0.001,0.5,0.5,1000,12,200,1584,500,24.0,False,1392.0,20000,20000.0,3389,3396,0.5656229180546303,0.9979387514723204,3388,47,2003,197695,79014,318702,439506
S3,chronic,34,76x79,0,6.0,15.0,1.08,0.85,0.001,0.5,0.5,1000,12,200,1584,500,24.0,False,1536.0,20000,20000.0,3405,3410,0.5679546968687542,0.998533724340176,3403,31,1563,189273,69336,296721,417552
S3,chronic,38,76x79,0,6.0,15.0,1.08,0.85,0.001,0.5,0.5,1000,24,200,792,500,24.0,False,1416.0,20000,20000.0,3519,3527,0.5874417055296469,0.9977317833853133,3516,38,1878,151321,63658,251948,338154
S3,chronic,37,76x79,0,6.0,15.0,1.08,0.85,0.001,0.5,0.5,1000,24,200,792,500,24.0,False,1368.0,20000,20000.0,3526,3538,0.5892738174550299,0.996608253250424,3525,39,1845,149296,62287,247513,333490
S3,chronic,36,76x79,0,6.0,15.0,1.08,0.85,0.001,0.5,0.5,1000,48,200,396,500,24.0,False,1536.0,20000,20000.0,3674,3674,0.6119253830779481,1.0,3674,52,2309,102677,58799,207494,252045
S3,chronic,39,76x79,0,6.0,15.0,1.08,0.85,0.001,0.5,0.5,1000,48,200,396,500,24.0,False,1608.0,20000,20000.0,3670,3670,0.6112591605596269,1.0,3670,39,2256,100944,56495,200402,245125
S3,chronic,46,76x79,0,6.0,15.0,1.08,0.85,0.001,0.5,0.5,1000,12,200,1584,500,24.0,False,1368.0,20000,20000.0,3391,3405,0.5671219187208527,0.9958883994126285,3390,45,1879,195063,76049,313277,433792
S3,chronic,47,76x79,0,6.0,15.0,1.08,0.85,0.001,0.5,0.5,1000,12,200,1584,500,24.0,False,1536.0,20000,20000.0,3368,3372,0.5616255829447035,0.9988137603795967,3368,43,1962,197748,78286,316591,437570
S3,chronic,41,76x79,0,6.0,15.0,1.08,0.85,0.001,0.5,0.5,1000,24,200,792,500,24.0,False,1608.0,20000,20000.0,3549,3555,0.5921052631578947,0.9983122362869198,3548,49,2332,157686,71606,269470,355406
S3,chronic,43,76x79,0,6.0,15.0,1.08,0.85,0.001,0.5,0.5,1000,24,200,792,500,24.0,False,1848.0,20000,20000.0,3521,3527,0.5874417055296469,0.998298837538985,3520,50,2319,159649,74917,281478,366326
S3,chronic,44,76x79,0,6.0,15.0,1.08,0.85,0.001,0.5,0.5,1000,24,200,792,500,24.0,False,1272.0,20000,20000.0,3511,3517,0.5857761492338441,0.9982940005686665,3509,41,1854,153162,66041,255385,341263
S3,chronic,42,76x79,0,6.0,15.0,1.08,0.85,0.001,0.5,0.5,1000,48,200,396,500,24.0,False,1368.0,20000,20000.0,3688,3688,0.6142571618920719,1.0,3688,44,2000,100612,54738,192612,237601
S3,chronic,45,76x79,0,6.0,15.0,1.08,0.85,0.001,0.5,0.5,1000,48,200,396,500,24.0,False,1704.0,20000,20000.0,3693,3693,0.6150899400399733,1.0,3693,46,2306,106113,60384,205886,251047
S3,chronic,40,76x79,0,6.0,15.0,1.08,0.85,0.001,0.5,0.5,1000,48,200,396,500,24.0,False,1224.0,20000,20000.0,3689,3689,0.6144237175216523,1.0,3689,39,1890,99637,52514,185135,230193
S3,chronic,51,76x79,0,6.0,15.0,1.08,0.85,0.001,0.5,0.5,1000,12,200,1584,500,24.0,False,1896.0,20000,20000.0,3427,3433,0.5717854763491006,0.9982522575007282,3427,40,1987,199486,81793,325674,445868
S3,chronic,50,76x79,0,6.0,15.0,1.08,0.85,0.001,0.5,0.5,1000,12,200,1584,500,24.0,False,1176.0,20000,20000.0,3393,3400,0.5662891405729513,0.9979411764705882,3393,41,1806,202182,79895,315217,437156
S3,chronic,49,76x79,0,6.0,15.0,1.08,0.85,0.001,0.5,0.5,1000,24,200,792,500,24.0,False,2544.0,20000,20000.0,3535,3546,0.5906062624916723,0.996897913141568,3533,44,2384,154422,73905,285180,368920
S3,chronic,55,76x79,0,6.0,15.0,1.08,0.85,0.001,0.5,0.5,1000,24,200,792,500,24.0,False,1392.0,20000,20000.0,3517,3518,0.5859427048634244,0.9997157475838545,3515,40,1729,148331,62512,250305,335750
S3,chronic,54,76x79,0,6.0,15.0,1.08,0.85,0.001,0.5,0.5,1000,24,200,792,500,24.0,False,1320.0,20000,20000.0,3555,3560,0.5929380413057961,0.9985955056179775,3554,39,2092,152951,66302,259387,345147
S3,chronic,52,76x79,0,6.0,15.0,1.08,0.85,0.001,0.5,0.5,1000,24,200,792,500,24.0,False,1464.0,20000,20000.0,3549,3555,0.5921052631578947,0.9983122362869198,3548,44,2674,163750,75561,278769,365078
S3,chronic,53,76x79,0,6.0,15.0,1.08,0.85,0.001,0.5,0.5,1000,48,200,396,500,24.0,False,2016.0,20000,20000.0,3716,3716,0.6189207195203198,1.0,3716,44,2446,100983,56644,205838,250500
S3,chronic,48,76x79,0,6.0,15.0,1.08,0.85,0.001,0.5,0.5,1000,48,200,396,500,24.0,False,1272.0,20000,20000.0,3665,3665,0.6104263824117255,1.0,3665,41,2270,105326,59674,206883,251620
S3,chronic,57,76x79,0,6.0,15.0,1.08,0.85,0.001,0.5,0.5,1000,12,200,1584,500,24.0,False,1560.0,20000,20000.0,3400,3406,0.5672884743504331,0.9982384028185555,3399,46,2078,196326,77633,315820,436643
S3,chronic,63,76x79,0,6.0,15.0,1.08,0.85,0.001,0.5,0.5,1000,12,200,1584,500,24.0,False,1680.0,20000,20000.0,3389,3398,0.5659560293137909,0.9973513831665686,3389,44,2152,198641,79370,321952,442773
S3,chronic,60,76x79,0,6.0,15.0,1.08,0.85,0.001,0.5,0.5,1000,24,200,792,500,24.0,False,1488.0,20000,20000.0,3556,3570,0.594603597601599,0.996078431372549,3553,40,1993,154243,67875,262528,348151
S3,chronic,61,76x79,0,6.0,15.0,1.08,0.85,0.001,0.5,0.5,1000,48,200,396,500,24.0,False,2544.0,20000,20000.0,3677,3677,0.6124250499666889,1.0,3676,51,2437,107622,64203,227098,271341
S3,chronic,62,76x79,0,6.0,15.0,1.08,0.85,0.001,0.5,0.5,1000,48,200,396,500,24.0,False,1800.0,20000,20000.0,3646,3646,0.6072618254497002,1.0,3645,39,2014,98937,53646,199572,243969
S3,chronic,56,76x79,0,6.0,15.0,1.08,0.85,0.001,0.5,0.5,1000,48,200,396,500,24.0,False,2088.0,20000,20000.0,3689,3690,0.6145902731512325,0.9997289972899729,3689,52,2106,99464,55558,202555,246958
S3,chronic,58,76x79,0,6.0,15.0,1.08,0.85,0.001,0.5,0.5,1000,48,200,396,500,24.0,False,1896.0,20000,20000.0,3681,3681,0.6130912724850099,1.0,3681,46,1878,97326,52258,195270,239594
S3,chronic,59,76x79,0,6.0,15.0,1.08,0.85,0.001,0.5,0.5,1000,48,200,396,500,24.0,False,2016.0,20000,20000.0,3685,3685,0.6137574950033311,1.0,3685,49,2435,104669,59235,207942,252851
S3,chronic,68,76x79,0,6.0,15.0,1.08,0.85,0.001,0.5,0.5,1000,12,200,1584,500,24.0,False,1752.0,20000,20000.0,3404,3411,0.5681212524983345,0.9979478158897684,3404,50,2013,198076,79400,321032,441580
S3,chronic,67,76x79,0,6.0,15.0,1.08,0.85,0.001,0.5,0.5,1000,12,200,1584,500,24.0,False,1488.0,20000,20000.0,3370,3380,0.5629580279813458,0.9970414201183432,3370,34,1952,202866,80989,319985,441378
S3,chronic,70,76x79,0,6.0,15.0,1.08,0.85,0.001,0.5,0.5,1000,24,200,792,500,24.0,False,2064.0,20000,20000.0,3541,3550,0.5912724850099933,0.9974647887323944,3540,50,2200,152205,67360,266780,351666
S3,chronic,69,76x79,0,6.0,15.0,1.08,0.85,0.001,0.5,0.5,1000,12,200,1584,500,24.0,False,1632.0,20000,20000.0,3372,3381,0.5631245836109261,0.997338065661047,3372,43,1953,194893,76717,316102,436341
S3,chronic,66,76x79,0,6.0,15.0,1.08,0.85,0.001,0.5,0.5,1000,12,200,1584,500,24.0,False,1392.0,20000,20000.0,3398,3405,0.5671219187208527,0.9979441997063142,3397,49,1746,194337,75561,313561,433940
S3,chronic,64,76x79,0,6.0,15.0,1.08,0.85,0.001,0.5,0.5,1000,48,200,396,500,24.0,False,1680.0,20000,20000.0,3701,3701,0.6164223850766156,1.0,3700,47,2006,97312,52080,192873,237462
S3,chronic,71,76x79,0,6.0,15.0,1.08,0.85,0.001,0.5,0.5,1000,48,200,396,500,24.0,False,1896.0,20000,20000.0,3693,3693,0.6150899400399733,1.0,3693,41,2729,109370,63870,218827,263869
S3,chronic,65,76x79,0,6.0,15.0,1.08,0.85,0.001,0.5,0.5,1000,48,200,396,500,24.0,False,1848.0,20000,20000.0,3657,3657,0.6090939373750833,1.0,3657,50,2181,95590,51951,196476,240999
S3,chronic,73,76x79,0,6.0,15.0,1.08,0.85,0.001,0.5,0.5,1000,12,200,1584,500,24.0,False,1392.0,20000,20000.0,3407,3413,0.568454363757495,0.9982420158218576,3407,35,1663,193961,73195,303198,424079
S3,chronic,79,76x79,0,6.0,15.0,1.08,0.85,0.001,0.5,0.5,1000,12,200,1584,500,24.0,False,1680.0,20000,20000.0,3420,3427,0.570786142571619,0.997957397140356,3418,41,2329,201444,83648,330919,451789
S3,chronic,78,76x79,0,6.0,15.0,1.08,0.85,0.001,0.5,0.5,1000,12,200,1584,500,24.0,False,1248.0,20000,20000.0,3409,3419,0.5694536975349767,0.9970751681778298,3408,32,1767,195971,74137,303372,425146
S3,chronic,72,76x79,0,6.0,15.0,1.08,0.85,0.001,0.5,0.5,1000,24,200,792,500,24.0,False,1488.0,20000,20000.0,3534,3542,0.5899400399733511,0.9977413890457368,3533,40,1877,149102,64569,256352,341514
S3,chronic,75,76x79,0,6.0,15.0,1.08,0.85,0.001,0.5,0.5,1000,24,200,792,500,24.0,False,1728.0,20000,20000.0,3515,3525,0.5871085942704863,0.9971631205673759,3515,40,2375,161995,76097,280329,366037
S3,chronic,76,76x79,0,6.0,15.0,1.08,0.85,0.001,0.5,0.5,1000,24,200,792,500,24.0,False,1128.0,20000,20000.0,3524,3532,0.5882744836775483,0.9977349943374858,3523,47,2028,156381,68200,256204,342788
S3,chronic,74,76x79,0,6.0,15.0,1.08,0.85,0.001,0.5,0.5,1000,48,200,396,500,24.0,False,1560.0,20000,20000.0,3672,3672,0.6115922718187875,1.0,3672,41,1977,101821,55997,196124,240994
S3,chronic,77,76x79,0,6.0,15.0,1.08,0.85,0.001,0.5,0.5,1000,48,200,396,500,24.0,False,1248.0,20000,20000.0,3664,3664,0.6102598267821452,1.0,3664,32,2014,103420,56805,198203,243029
S3,chronic,83,76x79,0,6.0,15.0,1.08,0.85,0.001,0.5,0.5,1000,12,200,1584,500,24.0,False,1464.0,20000,20000.0,3398,3407,0.5674550299800133,0.9973583798062812,3397,40,1855,195120,73345,305957,427045
S3,chronic,80,76x79,0,6.0,15.0,1.08,0.85,0.001,0.5,0.5,1000,12,200,1584,500,24.0,False,1464.0,20000,20000.0,3385,3397,0.5657894736842105,0.9964674712982043,3382,44,1894,192912,73092,304763,425472
S3,chronic,81,76x79,0,6.0,15.0,1.08,0.85,0.001,0.5,0.5,1000,12,200,1584,500,24.0,False,2088.0,20000,20000.0,3395,3405,0.5671219187208527,0.9970631424375918,3395,61,2084,193585,76533,319954,439601
S3,chronic,86,76x79,0,6.0,15.0,1.08,0.85,0.001,0.5,0.5,1000,12,200,1584,500,24.0,False,1296.0,20000,20000.0,3412,3428,0.5709526982011992,0.9953325554259043,3411,26,1504,192620,73065,305701,426192
S3,chronic,82,76x79,0,6.0,15.0,1.08,0.85,0.001,0.5,0.5,1000,24,200,792,500,24.0,False,1608.0,20000,20000.0,3535,3546,0.5906062624916723,0.996897913141568,3533,46,2635,159393,72482,272683,358977
S3,chronic,87,76x79,0,6.0,15.0,1.08,0.85,0.001,0.5,0.5,1000,48,200,396,500,24.0,False,1872.0,20000,20000.0,3678,3678,0.6125916055962691,1.0,3678,30,2402,103403,59570,213189,257656
S3,chronic,84,76x79,0,6.0,15.0,1.08,0.85,0.001,0.5,0.5,1000,48,200,396,500,24.0,False,1512.0,20000,20000.0,3688,3689,0.6144237175216523,0.9997289238275956,3688,60,2448,105507,61578,214232,258885
S3,chronic,85,76x79,0,6.0,15.0,1.08,0.85,0.001,0.5,0.5,1000,48,200,396,500,24.0,False,1608.0,20000,20000.0,3685,3685,0.6137574950033311,1.0,3685,39,2327,100620,55749,201573,246328
S3,chronic,88,76x79,0,6.0,15.0,1.08,0.85,0.001,0.5,0.5,1000,12,200,1584,500,24.0,False,1488.0,20000,20000.0,3406,3415,0.5687874750166556,0.9973645680819913,3406,42,1725,191832,73456,309527,429732
S3,chronic,94,76x79,0,6.0,15.0,1.08,0.85,0.001,0.5,0.5,1000,12,200,1584,500,24.0,False,1320.0,20000,20000.0,3381,3384,0.5636242504996669,0.999113475177305,3379,35,1668,194437,73987,307582,428649
S3,chronic,95,76x79,0,6.0,15.0,1.08,0.85,0.001,0.5,0.5,1000,24,200,792,500,24.0,False,2400.0,20000,20000.0,3530,3533,0.5884410393071285,0.9991508632889895,3529,60,2690,158158,75020,287597,372116
S3,chronic,90,76x79,0,6.0,15.0,1.08,0.85,0.001,0.5,0.5,1000,12,200,1584,500,24.0,False,1104.0,20000,20000.0,3372,3381,0.5631245836109261,0.997338065661047,3371,36,1666,197233,74530,306935,428438
S3,chronic,91,76x79,0,6.0,15.0,1.08,0.85,0.001,0.5,0.5,1000,12,200,1584,500,24.0,False,1296.0,20000,20000.0,3408,3415,0.5687874750166556,0.9979502196193265,3408,27,1615,191977,72811,302453,423345
S3,chronic,92,76x79,0,6.0,15.0,1.08,0.85,0.001,0.5,0.5,1000,12,200,1584,500,24.0,False,1296.0,20000,20000.0,3374,3380,0.5629580279813458,0.9982248520710059,3373,39,1894,200445,80108,315392,436710
S3,chronic,93,76x79,0,6.0,15.0,1.08,0.85,0.001,0.5,0.5,1000,48,200,396,500,24.0,False,3072.0,20000,20000.0,3643,3643,0.6067621585609594,1.0,3643,56,2694,102609,60996,228434,272331
S3,chronic,89,76x79,0,6.0,15.0,1.08,0.85,0.001,0.5,0.5,1000,48,200,396,500,24.0,False,2064.0,20000,20000.0,3671,3671,0.6114257161892072,1.0,3670,63,2244,98449,55368,206994,251198
S3,chronic,3,76x79,0,6.0,15.0,1.08,0.85,0.001,1.0,0.5,1000,12,200,1584,500,24.0,False,600.0,20000,20000.0,3435,3442,0.5732844770153231,0.9979662986635677,3435,15,649,152302,20707,190914,318574
S3,chronic,99,76x79,0,6.0,15.0,1.08,0.85,0.001,0.5,0.5,1000,12,200,1584,500,24.0,False,1128.0,20000,20000.0,3383,3389,0.5644570286475683,0.9982295662437297,3382,40,1771,197338,74164,300035,422057
S3,chronic,2,76x79,0,6.0,15.0,1.08,0.85,0.001,1.0,0.5,1000,12,200,1584,500,24.0,False,744.0,20000,20000.0,3421,3428,0.5709526982011992,0.9979579929988331,3421,22,705,151003,21821,195301,322750
S3,chronic,97,76x79,0,6.0,15.0,1.08,0.85,0.001,0.5,0.5,1000,24,200,792,500,24.0,False,1416.0,20000,20000.0,3545,3558,0.5926049300466356,0.9963462619449128,3544,51,1996,160864,73837,271915,357875
S3,chronic,1,76x79,0,6.0,15.0,1.08,0.85,0.001,1.0,0.5,1000,24,200,792,500,24.0,False,840.0,20000,20000.0,3631,3640,0.6062624916722186,0.9975274725274725,3631,23,649,113870,20427,156884,246494
S3,chronic,0,76x79,0,6.0,15.0,1.08,0.85,0.001,1.0,0.5,1000,24,200,792,500,24.0,False,864.0,20000,20000.0,3583,3595,0.5987674883411059,0.9966620305980528,3583,24,707,113495,21168,160024,249224
S3,chronic,96,76x79,0,6.0,15.0,1.08,0.85,0.001,0.5,0.5,1000,24,200,792,500,24.0,False,1056.0,20000,20000.0,3520,3526,0.5872751499000666,0.998298355076574,3520,38,1990,157741,69824,262249,348189
S3,chronic,98,76x79,0,6.0,15.0,1.08,0.85,0.001,0.5,0.5,1000,48,200,396,500,24.0,False,1224.0,20000,20000.0,3684,3684,0.6135909393737509,1.0,3684,41,1969,97818,52075,189101,233711
S3,chronic,9,76x79,0,6.0,15.0,1.08,0.85,0.001,1.0,0.5,1000,12,200,1584,500,24.0,False,552.0,20000,20000.0,3428,3434,0.5719520319786808,0.9982527664531159,3428,12,678,153099,22399,193845,321869
S3,chronic,8,76x79,0,6.0,15.0,1.08,0.85,0.001,1.0,0.5,1000,12,200,1584,500,24.0,False,768.0,20000,20000.0,3444,3451,0.5747834776815456,0.9979716024340771,3444,23,577,151025,20373,193828,321607
S3,chronic,4,76x79,0,6.0,15.0,1.08,0.85,0.001,1.0,0.5,1000,12,200,1584,500,24.0,False,600.0,20000,20000.0,3410,3416,0.5689540306462358,0.9982435597189696,3410,10,700,153610,22189,193859,321620
S3,chronic,5,76x79,0,6.0,15.0,1.08,0.85,0.001,1.0,0.5,1000,12,200,1584,500,24.0,False,648.0,20000,20000.0,3407,3414,0.5686209193870753,0.997949619214997,3407,15,707,152757,21787,194644,322592
S3,chronic,6,76x79,0,6.0,15.0,1.08,0.85,0.001,1.0,0.5,1000,12,200,1584,500,24.0,False,600.0,20000,20000.0,3426,3431,0.57145236508994,0.9985426989215972,3426,11,664,152664,21583,192380,320316
S3,chronic,7,76x79,0,6.0,15.0,1.08,0.85,0.001,1.0,0.5,1000,24,200,792,500,24.0,False,552.0,20000,20000.0,3592,3598,0.5992671552298467,0.9983324068927182,3592,13,674,115542,21914,155358,245226
S3,chronic,10,76x79,0,6.0,15.0,1.08,0.85,0.001,1.0,0.5,1000,48,200,396,500,24.0,False,1032.0,20000,20000.0,3752,3752,0.6249167221852099,1.0,3752,20,726,68377,19303,112936,158393
S3,chronic,11,76x79,0,6.0,15.0,1.08,0.85,0.001,1.0,0.5,1000,48,200,396,500,24.0,False,600.0,20000,20000.0,3767,3767,0.6274150566289141,1.0,3767,20,787,68765,18577,105451,151338
S3,chronic,14,76x79,0,6.0,15.0,1.08,0.85,0.001,1.0,0.5,1000,12,200,1584,500,24.0,False,984.0,20000,20000.0,3433,3437,0.5724516988674218,0.9988361943555426,3433,18,626,149770,20585,195344,322751
S3,chronic,13,76x79,0,6.0,15.0,1.08,0.85,0.001,1.0,0.5,1000,12,200,1584,500,24.0,False,600.0,20000,20000.0,3448,3453,0.5751165889407062,0.9985519837822183,3448,24,612,152645,21521,193389,321275
S3,chronic,16,76x79,0,6.0,15.0,1.08,0.85,0.001,1.0,0.5,1000,12,200,1584,500,24.0,False,816.0,20000,20000.0,3419,3428,0.5709526982011992,0.9973745624270712,3419,22,682,154524,22357,198319,325958
S3,chronic,19,76x79,0,6.0,15.0,1.08,0.85,0.001,1.0,0.5,1000,12,200,1584,500,24.0,False,816.0,20000,20000.0,3431,3438,0.572618254497002,0.9979639325189064,3431,18,730,151735,21804,194519,322370
S3,chronic,12,76x79,0,6.0,15.0,1.08,0.85,0.001,1.0,0.5,1000,12,200,1584,500,24.0,False,648.0,20000,20000.0,3429,3434,0.5719520319786808,0.9985439720442633,3429,18,638,151750,21512,195840,323106
S3,chronic,18,76x79,0,6.0,15.0,1.08,0.85,0.001,1.0,0.5,1000,24,200,792,500,24.0,False,864.0,20000,20000.0,3593,3604,0.6002664890073285,0.9969478357380688,3593,22,672,114557,22115,161743,251321
S3,chronic,15,76x79,0,6.0,15.0,1.08,0.85,0.001,1.0,0.5,1000,24,200,792,500,24.0,False,648.0,20000,20000.0,3577,3584,0.5969353764157228,0.998046875,3577,17,657,115960,21878,157431,247331
S3,chronic,17,76x79,0,6.0,15.0,1.08,0.85,0.001,1.0,0.5,1000,48,200,396,500,24.0,False,792.0,20000,20000.0,3739,3739,0.6227514990006662,1.0,3739,19,822,71020,21504,117333,162992
S3,chronic,25,76x79,0,6.0,15.0,1.08,0.85,0.001,1.0,0.5,1000,12,200,1584,500,24.0,False,816.0,20000,20000.0,3441,3445,0.573784143904064,0.9988388969521045,3441,22,604,150041,20248,194115,321482
S3,chronic,22,76x79,0,6.0,15.0,1.08,0.85,0.001,1.0,0.5,1000,12,200,1584,500,24.0,False,744.0,20000,20000.0,3425,3431,0.57145236508994,0.9982512387059166,3425,14,646,151546,21162,191119,318908
S3,chronic,23,76x79,0,6.0,15.0,1.08,0.85,0.001,1.0,0.5,1000,12,200,1584,500,24.0,False,768.0,20000,20000.0,3425,3431,0.57145236508994,0.9982512387059166,3425,24,683,153677,21919,194936,322754
S3,chronic,20,76x79,0,6.0,15.0,1.08,0.85,0.001,1.0,0.5,1000,12,200,1584,500,24.0,False,744.0,20000,20000.0,3431,3436,0.5722851432378414,0.9985448195576252,3431,14,657,154310,23311,198545,326033
S3,chronic,26,76x79,0,6.0,15.0,1.08,0.85,0.001,1.0,0.5,1000,24,200,792,500,24.0,False,864.0,20000,20000.0,3613,3622,0.6032644903397735,0.9975151849806737,3613,20,691,114467,21173,158561,248248
S3,chronic,24,76x79,0,6.0,15.0,1.08,0.85,0.001,1.0,0.5,1000,24,200,792,500,24.0,False,864.0,20000,20000.0,3599,3606,0.600599600266489,0.9980587909040488,3599,16,655,114638,21509,158941,248445
S3,chronic,27,76x79,0,6.0,15.0,1.08,0.85,0.001,1.0,0.5,1000,24,200,792,500,24.0,False,600.0,20000,20000.0,3571,3582,0.5966022651565623,0.996929089893914,3571,14,620,114050,21013,156782,246366
S3,chronic,21,76x79,0,6.0,15.0,1.08,0.85,0.001,1.0,0.5,1000,48,200,396,500,24.0,False,600.0,20000,20000.0,3751,3751,0.6247501665556295,1.0,3751,17,616,67515,17915,103013,148787
S3,chronic,29,76x79,0,6.0,15.0,1.08,0.85,0.001,1.0,0.5,1000,12,200,1584,500,24.0,False,1056.0,20000,20000.0,3444,3455,0.5754497001998667,0.9968162083936324,3444,15,628,149722,21122,196710,324178
S3,chronic,33,76x79,0,6.0,15.0,1.08,0.85,0.001,1.0,0.5,1000,12,200,1584,500,24.0,False,648.0,20000,20000.0,3412,3420,0.569620253164557,0.9976608187134502,3412,19,700,153932,22151,195479,323228
S3,chronic,31,76x79,0,6.0,15.0,1.08,0.85,0.001,1.0,0.5,1000,12,200,1584,500,24.0,False,648.0,20000,20000.0,3422,3427,0.570786142571619,0.9985409979573971,3422,17,716,153287,21991,194816,322631
S3,chronic,34,76x79,0,6.0,15.0,1.08,0.85,0.001,1.0,0.5,1000,12,200,1584,500,24.0,False,792.0,20000,20000.0,3423,3427,0.570786142571619,0.9988327983659178,3423,16,664,153431,21430,196175,323841
S3,chronic,32,76x79,0,6.0,15.0,1.08,0.85,0.001,1.0,0.5,1000,12,200,1584,500,24.0,False,840.0,20000,20000.0,3439,3447,0.5741172551632245,0.9976791412822744,3439,23,705,152146,21358,195196,322760
S3,chronic,35,76x79,0,6.0,15.0,1.08,0.85,0.001,1.0,0.5,1000,24,200,792,500,24.0,False,768.0,20000,20000.0,3571,3576,0.5956029313790806,0.9986017897091722,3571,17,667,115635,22468,160502,250170
S3,chronic,28,76x79,0,6.0,15.0,1.08,0.85,0.001,1.0,0.5,1000,24,200,792,500,24.0,False,840.0,20000,20000.0,3620,3627,0.6040972684876749,0.9980700303280948,3620,19,719,114828,21746,158072,247865
S3,chronic,30,76x79,0,6.0,15.0,1.08,0.85,0.001,1.0,0.5,1000,24,200,792,500,24.0,False,528.0,20000,20000.0,3601,3606,0.600599600266489,0.9986134220743206,3601,16,631,115403,21104,153485,243212
S3,chronic,37,76x79,0,6.0,15.0,1.08,0.85,0.001,1.0,0.5,1000,24,200,792,500,24.0,False,624.0,20000,20000.0,3572,3584,0.5969353764157228,0.9966517857142857,3572,21,667,115628,21156,157836,247778
S3,chronic,41,76x79,0,6.0,15.0,1.08,0.85,0.001,1.0,0.5,1000,24,200,792,500,24.0,False,744.0,20000,20000.0,3598,3610,0.6012658227848101,0.9966759002770084,3597,23,686,115901,21541,158249,247987
S3,chronic,43,76x79,0,6.0,15.0,1.08,0.85,0.001,1.0,0.5,1000,24,200,792,500,24.0,False,576.0,20000,20000.0,3572,3579,0.5961025982678214,0.9980441464096116,3571,10,673,115766,21213,153951,243825
S3,chronic,38,76x79,0,6.0,15.0,1.08,0.85,0.001,1.0,0.5,1000,24,200,792,500,24.0,False,600.0,20000,20000.0,3575,3588,0.597601598934044,0.9963768115942029,3575,18,628,115240,21511,156075,245962
S3,chronic,42,76x79,0,6.0,15.0,1.08,0.85,0.001,1.0,0.5,1000,48,200,396,500,24.0,False,816.0,20000,20000.0,3762,3762,0.6265822784810127,1.0,3762,26,564,66756,17337,107476,153116
S3,chronic,40,76x79,0,6.0,15.0,1.08,0.85,0.001,1.0,0.5,1000,48,200,396,500,24.0,False,624.0,20000,20000.0,3730,3730,0.6212524983344437,1.0,3730,18,657,67963,18449,105850,151536
S3,chronic,36,76x79,0,6.0,15.0,1.08,0.85,0.001,1.0,0.5,1000,48,200,396,500,24.0,False,624.0,20000,20000.0,3772,3772,0.6282478347768155,1.0,3772,19,637,67499,18287,105948,151661
S3,chronic,39,76x79,0,6.0,15.0,1.08,0.85,0.001,1.0,0.5,1000,48,200,396,500,24.0,False,576.0,20000,20000.0,3740,3740,0.6229180546302465,1.0,3740,14,595,66743,17241,103382,148880
S3,chronic,50,76x79,0,6.0,15.0,1.08,0.85,0.001,1.0,0.5,1000,12,200,1584,500,24.0,False,600.0,20000,20000.0,3425,3430,0.5712858094603598,0.9985422740524781,3425,17,762,152469,21682,194605,322314
S3,chronic,46,76x79,0,6.0,15.0,1.08,0.85,0.001,1.0,0.5,1000,12,200,1584,500,24.0,False,624.0,20000,20000.0,3454,3458,0.5759493670886076,0.9988432620011567,3454,15,711,153170,21212,192657,320660
S3,chronic,51,76x79,0,6.0,15.0,1.08,0.85,0.001,1.0,0.5,1000,12,200,1584,500,24.0,False,576.0,20000,20000.0,3419,3425,0.5704530313124584,0.9982481751824818,3419,16,746,152629,21224,190185,318183
S3,chronic,47,76x79,0,6.0,15.0,1.08,0.85,0.001,1.0,0.5,1000,12,200,1584,500,24.0,False,792.0,20000,20000.0,3447,3452,0.5749500333111259,0.9985515643105446,3447,23,633,152324,21797,195346,322739
S3,chronic,49,76x79,0,6.0,15.0,1.08,0.85,0.001,1.0,0.5,1000,24,200,792,500,24.0,False,1176.0,20000,20000.0,3601,3610,0.6012658227848101,0.9975069252077562,3601,19,795,114679,23422,167476,256788
S3,chronic,44,76x79,0,6.0,15.0,1.08,0.85,0.001,1.0,0.5,1000,24,200,792,500,24.0,False,600.0,20000,20000.0,3599,3611,0.6014323784143905,0.9966768208252562,3599,13,656,116148,21998,157755,247430
S3,chronic,45,76x79,0,6.0,15.0,1.08,0.85,0.001,1.0,0.5,1000,48,200,396,500,24.0,False,792.0,20000,20000.0,3752,3752,0.6249167221852099,1.0,3752,28,708,69229,19844,112627,158221
S3,chronic,48,76x79,0,6.0,15.0,1.08,0.85,0.001,1.0,0.5,1000,48,200,396,500,24.0,False,552.0,20000,20000.0,3725,3725,0.6204197201865423,1.0,3725,15,692,68888,18178,103747,149525
S3,chronic,57,76x79,0,6.0,15.0,1.08,0.85,0.001,1.0,0.5,1000,12,200,1584,500,24.0,False,768.0,20000,20000.0,3424,3431,0.57145236508994,0.9979597784902361,3424,23,679,150835,20904,193331,320833
S3,chronic,54,76x79,0,6.0,15.0,1.08,0.85,0.001,1.0,0.5,1000,24,200,792,500,24.0,False,600.0,20000,20000.0,3602,3609,0.6010992671552299,0.9980604045441951,3602,13,632,115067,20752,153369,242840
S3,chronic,55,76x79,0,6.0,15.0,1.08,0.85,0.001,1.0,0.5,1000,24,200,792,500,24.0,False,720.0,20000,20000.0,3605,3609,0.6010992671552299,0.9988916597395401,3605,16,724,115469,22303,157826,247864
S3,chronic,52,76x79,0,6.0,15.0,1.08,0.85,0.001,1.0,0.5,1000,24,200,792,500,24.0,False,528.0,20000,20000.0,3615,3619,0.6027648234510327,0.9988947222989776,3615,14,651,114504,20435,151678,241546
S3,chronic,59,76x79,0,6.0,15.0,1.08,0.85,0.001,1.0,0.5,1000,48,200,396,500,24.0,False,552.0,20000,20000.0,3745,3745,0.6237508327781479,1.0,3745,18,699,69146,19784,107478,153333
S3,chronic,56,76x79,0,6.0,15.0,1.08,0.85,0.001,1.0,0.5,1000,48,200,396,500,24.0,False,816.0,20000,20000.0,3728,3728,0.6209193870752832,1.0,3728,22,653,68809,18714,108076,153759
S3,chronic,53,76x79,0,6.0,15.0,1.08,0.85,0.001,1.0,0.5,1000,48,200,396,500,24.0,False,792.0,20000,20000.0,3782,3782,0.6299133910726182,1.0,3782,19,686,68003,18503,107849,153610
S3,chronic,58,76x79,0,6.0,15.0,1.08,0.85,0.001,1.0,0.5,1000,48,200,396,500,24.0,False,720.0,20000,20000.0,3731,3731,0.621419053964024,1.0,3731,24,618,66808,18134,106399,152091
S3,chronic,66,76x79,0,6.0,15.0,1.08,0.85,0.001,1.0,0.5,1000,12,200,1584,500,24.0,False,912.0,20000,20000.0,3426,3436,0.5722851432378414,0.9970896391152503,3426,21,674,152394,21916,197443,324879
S3,chronic,63,76x79,0,6.0,15.0,1.08,0.85,0.001,1.0,0.5,1000,12,200,1584,500,24.0,False,816.0,20000,20000.0,3424,3432,0.5716189207195204,0.9976689976689976,3424,19,649,151479,21295,195184,322878
S3,chronic,67,76x79,0,6.0,15.0,1.08,0.85,0.001,1.0,0.5,1000,12,200,1584,500,24.0,False,696.0,20000,20000.0,3419,3427,0.570786142571619,0.9976655967318354,3419,14,725,153946,22574,196233,324033
S3,chronic,60,76x79,0,6.0,15.0,1.08,0.85,0.001,1.0,0.5,1000,24,200,792,500,24.0,False,696.0,20000,20000.0,3623,3633,0.6050966022651566,0.9972474538948527,3623,17,634,115429,22031,158036,247932
S3,chronic,62,76x79,0,6.0,15.0,1.08,0.85,0.001,1.0,0.5,1000,48,200,396,500,24.0,False,1032.0,20000,20000.0,3734,3734,0.6219187208527648,1.0,3734,19,651,67071,18389,112396,157953
S3,chronic,64,76x79,0,6.0,15.0,1.08,0.85,0.001,1.0,0.5,1000,48,200,396,500,24.0,False,792.0,20000,20000.0,3749,3749,0.6244170552964691,1.0,3749,22,554,66055,16867,105908,151440
S3,chronic,61,76x79,0,6.0,15.0,1.08,0.85,0.001,1.0,0.5,1000,48,200,396,500,24.0,False,720.0,20000,20000.0,3738,3738,0.6225849433710859,1.0,3738,19,766,69346,19900,110329,156197
S3,chronic,65,76x79,0,6.0,15.0,1.08,0.85,0.001,1.0,0.5,1000,48,200,396,500,24.0,False,1056.0,20000,20000.0,3733,3733,0.6217521652231845,1.0,3733,24,679,66322,18212,112148,157587
S3,chronic,68,76x79,0,6.0,15.0,1.08,0.85,0.001,1.0,0.5,1000,12,200,1584,500,24.0,False,960.0,20000,20000.0,3420,3431,0.57145236508994,0.9967939376275139,3420,25,654,151402,20824,196801,324440
S3,chronic,69,76x79,0,6.0,15.0,1.08,0.85,0.001,1.0,0.5,1000,12,200,1584,500,24.0,False,552.0,20000,20000.0,3445,3451,0.5747834776815456,0.9982613735149232,3445,12,644,152394,21992,191398,319167
S3,chronic,70,76x79,0,6.0,15.0,1.08,0.85,0.001,1.0,0.5,1000,24,200,792,500,24.0,False,864.0,20000,20000.0,3584,3594,0.5986009327115257,0.9972175848636616,3584,19,677,113908,20916,159014,248529
S3,chronic,73,76x79,0,6.0,15.0,1.08,0.85,0.001,1.0,0.5,1000,12,200,1584,500,24.0,False,912.0,20000,20000.0,3427,3435,0.5721185876082612,0.9976710334788937,3427,24,640,151029,20962,195799,322969
S3,chronic,72,76x79,0,6.0,15.0,1.08,0.85,0.001,1.0,0.5,1000,24,200,792,500,24.0,False,960.0,20000,20000.0,3608,3616,0.6022651565622918,0.9977876106194691,3608,14,725,115005,21786,162813,252498
S3,chronic,75,76x79,0,6.0,15.0,1.08,0.85,0.001,1.0,0.5,1000,24,200,792,500,24.0,False,648.0,20000,20000.0,3586,3600,0.5996002664890073,0.9961111111111111,3585,21,641,116496,22440,160446,250213
S3,chronic,71,76x79,0,6.0,15.0,1.08,0.85,0.001,1.0,0.5,1000,48,200,396,500,24.0,False,912.0,20000,20000.0,3743,3743,0.6234177215189873,1.0,3743,10,627,68485,19835,114014,159454
S3,chronic,74,76x79,0,6.0,15.0,1.08,0.85,0.001,1.0,0.5,1000,48,200,396,500,24.0,False,600.0,20000,20000.0,3739,3739,0.6227514990006662,1.0,3739,14,757,69099,19438,107173,153031
S3,chronic,81,76x79,0,6.0,15.0,1.08,0.85,0.001,1.0,0.5,1000,12,200,1584,500,24.0,False,888.0,20000,20000.0,3441,3444,0.5736175882744837,0.9991289198606271,3441,20,645,152173,21143,195446,323355
S3,chronic,80,76x79,0,6.0,15.0,1.08,0.85,0.001,1.0,0.5,1000,12,200,1584,500,24.0,False,624.0,20000,20000.0,3427,3431,0.57145236508994,0.9988341591372778,3427,16,671,152447,21404,193046,320829
S3,chronic,79,76x79,0,6.0,15.0,1.08,0.85,0.001,1.0,0.5,1000,12,200,1584,500,24.0,False,1080.0,20000,20000.0,3421,3429,0.5711192538307794,0.9976669582968796,3421,19,718,151516,21560,200546,327383
S3,chronic,83,76x79,0,6.0,15.0,1.08,0.85,0.001,1.0,0.5,1000,12,200,1584,500,24.0,False,672.0,20000,20000.0,3413,3420,0.569620253164557,0.997953216374269,3413,20,657,152398,21655,192906,320755
S3,chronic,82,76x79,0,6.0,15.0,1.08,0.85,0.001,1.0,0.5,1000,24,200,792,500,24.0,False,1176.0,20000,20000.0,3583,3596,0.5989340439706862,0.996384872080089,3582,27,684,111294,20238,161303,249832
S3,chronic,78,76x79,0,6.0,15.0,1.08,0.85,0.001,1.0,0.5,1000,12,200,1584,500,24.0,False,552.0,20000,20000.0,3407,3415,0.5687874750166556,0.9976573938506589,3407,19,639,151693,20420,190140,318037
S3,chronic,76,76x79,0,6.0,15.0,1.08,0.85,0.001,1.0,0.5,1000,24,200,792,500,24.0,False,528.0,20000,20000.0,3602,3608,0.6009327115256495,0.9983370288248337,3602,18,609,114642,20237,151826,241587
S3,chronic,77,76x79,0,6.0,15.0,1.08,0.85,0.001,1.0,0.5,1000,48,200,396,500,24.0,False,624.0,20000,20000.0,3725,3725,0.6204197201865423,1.0,3725,20,701,68211,19059,109044,154648
S3,chronic,91,76x79,0,6.0,15.0,1.08,0.85,0.001,1.0,0.5,1000,12,200,1584,500,24.0,False,888.0,20000,20000.0,3442,3450,0.5746169220519654,0.9976811594202899,3442,14,625,152212,21240,195531,323327
S3,chronic,88,76x79,0,6.0,15.0,1.08,0.85,0.001,1.0,0.5,1000,12,200,1584,500,24.0,False,528.0,20000,20000.0,3412,3417,0.5691205862758161,0.9985367281240854,3412,14,649,152401,20900,193133,320742
S3,chronic,86,76x79,0,6.0,15.0,1.08,0.85,0.001,1.0,0.5,1000,12,200,1584,500,24.0,False,984.0,20000,20000.0,3423,3430,0.5712858094603598,0.9979591836734694,3423,17,551,149802,19588,194605,321861
S3,chronic,90,76x79,0,6.0,15.0,1.08,0.85,0.001,1.0,0.5,1000,12,200,1584,500,24.0,False,576.0,20000,20000.0,3404,3413,0.568454363757495,0.9973630237327864,3404,18,701,153747,21377,192007,319665
S3,chronic,89,76x79,0,6.0,15.0,1.08,0.85,0.001,1.0,0.5,1000,48,200,396,500,24.0,False,888.0,20000,20000.0,3739,3739,0.6227514990006662,1.0,3739,18,816,68605,20419,118872,164338
S3,chronic,84,76x79,0,6.0,15.0,1.08,0.85,0.001,1.0,0.5,1000,48,200,396,500,24.0,False,720.0,20000,20000.0,3733,3733,0.6217521652231845,1.0,3733,16,598,68143,18505,107113,152815
S3,chronic,85,76x79,0,6.0,15.0,1.08,0.85,0.001,1.0,0.5,1000,48,200,396,500,24.0,False,600.0,20000,20000.0,3760,3760,0.6262491672218521,1.0,3760,23,607,68168,18659,106159,151889
S3,chronic,87,76x79,0,6.0,15.0,1.08,0.85,0.001,1.0,0.5,1000,48,200,396,500,24.0,False,744.0,20000,20000.0,3727,3727,0.6207528314457028,1.0,3727,19,673,69836,20182,111500,157076
S3,chronic,92,76x79,0,6.0,15.0,1.08,0.85,0.001,1.0,0.5,1000,12,200,1584,500,24.0,False,912.0,20000,20000.0,3444,3447,0.5741172551632245,0.999129677980853,3444,17,621,151118,20960,194764,322138
S3,chronic,99,76x79,0,6.0,15.0,1.08,0.85,0.001,1.0,0.5,1000,12,200,1584,500,24.0,False,792.0,20000,20000.0,3437,3441,0.5731179213857428,0.998837547224644,3437,20,687,151768,21331,193195,321204
S3,chronic,94,76x79,0,6.0,15.0,1.08,0.85,0.001,1.0,0.5,1000,12,200,1584,500,24.0,False,648.0,20000,20000.0,3423,3430,0.5712858094603598,0.9979591836734694,3423,22,618,150828,20013,190689,318249
S3,chronic,95,76x79,0,6.0,15.0,1.08,0.85,0.001,1.0,0.5,1000,24,200,792,500,24.0,False,696.0,20000,20000.0,3606,3614,0.6019320453031313,0.9977863862755949,3606,22,744,114294,21929,157188,247251
S3,chronic,97,76x79,0,6.0,15.0,1.08,0.85,0.001,1.0,0.5,1000,24,200,792,500,24.0,False,672.0,20000,20000.0,3582,3591,0.5981012658227848,0.9974937343358395,3582,10,711,116035,22191,157902,247677
S3,chronic,96,76x79,0,6.0,15.0,1.08,0.85,0.001,1.0,0.5,1000,24,200,792,500,24.0,False,552.0,20000,20000.0,3569,3579,0.5961025982678214,0.9972059234423023,3569,11,623,116992,22099,158053,247900
S3,chronic,93,76x79,0,6.0,15.0,1.08,0.85,0.001,1.0,0.5,1000,48,200,396,500,24.0,False,648.0,20000,20000.0,3744,3744,0.6235842771485676,1.0,3744,13,656,67891,18043,105655,151443
S3,chronic,98,76x79,0,6.0,15.0,1.08,0.85,0.001,1.0,0.5,1000,48,200,396,500,24.0,False,672.0,20000,20000.0,3747,3747,0.6240839440373085,1.0,3747,18,693,69089,19262,109022,154796
