run_id,scenario,seed,tau_d,cyc_h,Twake,sigma,pRevert,revStore,oxyRev,wound_start_h,wound_freq_h,wound_size,wounds_inflicted,stop_threshold,check_every_h,wounding_stops_on_threshold,clone_established_at_h,target_hours,elapsed_h,final_clone_size,final_cells_total,final_density,final_clone_frac,final_burden,rev_total,rev_lost,rev_oxy_death,shed_total,div_total
14,bounded,14,6.0,15.0,1.08,0.85,0.001,0.2,1.0,1000,48,200,188,500,24.0,True,9984.0,20000,20000.0,156,3253,0.5418054630246503,0.047955733169382106,221,412,12021,0,652698,675408
7,bounded,7,6.0,15.0,1.08,0.85,0.001,0.2,1.0,1000,48,200,77,500,24.0,True,4656.0,20000,20000.0,26,3274,0.5453031312458361,0.00794135613927917,70,398,13612,0,692425,708784
12,bounded,12,6.0,15.0,1.08,0.85,0.001,0.2,1.0,1000,24,200,78,500,24.0,True,2856.0,20000,20000.0,6,3260,0.5429713524317122,0.0018404907975460123,80,389,12972,0,647345,662391
15,bounded,15,6.0,15.0,1.08,0.85,0.001,0.2,1.0,1000,48,200,53,500,24.0,True,3528.0,20000,20000.0,53,3352,0.558294470353098,0.01581145584725537,92,399,16652,0,695910,713735
8,bounded,8,6.0,15.0,1.08,0.85,0.001,0.2,1.0,1000,24,200,101,500,24.0,True,3408.0,20000,20000.0,39,3317,0.5524650233177881,0.01175761230027133,121,403,11620,0,667319,682442
4,bounded,4,6.0,15.0,1.08,0.85,0.001,0.2,1.0,1000,24,200,55,500,24.0,True,2304.0,20000,20000.0,488,3201,0.5331445702864757,0.15245235863792564,554,400,16144,0,780397,797109
13,bounded,13,6.0,15.0,1.08,0.85,0.001,0.2,1.0,1000,24,200,72,500,24.0,True,2712.0,20000,20000.0,146,3196,0.5323117921385743,0.045682102628285357,239,410,16641,0,729959,748265
5,bounded,5,6.0,15.0,1.08,0.85,0.001,0.2,1.0,1000,12,200,139,500,24.0,True,2664.0,20000,20000.0,3,3284,0.5469686875416389,0.0009135200974421437,31,397,14831,0,693598,713153
6,bounded,6,6.0,15.0,1.08,0.85,0.001,0.2,1.0,1000,24,200,55,500,24.0,True,2304.0,20000,20000.0,31,3344,0.5569620253164557,0.009270334928229665,48,401,11552,0,701394,713646
10,bounded,10,6.0,15.0,1.08,0.85,0.001,0.2,1.0,1000,24,200,54,500,24.0,True,2280.0,20000,20000.0,82,3191,0.5314790139906729,0.02569727358194923,234,437,13098,0,676434,689977
1,bounded,1,6.0,15.0,1.08,0.85,0.001,0.2,1.0,1000,48,200,22,500,24.0,True,2040.0,20000,20000.0,1007,3229,0.5378081279147235,0.31186125735521836,1040,367,18062,0,950295,967163
2,bounded,2,6.0,15.0,1.08,0.85,0.001,0.2,1.0,1000,12,200,111,500,24.0,True,2328.0,20000,20000.0,129,3273,0.5451365756162558,0.03941338221814849,298,402,17506,0,889194,910015
0,bounded,0,6.0,15.0,1.08,0.85,0.001,0.2,1.0,1000,24,200,140,500,24.0,True,4344.0,20000,20000.0,341,3281,0.546469020652898,0.10393172813166718,412,360,16696,0,921100,943669
9,bounded,9,6.0,15.0,1.08,0.85,0.001,0.2,1.0,1000,12,200,181,500,24.0,True,3168.0,20000,20000.0,998,3253,0.5418054630246503,0.3067937288656625,1034,297,17937,0,1179415,1204002
11,bounded,11,6.0,15.0,1.08,0.85,0.001,0.2,1.0,1000,12,200,83,500,24.0,True,1992.0,20000,20000.0,393,3259,0.5428047968021319,0.1205891377723228,702,325,17910,0,1013007,1032368
3,bounded,3,6.0,15.0,1.08,0.85,0.001,0.2,1.0,1000,24,200,52,500,24.0,True,2232.0,20000,20000.0,1521,3167,0.5274816788807462,0.480265235238396,1582,260,17296,0,1342870,1360565
26,bounded,26,6.0,15.0,1.08,0.85,0.001,0.2,1.0,1000,24,200,107,500,24.0,True,3552.0,20000,20000.0,7,3345,0.557128580946036,0.0020926756352765323,42,439,11991,0,583258,599347
28,bounded,28,6.0,15.0,1.08,0.85,0.001,0.2,1.0,1000,48,200,337,500,24.0,True,17160.0,20000,20000.0,229,3227,0.537475016655563,0.07096374341493647,318,435,14903,0,586602,622972
17,bounded,17,6.0,15.0,1.08,0.85,0.001,0.2,1.0,1000,48,200,137,500,24.0,True,7536.0,20000,20000.0,3,3415,0.5687874750166556,0.0008784773060029283,5,399,11719,0,586937,605903
20,bounded,20,6.0,15.0,1.08,0.85,0.001,0.2,1.0,1000,24,200,72,500,24.0,True,2712.0,20000,20000.0,14,3303,0.5501332445036642,0.004238570996064184,80,382,15283,0,690082,707089
21,bounded,21,6.0,15.0,1.08,0.85,0.001,0.2,1.0,1000,48,200,49,500,24.0,True,3312.0,20000,20000.0,55,3235,0.5388074616922052,0.017001545595054096,129,414,10462,0,612705,623828
16,bounded,16,6.0,15.0,1.08,0.85,0.001,0.2,1.0,1000,12,200,105,500,24.0,True,2256.0,20000,20000.0,195,3270,0.544636908727515,0.05963302752293578,311,359,15689,0,756856,775187
23,bounded,23,6.0,15.0,1.08,0.85,0.001,0.2,1.0,1000,12,200,75,500,24.0,True,1896.0,20000,20000.0,168,3255,0.5421385742838108,0.05161290322580645,310,369,13734,0,692765,707725
18,bounded,18,6.0,15.0,1.08,0.85,0.001,0.2,1.0,1000,48,200,76,500,24.0,True,4632.0,20000,20000.0,54,3389,0.5644570286475683,0.015933903806432576,232,332,16180,0,793526,812607
27,bounded,27,6.0,15.0,1.08,0.85,0.001,0.2,1.0,1000,48,200,41,500,24.0,True,2928.0,20000,20000.0,3,3247,0.5408061292471685,0.0009239297813366184,14,387,13257,0,704537,717925
30,bounded,30,6.0,15.0,1.08,0.85,0.001,0.2,1.0,1000,12,200,117,500,24.0,True,2400.0,20000,20000.0,19,3297,0.5491339107261826,0.005762814680012132,111,403,16306,0,730982,750787
29,bounded,29,6.0,15.0,1.08,0.85,0.001,0.2,1.0,1000,12,200,105,500,24.0,True,2256.0,20000,20000.0,667,3144,0.5236508994003998,0.2121501272264631,755,447,14309,0,693565,710383
31,bounded,31,6.0,15.0,1.08,0.85,0.001,0.2,1.0,1000,12,200,57,500,24.0,True,1680.0,20000,20000.0,554,3170,0.527981345769487,0.1747634069400631,620,339,18633,0,1027645,1046378
22,bounded,22,6.0,15.0,1.08,0.85,0.001,0.2,1.0,1000,48,200,62,500,24.0,True,3936.0,20000,20000.0,4,3192,0.5316455696202531,0.0012531328320802004,38,384,15441,0,828361,845376
24,bounded,24,6.0,15.0,1.08,0.85,0.001,0.2,1.0,1000,48,200,99,500,24.0,True,5736.0,20000,20000.0,551,3209,0.534477015323118,0.1717045808663135,621,365,15973,0,868852,889072
19,bounded,19,6.0,15.0,1.08,0.85,0.001,0.2,1.0,1000,12,200,195,500,24.0,True,3336.0,20000,20000.0,116,3329,0.5544636908727515,0.03484529888855512,297,351,17757,0,865862,891569
25,bounded,25,6.0,15.0,1.08,0.85,0.001,0.2,1.0,1000,48,200,42,500,24.0,True,3000.0,20000,20000.0,2165,3092,0.5149900066622252,0.7001940491591203,2203,240,17807,0,1453779,1471679
32,bounded,32,6.0,15.0,1.08,0.85,0.001,0.2,1.0,1000,48,200,37,500,24.0,True,2736.0,20000,20000.0,35,3262,0.5433044636908727,0.01072961373390558,187,428,7982,0,554651,562537
35,bounded,35,6.0,15.0,1.08,0.85,0.001,0.2,1.0,1000,24,200,133,500,24.0,True,4176.0,20000,20000.0,37,3347,0.5574616922051966,0.011054675829100687,88,380,13240,0,621204,640207
42,bounded,42,6.0,15.0,1.08,0.85,0.001,0.2,1.0,1000,48,200,21,500,24.0,True,1968.0,20000,20000.0,2,3291,0.5481345769487008,0.0006077180188392585,17,434,10960,0,594703,604462
38,bounded,38,6.0,15.0,1.08,0.85,0.001,0.2,1.0,1000,24,200,42,500,24.0,True,1992.0,20000,20000.0,3,3289,0.5478014656895404,0.0009121313469139556,34,413,13373,0,668444,681653
43,bounded,43,6.0,15.0,1.08,0.85,0.001,0.2,1.0,1000,48,200,203,500,24.0,True,10728.0,20000,20000.0,787,3179,0.5294803464357095,0.24756212645486003,828,338,13583,0,770488,795813
40,bounded,40,6.0,15.0,1.08,0.85,0.001,0.2,1.0,1000,12,200,107,500,24.0,True,2280.0,20000,20000.0,32,3292,0.5483011325782812,0.009720534629404616,126,413,13360,0,652281,668793
37,bounded,37,6.0,15.0,1.08,0.85,0.001,0.2,1.0,1000,12,200,187,500,24.0,True,3240.0,20000,20000.0,230,3328,0.5542971352431713,0.06911057692307693,377,367,18219,0,851783,877501
47,bounded,47,6.0,15.0,1.08,0.85,0.001,0.2,1.0,1000,48,200,133,500,24.0,True,7368.0,20000,20000.0,1071,3171,0.5281479013990673,0.33774834437086093,1135,354,14424,0,892305,913390
36,bounded,36,6.0,15.0,1.08,0.85,0.001,0.2,1.0,1000,24,200,153,500,24.0,True,4656.0,20000,20000.0,192,3207,0.5341439040639574,0.05986903648269411,243,392,17059,0,781893,805576
33,bounded,33,6.0,15.0,1.08,0.85,0.001,0.2,1.0,1000,12,200,63,500,24.0,True,1752.0,20000,20000.0,12,3408,0.5676215856095936,0.0035211267605633804,120,351,18068,0,908070,926956
45,bounded,45,6.0,15.0,1.08,0.85,0.001,0.2,1.0,1000,12,200,169,500,24.0,True,3024.0,20000,20000.0,466,3242,0.5399733510992671,0.14373843306600864,515,352,18318,0,969150,993859
34,bounded,34,6.0,15.0,1.08,0.85,0.001,0.2,1.0,1000,12,200,199,500,24.0,True,3384.0,20000,20000.0,1087,3167,0.5274816788807462,0.3432270287338175,1150,305,17270,0,1079878,1105078
41,bounded,41,6.0,15.0,1.08,0.85,0.001,0.2,1.0,1000,48,200,90,500,24.0,True,5304.0,20000,20000.0,622,3189,0.5311459027315123,0.19504546879899656,652,352,16502,0,1010395,1030497
44,bounded,44,6.0,15.0,1.08,0.85,0.001,0.2,1.0,1000,24,200,147,500,24.0,True,4512.0,20000,20000.0,1044,3158,0.5259826782145236,0.3305889803673211,1080,274,17753,0,1148698,1172665
46,bounded,46,6.0,15.0,1.08,0.85,0.001,0.2,1.0,1000,12,200,215,500,24.0,True,3576.0,20000,20000.0,501,3267,0.5441372418387741,0.15335169880624427,531,349,18204,0,918070,945262
39,bounded,39,6.0,15.0,1.08,0.85,0.001,0.2,1.0,1000,24,200,75,500,24.0,True,2784.0,20000,20000.0,1412,3116,0.5189873417721519,0.45314505776636715,1442,338,18016,0,1065903,1085713
55,bounded,55,6.0,15.0,1.08,0.85,0.001,0.2,1.0,1000,12,200,135,500,24.0,True,2616.0,20000,20000.0,33,3325,0.5537974683544303,0.009924812030075189,95,399,12345,0,644677,661196
51,bounded,51,6.0,15.0,1.08,0.85,0.001,0.2,1.0,1000,24,200,156,500,24.0,True,4728.0,20000,20000.0,260,3230,0.5379746835443038,0.0804953560371517,373,398,15685,0,670599,693151
49,bounded,49,6.0,15.0,1.08,0.85,0.001,0.2,1.0,1000,48,200,266,500,24.0,True,13728.0,20000,20000.0,70,3323,0.5534643570952699,0.021065302437556426,144,413,14418,0,630682,661473
54,bounded,54,6.0,15.0,1.08,0.85,0.001,0.2,1.0,1000,24,200,78,500,24.0,True,2856.0,20000,20000.0,30,3337,0.5557961359093937,0.008990110878034162,121,413,15781,0,716251,734275
48,bounded,48,6.0,15.0,1.08,0.85,0.001,0.2,1.0,1000,12,200,81,500,24.0,True,1968.0,20000,20000.0,637,3199,0.5328114590273151,0.19912472647702406,745,405,18499,0,836071,856202
58,bounded,58,6.0,15.0,1.08,0.85,0.001,0.2,1.0,1000,12,200,91,500,24.0,True,2088.0,20000,20000.0,6,3257,0.5424716855429713,0.00184218606079214,68,404,12700,0,617956,632432
63,bounded,63,6.0,15.0,1.08,0.85,0.001,0.2,1.0,1000,48,200,47,500,24.0,True,3240.0,20000,20000.0,2,3348,0.5576282478347768,0.0005973715651135006,8,366,13245,0,740827,754780
53,bounded,53,6.0,15.0,1.08,0.85,0.001,0.2,1.0,1000,48,200,195,500,24.0,True,10344.0,20000,20000.0,126,3274,0.5453031312458361,0.038485033598045205,260,412,14767,0,745291,771419
57,bounded,57,6.0,15.0,1.08,0.85,0.001,0.2,1.0,1000,48,200,98,500,24.0,True,5688.0,20000,20000.0,191,3208,0.5343104596935376,0.05953865336658354,383,361,17179,0,764061,785451
60,bounded,60,6.0,15.0,1.08,0.85,0.001,0.2,1.0,1000,24,200,146,500,24.0,True,4488.0,20000,20000.0,15,3269,0.5444703530979347,0.004588559192413582,74,388,13495,0,652825,672561
59,bounded,59,6.0,15.0,1.08,0.85,0.001,0.2,1.0,1000,48,200,99,500,24.0,True,5736.0,20000,20000.0,452,3163,0.5268154563624251,0.14290230793550426,516,367,16280,0,759353,779979
56,bounded,56,6.0,15.0,1.08,0.85,0.001,0.2,1.0,1000,48,200,123,500,24.0,True,6864.0,20000,20000.0,44,3230,0.5379746835443038,0.013622291021671827,127,407,15987,0,724654,746622
62,bounded,62,6.0,15.0,1.08,0.85,0.001,0.2,1.0,1000,48,200,78,500,24.0,True,4728.0,20000,20000.0,1043,3134,0.521985343104597,0.3328015315890236,1107,341,17568,0,1010738,1031082
50,bounded,50,6.0,15.0,1.08,0.85,0.001,0.2,1.0,1000,12,200,31,500,24.0,True,1368.0,20000,20000.0,1514,3130,0.5213191205862758,0.4837060702875399,1583,315,18372,0,1109195,1126141
52,bounded,52,6.0,15.0,1.08,0.85,0.001,0.2,1.0,1000,12,200,147,500,24.0,True,2760.0,20000,20000.0,1103,3094,0.5153231179213857,0.35649644473173886,1159,305,17287,0,1220435,1242715
61,bounded,61,6.0,15.0,1.08,0.85,0.001,0.2,1.0,1000,12,200,155,500,24.0,True,2856.0,20000,20000.0,926,3218,0.5359760159893404,0.2877563704164077,1016,316,18150,0,1077805,1101669
65,bounded,65,6.0,15.0,1.08,0.85,0.001,0.2,1.0,1000,24,200,116,500,24.0,True,3768.0,20000,20000.0,325,3236,0.5389740173217855,0.10043263288009889,567,424,11970,0,612478,628877
78,bounded,78,6.0,15.0,1.08,0.85,0.001,0.2,1.0,1000,48,200,104,500,24.0,True,5976.0,20000,20000.0,117,3185,0.5304796802131913,0.036734693877551024,209,395,14733,0,765626,785065
76,bounded,76,6.0,15.0,1.08,0.85,0.001,0.2,1.0,1000,48,200,98,500,24.0,True,5688.0,20000,20000.0,6,3195,0.532145236508994,0.0018779342723004694,22,408,9498,0,556309,570042
74,bounded,74,6.0,15.0,1.08,0.85,0.001,0.2,1.0,1000,12,200,101,500,24.0,True,2208.0,20000,20000.0,5,3296,0.5489673550966022,0.001516990291262136,50,378,14176,0,781190,797666
77,bounded,77,6.0,15.0,1.08,0.85,0.001,0.2,1.0,1000,24,200,44,500,24.0,True,2040.0,20000,20000.0,9,3373,0.5617921385742838,0.0026682478505781204,53,383,10382,0,636070,646505
79,bounded,79,6.0,15.0,1.08,0.85,0.001,0.2,1.0,1000,12,200,123,500,24.0,True,2472.0,20000,20000.0,204,3191,0.5314790139906729,0.06392980256972736,343,379,16238,0,787907,807587
64,bounded,64,6.0,15.0,1.08,0.85,0.001,0.2,1.0,1000,48,200,93,500,24.0,True,5448.0,20000,20000.0,87,3265,0.5438041305796136,0.02664624808575804,181,390,15325,0,745591,764898
66,bounded,66,6.0,15.0,1.08,0.85,0.001,0.2,1.0,1000,12,200,69,500,24.0,True,1824.0,20000,20000.0,5,3243,0.5401399067288475,0.001541782300339192,45,401,14388,0,732606,747933
68,bounded,68,6.0,15.0,1.08,0.85,0.001,0.2,1.0,1000,12,200,155,500,24.0,True,2856.0,20000,20000.0,18,3367,0.5607928047968022,0.005346005346005346,82,383,10880,0,665710,682661
71,bounded,71,6.0,15.0,1.08,0.85,0.001,0.2,1.0,1000,48,200,55,500,24.0,True,3600.0,20000,20000.0,357,3242,0.5399733510992671,0.11011721159777915,464,375,18090,0,852762,872048
75,bounded,75,6.0,15.0,1.08,0.85,0.001,0.2,1.0,1000,24,200,84,500,24.0,True,3000.0,20000,20000.0,514,3259,0.5428047968021319,0.15771709113224916,600,355,16605,0,806168,825245
69,bounded,69,6.0,15.0,1.08,0.85,0.001,0.2,1.0,1000,24,200,134,500,24.0,True,4200.0,20000,20000.0,653,3199,0.5328114590273151,0.20412628946545797,732,347,18188,0,977833,1001600
67,bounded,67,6.0,15.0,1.08,0.85,0.001,0.2,1.0,1000,12,200,367,500,24.0,True,5400.0,20000,20000.0,180,3235,0.5388074616922052,0.05564142194744977,394,408,14809,0,694421,726676
73,bounded,73,6.0,15.0,1.08,0.85,0.001,0.2,1.0,1000,48,200,135,500,24.0,True,7440.0,20000,20000.0,735,3151,0.5248167888074617,0.23325928276737543,794,399,15818,0,856769,879461
70,bounded,70,6.0,15.0,1.08,0.85,0.001,0.2,1.0,1000,12,200,103,500,24.0,True,2232.0,20000,20000.0,1187,3191,0.5314790139906729,0.37198370416797244,1237,311,18003,0,1208741,1229244
72,bounded,72,6.0,15.0,1.08,0.85,0.001,0.2,1.0,1000,48,200,26,500,24.0,True,2232.0,20000,20000.0,105,3424,0.570286475682878,0.03066588785046729,192,298,16850,0,907700,923880
91,bounded,91,6.0,15.0,1.08,0.85,0.001,0.2,1.0,1000,24,200,86,500,24.0,True,3048.0,20000,20000.0,12,3261,0.5431379080612925,0.0036798528058877645,67,424,11143,0,606176,619877
86,bounded,86,6.0,15.0,1.08,0.85,0.001,0.2,1.0,1000,24,200,116,500,24.0,True,3768.0,20000,20000.0,391,3278,0.5459693537641572,0.11928004881025016,435,383,16649,0,782699,803933
87,bounded,87,6.0,15.0,1.08,0.85,0.001,0.2,1.0,1000,48,200,45,500,24.0,True,3120.0,20000,20000.0,9,3309,0.5511325782811459,0.0027198549410698096,47,416,10033,0,567561,578059
84,bounded,84,6.0,15.0,1.08,0.85,0.001,0.2,1.0,1000,12,200,49,500,24.0,True,1584.0,20000,20000.0,2,3299,0.5494670219853431,0.0006062443164595332,12,387,13162,0,652385,665202
82,bounded,82,6.0,15.0,1.08,0.85,0.001,0.2,1.0,1000,24,200,153,500,24.0,True,4656.0,20000,20000.0,499,3176,0.5289806795469687,0.15711586901763225,570,421,14757,0,656373,677744
80,bounded,80,6.0,15.0,1.08,0.85,0.001,0.2,1.0,1000,12,200,99,500,24.0,True,2184.0,20000,20000.0,204,3325,0.5537974683544303,0.06135338345864662,287,408,14871,0,707447,724341
95,bounded,95,6.0,15.0,1.08,0.85,0.001,0.2,1.0,1000,48,200,74,500,24.0,True,4536.0,20000,20000.0,34,3225,0.5371419053964024,0.010542635658914728,88,412,12053,0,624606,639259
90,bounded,90,6.0,15.0,1.08,0.85,0.001,0.2,1.0,1000,24,200,70,500,24.0,True,2664.0,20000,20000.0,76,3268,0.5443037974683544,0.023255813953488372,180,404,15262,0,760368,777233
94,bounded,94,6.0,15.0,1.08,0.85,0.001,0.2,1.0,1000,12,200,143,500,24.0,True,2712.0,20000,20000.0,96,3331,0.5547968021319121,0.02882017412188532,172,366,16124,0,688217,709187
83,bounded,83,6.0,15.0,1.08,0.85,0.001,0.2,1.0,1000,12,200,55,500,24.0,True,1656.0,20000,20000.0,716,3176,0.5289806795469687,0.22544080604534006,799,339,17992,0,981364,999346
89,bounded,89,6.0,15.0,1.08,0.85,0.001,0.2,1.0,1000,12,200,83,500,24.0,True,1992.0,20000,20000.0,26,3310,0.5512991339107262,0.00785498489425982,100,401,14305,0,685462,701243
85,bounded,85,6.0,15.0,1.08,0.85,0.001,0.2,1.0,1000,12,200,169,500,24.0,True,3024.0,20000,20000.0,421,3267,0.5441372418387741,0.1288644015916743,510,352,18880,0,937368,962604
93,bounded,93,6.0,15.0,1.08,0.85,0.001,0.2,1.0,1000,12,200,119,500,24.0,True,2424.0,20000,20000.0,44,3192,0.5316455696202531,0.013784461152882205,193,372,15539,0,764857,783981
81,bounded,81,6.0,15.0,1.08,0.85,0.001,0.2,1.0,1000,12,200,37,500,24.0,True,1440.0,20000,20000.0,913,3266,0.5439706862091939,0.2795468462951623,943,295,17730,0,1222585,1239291
92,bounded,92,6.0,15.0,1.08,0.85,0.001,0.2,1.0,1000,12,200,143,500,24.0,True,2712.0,20000,20000.0,897,3203,0.5334776815456362,0.28004995316890413,941,347,18263,0,1063041,1086271
88,bounded,88,6.0,15.0,1.08,0.85,0.001,0.2,1.0,1000,24,200,56,500,24.0,True,2328.0,20000,20000.0,10,3315,0.5521319120586275,0.0030165912518853697,62,370,16172,0,915654,932560
96,bounded,96,6.0,15.0,1.08,0.85,0.001,0.2,1.0,1000,24,200,69,500,24.0,True,2640.0,20000,20000.0,118,3305,0.5504663557628248,0.0357034795763994,159,371,14028,0,727857,743318
97,bounded,97,6.0,15.0,1.08,0.85,0.001,0.2,1.0,1000,12,200,93,500,24.0,True,2112.0,20000,20000.0,826,3134,0.521985343104597,0.2635609444798979,906,375,18931,0,947352,968446
99,bounded,99,6.0,15.0,1.08,0.85,0.001,0.2,1.0,1000,12,200,63,500,24.0,True,1752.0,20000,20000.0,110,3348,0.5576282478347768,0.032855436081242535,181,419,8655,0,572153,581378
1000009,chronic,9,6.0,15.0,1.08,0.85,0.001,0.2,1.0,1000,12,200,1584,500,24.0,False,3168.0,20000,20000.0,2328,3037,0.5058294470353097,0.7665459334869937,2318,193,18084,0,1589961,1707420
1000001,chronic,1,6.0,15.0,1.08,0.85,0.001,0.2,1.0,1000,48,200,396,500,24.0,False,2040.0,20000,20000.0,3065,3065,0.5104930046635576,1.0,3010,149,14904,0,1859833,1903941
1000005,chronic,5,6.0,15.0,1.08,0.85,0.001,0.2,1.0,1000,48,200,396,500,24.0,False,3504.0,20000,20000.0,2181,3059,0.509493670886076,0.7129780974174567,2195,237,18271,0,1492937,1538794
98,bounded,98,6.0,15.0,1.08,0.85,0.001,0.2,1.0,1000,24,200,103,500,24.0,True,3456.0,20000,20000.0,1765,3077,0.512491672218521,0.5736106597335067,1817,313,18264,0,1098559,1120309
1000002,chronic,2,6.0,15.0,1.08,0.85,0.001,0.2,1.0,1000,24,200,792,500,24.0,False,4368.0,20000,20000.0,2379,3080,0.5129913391072618,0.7724025974025974,2381,228,18183,0,1618180,1692973
1000003,chronic,3,6.0,15.0,1.08,0.85,0.001,0.2,1.0,1000,12,200,1584,500,24.0,False,1680.0,20000,20000.0,2467,3026,0.5039973351099267,0.8152676801057501,2451,199,18162,0,1687129,1806920
1000008,chronic,8,6.0,15.0,1.08,0.85,0.001,0.2,1.0,1000,48,200,396,500,24.0,False,4704.0,20000,20000.0,1880,3074,0.5119920053297802,0.6115810019518543,1903,292,16436,0,1306034,1349239
1000004,chronic,4,6.0,15.0,1.08,0.85,0.001,0.2,1.0,1000,48,200,396,500,24.0,False,3744.0,20000,20000.0,2100,3138,0.522651565622918,0.6692160611854685,2103,243,18007,0,1451307,1496588
1000011,chronic,11,6.0,15.0,1.08,0.85,0.001,0.2,1.0,1000,48,200,396,500,24.0,False,8784.0,20000,20000.0,1654,3083,0.5134910059960026,0.536490431397989,1676,294,17174,0,1135665,1179398
1000000,chronic,0,6.0,15.0,1.08,0.85,0.001,0.2,1.0,1000,12,200,1584,500,24.0,False,3216.0,20000,20000.0,3023,3023,0.5034976682211859,1.0,2979,145,13737,0,1777992,1893824
1000007,chronic,7,6.0,15.0,1.08,0.85,0.001,0.2,1.0,1000,24,200,792,500,24.0,False,3432.0,20000,20000.0,2284,3083,0.5134910059960026,0.7408368472267273,2322,213,18521,0,1569312,1643321
1000010,chronic,10,6.0,15.0,1.08,0.85,0.001,0.2,1.0,1000,12,200,1584,500,24.0,False,1800.0,20000,20000.0,2889,2999,0.4995003331112592,0.9633211070356785,2851,158,16970,0,1827839,1948302
1000006,chronic,6,6.0,15.0,1.08,0.85,0.001,0.2,1.0,1000,12,200,1584,500,24.0,False,2928.0,20000,20000.0,2409,3013,0.5018321119253831,0.7995353468304016,2440,211,18283,0,1605882,1724284
1000013,chronic,13,6.0,15.0,1.08,0.85,0.001,0.2,1.0,1000,24,200,792,500,24.0,False,2712.0,20000,20000.0,3057,3057,0.5091605596269154,1.0,3030,174,16707,0,1768458,1842966
1000016,chronic,16,6.0,15.0,1.08,0.85,0.001,0.2,1.0,1000,48,200,396,500,24.0,False,3768.0,20000,20000.0,1917,3101,0.5164890073284477,0.618187681393099,1925,238,18056,0,1506653,1552257
1000014,chronic,14,6.0,15.0,1.08,0.85,0.001,0.2,1.0,1000,48,200,396,500,24.0,False,9984.0,20000,20000.0,1442,3117,0.5191538974017322,0.4626243182547321,1514,352,13797,0,976521,1016267
1000012,chronic,12,6.0,15.0,1.08,0.85,0.001,0.2,1.0,1000,24,200,792,500,24.0,False,2856.0,20000,20000.0,3027,3027,0.504163890739507,1.0,2998,179,14364,0,1821619,1893839
1000026,chronic,26,6.0,15.0,1.08,0.85,0.001,0.2,1.0,1000,12,200,1584,500,24.0,False,2040.0,20000,20000.0,2535,3020,0.502998001332445,0.8394039735099338,2569,155,17941,0,1730517,1850910
1000020,chronic,20,6.0,15.0,1.08,0.85,0.001,0.2,1.0,1000,48,200,396,500,24.0,False,3600.0,20000,20000.0,2287,3061,0.5098267821452365,0.747141457040183,2293,212,18212,0,1572301,1618519
1000019,chronic,19,6.0,15.0,1.08,0.85,0.001,0.2,1.0,1000,48,200,396,500,24.0,False,5904.0,20000,20000.0,2385,3039,0.5061625582944703,0.7847976307996052,2375,249,17644,0,1309301,1353981
1000021,chronic,21,6.0,15.0,1.08,0.85,0.001,0.2,1.0,1000,12,200,1584,500,24.0,False,2016.0,20000,20000.0,2967,2995,0.49883411059293803,0.9906510851419031,2922,153,17017,0,1795919,1915671
1000018,chronic,18,6.0,15.0,1.08,0.85,0.001,0.2,1.0,1000,24,200,792,500,24.0,False,2832.0,20000,20000.0,2219,3077,0.512491672218521,0.7211569710757231,2231,170,18522,0,1534067,1607429
1000017,chronic,17,6.0,15.0,1.08,0.85,0.001,0.2,1.0,1000,12,200,1584,500,24.0,False,1944.0,20000,20000.0,2756,3024,0.5036642238507661,0.9113756613756614,2730,147,16444,0,1827672,1947316
1000015,chronic,15,6.0,15.0,1.08,0.85,0.001,0.2,1.0,1000,24,200,792,500,24.0,False,2520.0,20000,20000.0,2075,3125,0.5204863424383744,0.664,2085,193,18690,0,1628788,1703412
1000027,chronic,27,6.0,15.0,1.08,0.85,0.001,0.2,1.0,1000,24,200,792,500,24.0,False,3504.0,20000,20000.0,1841,3113,0.5184876748834111,0.5913909412142627,1856,231,19039,0,1513678,1586747
1000025,chronic,25,6.0,15.0,1.08,0.85,0.001,0.2,1.0,1000,24,200,792,500,24.0,False,3792.0,20000,20000.0,1950,3136,0.5223184543637575,0.6218112244897959,1975,206,18547,0,1586452,1660145
1000022,chronic,22,6.0,15.0,1.08,0.85,0.001,0.2,1.0,1000,48,200,396,500,24.0,False,3936.0,20000,20000.0,2007,3049,0.5078281145902731,0.6582486061003607,2053,242,18638,0,1428095,1473659
1000023,chronic,23,6.0,15.0,1.08,0.85,0.001,0.2,1.0,1000,12,200,1584,500,24.0,False,1896.0,20000,20000.0,2992,2992,0.4983344437041972,1.0,2955,132,13496,0,1892289,2009073
1000024,chronic,24,6.0,15.0,1.08,0.85,0.001,0.2,1.0,1000,12,200,1584,500,24.0,False,2304.0,20000,20000.0,2820,2982,0.4966688874083944,0.9456740442655935,2785,159,17294,0,1706649,1825908
1000034,chronic,34,6.0,15.0,1.08,0.85,0.001,0.2,1.0,1000,48,200,396,500,24.0,False,5640.0,20000,20000.0,2439,3029,0.5044970019986675,0.8052162429844834,2464,252,17244,0,1423115,1468105
1000037,chronic,37,6.0,15.0,1.08,0.85,0.001,0.2,1.0,1000,48,200,396,500,24.0,False,5064.0,20000,20000.0,2202,3058,0.5093271152564957,0.7200784826684107,2212,225,17283,0,1476268,1521440
1000039,chronic,39,6.0,15.0,1.08,0.85,0.001,0.2,1.0,1000,12,200,1584,500,24.0,False,2184.0,20000,20000.0,3015,3015,0.5021652231845436,1.0,2971,142,11598,0,1916640,2031659
1000042,chronic,42,6.0,15.0,1.08,0.85,0.001,0.2,1.0,1000,24,200,792,500,24.0,False,1680.0,20000,20000.0,3089,3089,0.5144903397734844,1.0,3017,90,7355,0,2133540,2202144
1000043,chronic,43,6.0,15.0,1.08,0.85,0.001,0.2,1.0,1000,12,200,1584,500,24.0,False,2808.0,20000,20000.0,2968,2968,0.4943371085942705,1.0,2936,122,10548,0,1900965,2014827
1000036,chronic,36,6.0,15.0,1.08,0.85,0.001,0.2,1.0,1000,48,200,396,500,24.0,False,4104.0,20000,20000.0,1648,3102,0.516655562958028,0.5312701482914249,1679,265,17952,0,1411002,1455994
1000038,chronic,38,6.0,15.0,1.08,0.85,0.001,0.2,1.0,1000,12,200,1584,500,24.0,False,1800.0,20000,20000.0,2992,2992,0.4983344437041972,1.0,2951,118,13175,0,1904692,2020994
1000030,chronic,30,6.0,15.0,1.08,0.85,0.001,0.2,1.0,1000,12,200,1584,500,24.0,False,2400.0,20000,20000.0,3015,3015,0.5021652231845436,1.0,2964,137,11669,0,1809627,1923104
1000035,chronic,35,6.0,15.0,1.08,0.85,0.001,0.2,1.0,1000,12,200,1584,500,24.0,False,3144.0,20000,20000.0,3001,3001,0.4998334443704197,1.0,2960,170,14050,0,1711298,1825681
1000029,chronic,29,6.0,15.0,1.08,0.85,0.001,0.2,1.0,1000,12,200,1584,500,24.0,False,2256.0,20000,20000.0,3047,3047,0.5074950033311126,1.0,2990,149,16630,0,1740293,1858550
1000032,chronic,32,6.0,15.0,1.08,0.85,0.001,0.2,1.0,1000,24,200,792,500,24.0,False,2304.0,20000,20000.0,2981,3081,0.5131578947368421,0.967543005517689,2924,181,16341,0,1762768,1836626
1000031,chronic,31,6.0,15.0,1.08,0.85,0.001,0.2,1.0,1000,12,200,1584,500,24.0,False,1680.0,20000,20000.0,2627,2959,0.49283810792804794,0.8877999324095979,2617,151,17287,0,1828994,1950018
1000040,chronic,40,6.0,15.0,1.08,0.85,0.001,0.2,1.0,1000,12,200,1584,500,24.0,False,2280.0,20000,20000.0,2947,2956,0.49233844103930713,0.9969553450608931,2920,143,16817,0,1812337,1932048
1000041,chronic,41,6.0,15.0,1.08,0.85,0.001,0.2,1.0,1000,48,200,396,500,24.0,False,5304.0,20000,20000.0,1922,3087,0.5141572285143238,0.6226109491415613,1965,269,16854,0,1377060,1421099
1000028,chronic,28,6.0,15.0,1.08,0.85,0.001,0.2,1.0,1000,12,200,1584,500,24.0,False,2352.0,20000,20000.0,2975,2975,0.49550299800133246,1.0,2937,162,15281,0,1734431,1850944
1000033,chronic,33,6.0,15.0,1.08,0.85,0.001,0.2,1.0,1000,12,200,1584,500,24.0,False,1752.0,20000,20000.0,2192,3030,0.5046635576282479,0.7234323432343235,2215,168,18242,0,1698836,1818852
1000049,chronic,49,6.0,15.0,1.08,0.85,0.001,0.2,1.0,1000,12,200,1584,500,24.0,False,2736.0,20000,20000.0,2974,2974,0.4953364423717522,1.0,2953,118,9744,0,1932662,2045607
1000052,chronic,52,6.0,15.0,1.08,0.85,0.001,0.2,1.0,1000,12,200,1584,500,24.0,False,2760.0,20000,20000.0,2780,3004,0.5003331112591606,0.9254327563249002,2768,180,16817,0,1702455,1820421
1000058,chronic,58,6.0,15.0,1.08,0.85,0.001,0.2,1.0,1000,12,200,1584,500,24.0,False,2088.0,20000,20000.0,2813,3015,0.5021652231845436,0.9330016583747927,2782,139,16943,0,1741201,1859728
1000051,chronic,51,6.0,15.0,1.08,0.85,0.001,0.2,1.0,1000,24,200,792,500,24.0,False,4728.0,20000,20000.0,2331,3070,0.511325782811459,0.7592833876221499,2346,219,17444,0,1453970,1525753
1000044,chronic,44,6.0,15.0,1.08,0.85,0.001,0.2,1.0,1000,48,200,396,500,24.0,False,5064.0,20000,20000.0,2015,3079,0.5128247834776816,0.654433257551153,2056,252,17625,0,1404064,1448881
1000056,chronic,56,6.0,15.0,1.08,0.85,0.001,0.2,1.0,1000,24,200,792,500,24.0,False,2424.0,20000,20000.0,2827,3092,0.5149900066622252,0.9142949547218628,2775,189,18175,0,1762649,1838610
1000046,chronic,46,6.0,15.0,1.08,0.85,0.001,0.2,1.0,1000,24,200,792,500,24.0,False,3504.0,20000,20000.0,2506,3061,0.5098267821452365,0.818686703691604,2487,183,18349,0,1636591,1711120
1000054,chronic,54,6.0,15.0,1.08,0.85,0.001,0.2,1.0,1000,12,200,1584,500,24.0,False,1584.0,20000,20000.0,2972,2972,0.4950033311125916,1.0,2921,127,13655,0,1920202,2037953
1000057,chronic,57,6.0,15.0,1.08,0.85,0.001,0.2,1.0,1000,24,200,792,500,24.0,False,1872.0,20000,20000.0,2273,3071,0.5114923384410394,0.7401497883425594,2296,234,19959,0,1598100,1673291
1000059,chronic,59,6.0,15.0,1.08,0.85,0.001,0.2,1.0,1000,24,200,792,500,24.0,False,2520.0,20000,20000.0,3067,3089,0.5144903397734844,0.9928779540304306,2992,217,17717,0,1622647,1695994
1000048,chronic,48,6.0,15.0,1.08,0.85,0.001,0.2,1.0,1000,24,200,792,500,24.0,False,1992.0,20000,20000.0,2615,3119,0.5194870086608927,0.8384097467136903,2566,172,19491,0,1665257,1740897
1000045,chronic,45,6.0,15.0,1.08,0.85,0.001,0.2,1.0,1000,12,200,1584,500,24.0,False,3024.0,20000,20000.0,2094,2981,0.49650233177881414,0.7024488426702449,2135,183,17562,0,1696305,1815908
1000053,chronic,53,6.0,15.0,1.08,0.85,0.001,0.2,1.0,1000,12,200,1584,500,24.0,False,2448.0,20000,20000.0,2070,3032,0.5049966688874084,0.6827176781002638,2116,207,18365,0,1548360,1665837
1000050,chronic,50,6.0,15.0,1.08,0.85,0.001,0.2,1.0,1000,24,200,792,500,24.0,False,1800.0,20000,20000.0,2101,3089,0.5144903397734844,0.6801553900938815,2114,193,18993,0,1597364,1671839
1000047,chronic,47,6.0,15.0,1.08,0.85,0.001,0.2,1.0,1000,48,200,396,500,24.0,False,7368.0,20000,20000.0,1828,3064,0.5103264490339774,0.5966057441253264,1880,312,15769,0,1089044,1131148
1000055,chronic,55,6.0,15.0,1.08,0.85,0.001,0.2,1.0,1000,12,200,1584,500,24.0,False,2616.0,20000,20000.0,2388,3020,0.502998001332445,0.7907284768211921,2369,164,17182,0,1677877,1796413
1000062,chronic,62,6.0,15.0,1.08,0.85,0.001,0.2,1.0,1000,48,200,396,500,24.0,False,4728.0,20000,20000.0,2453,3063,0.510159893404397,0.8008488410055501,2433,209,17891,0,1554374,1600547
1000067,chronic,67,6.0,15.0,1.08,0.85,0.001,0.2,1.0,1000,48,200,396,500,24.0,False,4536.0,20000,20000.0,1723,3108,0.5176548967355097,0.5543758043758044,1803,250,15857,0,1348341,1390982
1000070,chronic,70,6.0,15.0,1.08,0.85,0.001,0.2,1.0,1000,24,200,792,500,24.0,False,2688.0,20000,20000.0,3039,3039,0.5061625582944703,1.0,2997,141,12139,0,1935554,2006595
1000060,chronic,60,6.0,15.0,1.08,0.85,0.001,0.2,1.0,1000,12,200,1584,500,24.0,False,2256.0,20000,20000.0,2192,3100,0.5163224516988674,0.7070967741935484,2184,195,18580,0,1519728,1637607
1000061,chronic,61,6.0,15.0,1.08,0.85,0.001,0.2,1.0,1000,12,200,1584,500,24.0,False,2856.0,20000,20000.0,3021,3021,0.5031645569620253,1.0,2961,167,12295,0,1844765,1959428
1000072,chronic,72,6.0,15.0,1.08,0.85,0.001,0.2,1.0,1000,12,200,1584,500,24.0,False,2280.0,20000,20000.0,3031,3031,0.5048301132578281,1.0,2987,123,16216,0,1875326,1995805
1000069,chronic,69,6.0,15.0,1.08,0.85,0.001,0.2,1.0,1000,24,200,792,500,24.0,False,4200.0,20000,20000.0,3092,3092,0.5149900066622252,1.0,3033,177,13920,0,1738689,1809943
1000074,chronic,74,6.0,15.0,1.08,0.85,0.001,0.2,1.0,1000,24,200,792,500,24.0,False,5016.0,20000,20000.0,3069,3069,0.5111592271818788,1.0,3008,173,14916,0,1661462,1732634
1000063,chronic,63,6.0,15.0,1.08,0.85,0.001,0.2,1.0,1000,48,200,396,500,24.0,False,3240.0,20000,20000.0,1804,3074,0.5119920053297802,0.586857514638907,1829,265,18723,0,1353191,1398671
1000065,chronic,65,6.0,15.0,1.08,0.85,0.001,0.2,1.0,1000,12,200,1584,500,24.0,False,3480.0,20000,20000.0,3020,3020,0.502998001332445,1.0,2971,170,15829,0,1589900,1705491
1000075,chronic,75,6.0,15.0,1.08,0.85,0.001,0.2,1.0,1000,48,200,396,500,24.0,False,5112.0,20000,20000.0,3078,3078,0.5126582278481012,1.0,3026,234,17158,0,1551994,1597452
1000064,chronic,64,6.0,15.0,1.08,0.85,0.001,0.2,1.0,1000,48,200,396,500,24.0,False,5448.0,20000,20000.0,1963,3133,0.5218187874750166,0.6265560165975104,2007,270,17614,0,1309936,1354463
1000068,chronic,68,6.0,15.0,1.08,0.85,0.001,0.2,1.0,1000,48,200,396,500,24.0,False,4968.0,20000,20000.0,2397,3029,0.5044970019986675,0.7913502806206669,2420,257,17083,0,1381889,1426346
1000071,chronic,71,6.0,15.0,1.08,0.85,0.001,0.2,1.0,1000,12,200,1584,500,24.0,False,1704.0,20000,20000.0,3022,3022,0.5033311125916056,1.0,2953,126,14767,0,1926523,2045536
1000066,chronic,66,6.0,15.0,1.08,0.85,0.001,0.2,1.0,1000,24,200,792,500,24.0,False,2784.0,20000,20000.0,1754,3138,0.522651565622918,0.5589547482472913,1781,230,19442,0,1494276,1567943
1000073,chronic,73,6.0,15.0,1.08,0.85,0.001,0.2,1.0,1000,48,200,396,500,24.0,False,7440.0,20000,20000.0,1906,3106,0.5173217854763491,0.613650998068255,1915,276,16900,0,1287531,1331610
1000076,chronic,76,6.0,15.0,1.08,0.85,0.001,0.2,1.0,1000,12,200,1584,500,24.0,False,2232.0,20000,20000.0,2868,3049,0.5078281145902731,0.9406362741882585,2827,179,17407,0,1671425,1789621
1000085,chronic,85,6.0,15.0,1.08,0.85,0.001,0.2,1.0,1000,24,200,792,500,24.0,False,2040.0,20000,20000.0,3091,3091,0.5148234510326449,1.0,3035,156,16312,0,1763658,1837124
1000086,chronic,86,6.0,15.0,1.08,0.85,0.001,0.2,1.0,1000,48,200,396,500,24.0,False,10824.0,20000,20000.0,2190,3002,0.5,0.7295136575616256,2236,358,15626,0,1005847,1047782
1000077,chronic,77,6.0,15.0,1.08,0.85,0.001,0.2,1.0,1000,48,200,396,500,24.0,False,9984.0,20000,20000.0,2249,3082,0.5133244503664224,0.7297209604153148,2269,307,16642,0,1091307,1134321
1000084,chronic,84,6.0,15.0,1.08,0.85,0.001,0.2,1.0,1000,12,200,1584,500,24.0,False,1584.0,20000,20000.0,3012,3012,0.5016655562958028,1.0,2953,106,11762,0,1940811,2056688
1000087,chronic,87,6.0,15.0,1.08,0.85,0.001,0.2,1.0,1000,24,200,792,500,24.0,False,2424.0,20000,20000.0,2618,3044,0.5069953364423717,0.8600525624178712,2607,218,19089,0,1657823,1732640
1000079,chronic,79,6.0,15.0,1.08,0.85,0.001,0.2,1.0,1000,48,200,396,500,24.0,False,4920.0,20000,20000.0,2691,3096,0.5156562291805463,0.8691860465116279,2618,234,17340,0,1470236,1515494
1000091,chronic,91,6.0,15.0,1.08,0.85,0.001,0.2,1.0,1000,48,200,396,500,24.0,False,3288.0,20000,20000.0,2076,3060,0.5096602265156562,0.6784313725490196,2104,235,18205,0,1472112,1517465
1000080,chronic,80,6.0,15.0,1.08,0.85,0.001,0.2,1.0,1000,12,200,1584,500,24.0,False,2184.0,20000,20000.0,2421,2992,0.4983344437041972,0.8091577540106952,2432,192,17601,0,1589917,1706781
1000089,chronic,89,6.0,15.0,1.08,0.85,0.001,0.2,1.0,1000,48,200,396,500,24.0,False,4440.0,20000,20000.0,2327,3028,0.5043304463690873,0.7684940554821664,2332,199,17632,0,1529690,1575194
1000088,chronic,88,6.0,15.0,1.08,0.85,0.001,0.2,1.0,1000,12,200,1584,500,24.0,False,2424.0,20000,20000.0,3022,3022,0.5033311125916056,1.0,2963,139,12932,0,1864577,1980338
1000081,chronic,81,6.0,15.0,1.08,0.85,0.001,0.2,1.0,1000,48,200,396,500,24.0,False,3288.0,20000,20000.0,3048,3048,0.5076615589606929,1.0,2988,195,17409,0,1683594,1729554
1000078,chronic,78,6.0,15.0,1.08,0.85,0.001,0.2,1.0,1000,48,200,396,500,24.0,False,5976.0,20000,20000.0,1811,3103,0.5168221185876083,0.5836287463744763,1829,268,16343,0,1321624,1365030
1000083,chronic,83,6.0,15.0,1.08,0.85,0.001,0.2,1.0,1000,48,200,396,500,24.0,False,8952.0,20000,20000.0,1844,3090,0.5146568954030646,0.5967637540453075,1895,309,14732,0,1148133,1189540
1000090,chronic,90,6.0,15.0,1.08,0.85,0.001,0.2,1.0,1000,48,200,396,500,24.0,False,4920.0,20000,20000.0,2372,3052,0.508327781479014,0.7771952817824378,2373,265,17449,0,1363245,1407742
1000082,chronic,82,6.0,15.0,1.08,0.85,0.001,0.2,1.0,1000,12,200,1584,500,24.0,False,1944.0,20000,20000.0,2991,2991,0.4981678880746169,1.0,2957,126,11463,0,1929379,2044633
10000002,bounded,2,6.0,15.0,1.08,0.85,0.001,0.25,1.0,1000,48,200,23,500,24.0,True,2088.0,20000,20000.0,3098,3098,0.5159893404397069,1.0,3066,75,4857,0,1834702,1838343
10000003,bounded,3,6.0,15.0,1.08,0.85,0.001,0.25,1.0,1000,12,200,33,500,24.0,True,1392.0,20000,20000.0,3107,3107,0.5174883411059293,1.0,3072,58,5147,0,1908114,1912131
10000006,bounded,6,6.0,15.0,1.08,0.85,0.001,0.25,1.0,1000,48,200,23,500,24.0,True,2064.0,20000,20000.0,3136,3136,0.5223184543637575,1.0,3085,56,4500,0,1878120,1881413
10000005,bounded,5,6.0,15.0,1.08,0.85,0.001,0.25,1.0,1000,24,200,17,500,24.0,True,1392.0,20000,20000.0,3158,3158,0.5259826782145236,1.0,3100,43,4343,0,1945617,1948209
1000098,chronic,98,6.0,15.0,1.08,0.85,0.001,0.2,1.0,1000,48,200,396,500,24.0,False,4752.0,20000,20000.0,2237,3129,0.5211525649566955,0.7149248961329498,2236,260,17276,0,1438216,1483356
10000000,bounded,0,6.0,15.0,1.08,0.85,0.001,0.25,1.0,1000,48,200,39,500,24.0,True,2856.0,20000,20000.0,3150,3150,0.5246502331778814,1.0,3107,85,6927,0,1829108,1836061
10000007,bounded,7,6.0,15.0,1.08,0.85,0.001,0.25,1.0,1000,48,200,34,500,24.0,True,2592.0,20000,20000.0,3096,3096,0.5156562291805463,1.0,3066,53,5092,0,1873233,1877973
1000095,chronic,95,6.0,15.0,1.08,0.85,0.001,0.2,1.0,1000,24,200,792,500,24.0,False,3216.0,20000,20000.0,3064,3064,0.5103264490339774,1.0,3022,121,12190,0,1895056,1966318
1000097,chronic,97,6.0,15.0,1.08,0.85,0.001,0.2,1.0,1000,24,200,792,500,24.0,False,4872.0,20000,20000.0,1831,3104,0.5169886742171885,0.5898840206185567,1874,243,20014,0,1435101,1508751
1000094,chronic,94,6.0,15.0,1.08,0.85,0.001,0.2,1.0,1000,24,200,792,500,24.0,False,3768.0,20000,20000.0,2952,3078,0.5126582278481012,0.9590643274853801,2893,210,17257,0,1637739,1711099
1000093,chronic,93,6.0,15.0,1.08,0.85,0.001,0.2,1.0,1000,12,200,1584,500,24.0,False,2424.0,20000,20000.0,3016,3016,0.5023317788141239,1.0,2974,137,12975,0,1831648,1947332
1000099,chronic,99,6.0,15.0,1.08,0.85,0.001,0.2,1.0,1000,48,200,396,500,24.0,False,3696.0,20000,20000.0,1600,3135,0.5221518987341772,0.5103668261562998,1611,279,18220,0,1377355,1422479
10000004,bounded,4,6.0,15.0,1.08,0.85,0.001,0.25,1.0,1000,12,200,11,500,24.0,True,1128.0,20000,20000.0,3113,3113,0.5184876748834111,1.0,3077,58,5379,0,1916062,1919117
10000001,bounded,1,6.0,15.0,1.08,0.85,0.001,0.25,1.0,1000,12,200,55,500,24.0,True,1656.0,20000,20000.0,3122,3122,0.5199866755496336,1.0,3076,61,5856,0,1876777,1882669
1000096,chronic,96,6.0,15.0,1.08,0.85,0.001,0.2,1.0,1000,12,200,1584,500,24.0,False,2280.0,20000,20000.0,2748,3015,0.5021652231845436,0.9114427860696518,2726,173,16959,0,1764062,1883298
1000092,chronic,92,6.0,15.0,1.08,0.85,0.001,0.2,1.0,1000,48,200,396,500,24.0,False,3000.0,20000,20000.0,2281,3077,0.512491672218521,0.7413064673383165,2274,213,18266,0,1702152,1749170
10000008,bounded,8,6.0,15.0,1.08,0.85,0.001,0.25,1.0,1000,12,200,9,500,24.0,True,1104.0,20000,20000.0,3159,3159,0.526149233844104,1.0,3112,47,5036,0,1934755,1937418
10000022,bounded,22,6.0,15.0,1.08,0.85,0.001,0.25,1.0,1000,24,200,28,500,24.0,True,1656.0,20000,20000.0,3138,3138,0.522651565622918,1.0,3105,60,5733,0,1889952,1894633
10000017,bounded,17,6.0,15.0,1.08,0.85,0.001,0.25,1.0,1000,48,200,17,500,24.0,True,1800.0,20000,20000.0,3120,3120,0.519653564290473,1.0,3090,64,5794,0,1882044,1886162
10000023,bounded,23,6.0,15.0,1.08,0.85,0.001,0.25,1.0,1000,12,200,35,500,24.0,True,1416.0,20000,20000.0,3114,3114,0.5186542305129913,1.0,3064,58,4982,0,1925097,1928954
10000011,bounded,11,6.0,15.0,1.08,0.85,0.001,0.25,1.0,1000,24,200,8,500,24.0,True,1176.0,20000,20000.0,3135,3135,0.5221518987341772,1.0,3090,57,5612,0,1898337,1901609
10000014,bounded,14,6.0,15.0,1.08,0.85,0.001,0.25,1.0,1000,24,200,21,500,24.0,True,1488.0,20000,20000.0,3116,3116,0.5189873417721519,1.0,3076,66,5370,0,1898266,1902083
10000018,bounded,18,6.0,15.0,1.08,0.85,0.001,0.25,1.0,1000,24,200,33,500,24.0,True,1776.0,20000,20000.0,3119,3119,0.5194870086608927,1.0,3086,73,5329,0,1892143,1896655
10000020,bounded,20,6.0,15.0,1.08,0.85,0.001,0.25,1.0,1000,48,200,21,500,24.0,True,1968.0,20000,20000.0,3116,3116,0.5189873417721519,1.0,3089,55,5282,0,1908716,1912688
10000009,bounded,9,6.0,15.0,1.08,0.85,0.001,0.25,1.0,1000,24,200,35,500,24.0,True,1824.0,20000,20000.0,3181,3181,0.5298134576948701,1.0,3136,54,5785,0,1883746,1889000
10000013,bounded,13,6.0,15.0,1.08,0.85,0.001,0.25,1.0,1000,24,200,41,500,24.0,True,1968.0,20000,20000.0,3129,3129,0.5211525649566955,1.0,3101,66,5603,0,1889989,1895434
10000010,bounded,10,6.0,15.0,1.08,0.85,0.001,0.25,1.0,1000,48,200,17,500,24.0,True,1776.0,20000,20000.0,3102,3102,0.516655562958028,1.0,3054,62,5345,0,1867381,1871052
10000012,bounded,12,6.0,15.0,1.08,0.85,0.001,0.25,1.0,1000,48,200,36,500,24.0,True,2712.0,20000,20000.0,3151,3151,0.5248167888074617,1.0,3095,75,5581,0,1822391,1827722
10000016,bounded,16,6.0,15.0,1.08,0.85,0.001,0.25,1.0,1000,24,200,48,500,24.0,True,2136.0,20000,20000.0,3104,3104,0.5169886742171885,1.0,3065,64,6604,0,1843612,1850489
10000015,bounded,15,6.0,15.0,1.08,0.85,0.001,0.25,1.0,1000,24,200,36,500,24.0,True,1848.0,20000,20000.0,3131,3131,0.5214856762158561,1.0,3079,62,5670,0,1889874,1895026
10000021,bounded,21,6.0,15.0,1.08,0.85,0.001,0.25,1.0,1000,24,200,7,500,24.0,True,1152.0,20000,20000.0,3161,3161,0.5264823451032645,1.0,3104,67,4890,0,1916625,1919132
10000019,bounded,19,6.0,15.0,1.08,0.85,0.001,0.25,1.0,1000,24,200,38,500,24.0,True,1896.0,20000,20000.0,3121,3121,0.5198201199200533,1.0,3086,74,5918,0,1874396,1879839
10000024,bounded,24,6.0,15.0,1.08,0.85,0.001,0.25,1.0,1000,24,200,20,500,24.0,True,1464.0,20000,20000.0,3106,3106,0.5173217854763491,1.0,3064,54,5820,0,1892246,1896424
10000035,bounded,35,6.0,15.0,1.08,0.85,0.001,0.25,1.0,1000,12,200,37,500,24.0,True,1440.0,20000,20000.0,3119,3119,0.5194870086608927,1.0,3071,40,4933,0,1917514,1921532
10000026,bounded,26,6.0,15.0,1.08,0.85,0.001,0.25,1.0,1000,12,200,53,500,24.0,True,1632.0,20000,20000.0,3147,3147,0.5241505662891406,1.0,3101,52,5553,0,1900737,1906412
10000027,bounded,27,6.0,15.0,1.08,0.85,0.001,0.25,1.0,1000,12,200,45,500,24.0,True,1536.0,20000,20000.0,3108,3108,0.5176548967355097,1.0,3078,62,5601,0,1891730,1897002
10000038,bounded,38,6.0,15.0,1.08,0.85,0.001,0.25,1.0,1000,24,200,24,500,24.0,True,1560.0,20000,20000.0,3139,3139,0.5228181212524984,1.0,3106,44,4467,0,1942548,1945732
10000033,bounded,33,6.0,15.0,1.08,0.85,0.001,0.25,1.0,1000,12,200,53,500,24.0,True,1632.0,20000,20000.0,3132,3132,0.5216522318454364,1.0,3081,57,5190,0,1906804,1911943
10000028,bounded,28,6.0,15.0,1.08,0.85,0.001,0.25,1.0,1000,24,200,16,500,24.0,True,1368.0,20000,20000.0,3123,3123,0.5201532311792139,1.0,3085,66,5587,0,1903795,1907492
10000039,bounded,39,6.0,15.0,1.08,0.85,0.001,0.25,1.0,1000,24,200,26,500,24.0,True,1608.0,20000,20000.0,3097,3097,0.5158227848101266,1.0,3057,63,5903,0,1916244,1920990
10000029,bounded,29,6.0,15.0,1.08,0.85,0.001,0.25,1.0,1000,12,200,65,500,24.0,True,1776.0,20000,20000.0,3158,3158,0.5259826782145236,1.0,3107,53,5434,0,1886527,1892715
10000032,bounded,32,6.0,15.0,1.08,0.85,0.001,0.25,1.0,1000,48,200,19,500,24.0,True,1896.0,20000,20000.0,3136,3136,0.5223184543637575,1.0,3102,48,5590,0,1910608,1914720
10000036,bounded,36,6.0,15.0,1.08,0.85,0.001,0.25,1.0,1000,48,200,14,500,24.0,True,1632.0,20000,20000.0,3123,3123,0.5201532311792139,1.0,3071,48,4777,0,1925102,1928035
10000037,bounded,37,6.0,15.0,1.08,0.85,0.001,0.25,1.0,1000,12,200,33,500,24.0,True,1392.0,20000,20000.0,3115,3115,0.5188207861425717,1.0,3077,41,4098,0,1941442,1944395
10000025,bounded,25,6.0,15.0,1.08,0.85,0.001,0.25,1.0,1000,24,200,32,500,24.0,True,1752.0,20000,20000.0,3147,3147,0.5241505662891406,1.0,3106,51,5785,0,1909637,1914655
10000034,bounded,34,6.0,15.0,1.08,0.85,0.001,0.25,1.0,1000,12,200,115,500,24.0,True,2376.0,20000,20000.0,3106,3106,0.5173217854763491,1.0,3065,74,5377,0,1871369,1880413
10000030,bounded,30,6.0,15.0,1.08,0.85,0.001,0.25,1.0,1000,12,200,5,500,24.0,True,1056.0,20000,20000.0,3085,3085,0.5138241172551632,1.0,3048,77,5762,0,1903620,1906769
10000031,bounded,31,6.0,15.0,1.08,0.85,0.001,0.25,1.0,1000,48,200,13,500,24.0,True,1608.0,20000,20000.0,3072,3072,0.5116588940706196,1.0,3049,73,6354,0,1858417,1862809
10000041,bounded,41,6.0,15.0,1.08,0.85,0.001,0.25,1.0,1000,24,200,29,500,24.0,True,1680.0,20000,20000.0,3124,3124,0.5203197868087941,1.0,3084,43,5232,0,1915110,1919273
10000042,bounded,42,6.0,15.0,1.08,0.85,0.001,0.25,1.0,1000,24,200,36,500,24.0,True,1848.0,20000,20000.0,3144,3144,0.5236508994003998,1.0,3100,51,5091,0,1911674,1916189
10000040,bounded,40,6.0,15.0,1.08,0.85,0.001,0.25,1.0,1000,12,200,19,500,24.0,True,1224.0,20000,20000.0,3104,3104,0.5169886742171885,1.0,3077,49,4511,0,1958209,1960845
10000043,bounded,43,6.0,15.0,1.08,0.85,0.001,0.25,1.0,1000,12,200,33,500,24.0,True,1392.0,20000,20000.0,3121,3121,0.5198201199200533,1.0,3079,49,5611,0,1904470,1908861
10000052,bounded,52,6.0,15.0,1.08,0.85,0.001,0.25,1.0,1000,12,200,41,500,24.0,True,1488.0,20000,20000.0,3103,3103,0.5168221185876083,1.0,3063,50,4798,0,1926352,1930577
10000045,bounded,45,6.0,15.0,1.08,0.85,0.001,0.25,1.0,1000,48,200,16,500,24.0,True,1728.0,20000,20000.0,3118,3118,0.5193204530313125,1.0,3068,54,4767,0,1899756,1902805
10000048,bounded,48,6.0,15.0,1.08,0.85,0.001,0.25,1.0,1000,12,200,31,500,24.0,True,1368.0,20000,20000.0,3096,3096,0.5156562291805463,1.0,3065,42,4817,0,1907823,1911215
10000049,bounded,49,6.0,15.0,1.08,0.85,0.001,0.25,1.0,1000,48,200,38,500,24.0,True,2784.0,20000,20000.0,3120,3120,0.519653564290473,1.0,3078,58,5734,0,1828915,1834566
10000054,bounded,54,6.0,15.0,1.08,0.85,0.001,0.25,1.0,1000,12,200,95,500,24.0,True,2136.0,20000,20000.0,3137,3137,0.5224850099933378,1.0,3099,74,5562,0,1872012,1880216
10000046,bounded,46,6.0,15.0,1.08,0.85,0.001,0.25,1.0,1000,24,200,15,500,24.0,True,1344.0,20000,20000.0,3152,3152,0.524983344437042,1.0,3094,43,4297,0,1942627,1945045
10000050,bounded,50,6.0,15.0,1.08,0.85,0.001,0.25,1.0,1000,24,200,35,500,24.0,True,1824.0,20000,20000.0,3121,3121,0.5198201199200533,1.0,3076,67,5158,0,1911107,1915693
10000055,bounded,55,6.0,15.0,1.08,0.85,0.001,0.25,1.0,1000,12,200,35,500,24.0,True,1416.0,20000,20000.0,3126,3126,0.5206528980679547,1.0,3095,66,5378,0,1883747,1888157
10000047,bounded,47,6.0,15.0,1.08,0.85,0.001,0.25,1.0,1000,24,200,11,500,24.0,True,1248.0,20000,20000.0,3109,3109,0.5178214523650899,1.0,3064,65,5511,0,1920220,1923527
10000053,bounded,53,6.0,15.0,1.08,0.85,0.001,0.25,1.0,1000,24,200,12,500,24.0,True,1272.0,20000,20000.0,3089,3089,0.5144903397734844,1.0,3047,48,4072,0,1951868,1953819
10000051,bounded,51,6.0,15.0,1.08,0.85,0.001,0.25,1.0,1000,24,200,20,500,24.0,True,1464.0,20000,20000.0,3111,3111,0.5181545636242505,1.0,3062,63,6037,0,1888255,1892635
10000044,bounded,44,6.0,15.0,1.08,0.85,0.001,0.25,1.0,1000,24,200,14,500,24.0,True,1320.0,20000,20000.0,3136,3136,0.5223184543637575,1.0,3101,63,4953,0,1899982,1902948
10000071,bounded,71,6.0,15.0,1.08,0.85,0.001,0.25,1.0,1000,12,200,33,500,24.0,True,1392.0,20000,20000.0,3128,3128,0.5209860093271153,1.0,3088,51,4767,0,1932992,1936629
10000066,bounded,66,6.0,15.0,1.08,0.85,0.001,0.25,1.0,1000,48,200,18,500,24.0,True,1824.0,20000,20000.0,3118,3118,0.5193204530313125,1.0,3090,64,4461,0,1882895,1885767
10000058,bounded,58,6.0,15.0,1.08,0.85,0.001,0.25,1.0,1000,24,200,25,500,24.0,True,1584.0,20000,20000.0,3105,3105,0.5171552298467689,1.0,3065,54,5010,0,1910321,1914113
10000068,bounded,68,6.0,15.0,1.08,0.85,0.001,0.25,1.0,1000,24,200,23,500,24.0,True,1536.0,20000,20000.0,3137,3137,0.5224850099933378,1.0,3091,56,5744,0,1893950,1898322
10000069,bounded,69,6.0,15.0,1.08,0.85,0.001,0.25,1.0,1000,24,200,28,500,24.0,True,1656.0,20000,20000.0,3140,3140,0.5229846768820786,1.0,3087,50,4539,0,1929733,1933197
10000064,bounded,64,6.0,15.0,1.08,0.85,0.001,0.25,1.0,1000,12,200,39,500,24.0,True,1464.0,20000,20000.0,3099,3099,0.5161558960692871,1.0,3065,52,5066,0,1928167,1932549
10000061,bounded,61,6.0,15.0,1.08,0.85,0.001,0.25,1.0,1000,24,200,18,500,24.0,True,1416.0,20000,20000.0,3148,3148,0.5243171219187208,1.0,3097,52,4497,0,1962661,1965487
10000056,bounded,56,6.0,15.0,1.08,0.85,0.001,0.25,1.0,1000,12,200,45,500,24.0,True,1536.0,20000,20000.0,3120,3120,0.519653564290473,1.0,3073,56,5502,0,1902380,1907512
10000059,bounded,59,6.0,15.0,1.08,0.85,0.001,0.25,1.0,1000,12,200,45,500,24.0,True,1536.0,20000,20000.0,3117,3117,0.5191538974017322,1.0,3086,44,5056,0,1918200,1922826
10000060,bounded,60,6.0,15.0,1.08,0.85,0.001,0.25,1.0,1000,24,200,16,500,24.0,True,1368.0,20000,20000.0,3110,3110,0.5179880079946703,1.0,3065,55,5439,0,1921875,1925496
10000057,bounded,57,6.0,15.0,1.08,0.85,0.001,0.25,1.0,1000,12,200,57,500,24.0,True,1680.0,20000,20000.0,3148,3148,0.5243171219187208,1.0,3104,45,4415,0,1904920,1909607
10000065,bounded,65,6.0,15.0,1.08,0.85,0.001,0.25,1.0,1000,12,200,57,500,24.0,True,1680.0,20000,20000.0,3092,3092,0.5149900066622252,1.0,3059,63,5041,0,1907650,1912924
10000067,bounded,67,6.0,15.0,1.08,0.85,0.001,0.25,1.0,1000,12,200,27,500,24.0,True,1320.0,20000,20000.0,3152,3152,0.524983344437042,1.0,3104,57,5180,0,1916908,1920614
10000070,bounded,70,6.0,15.0,1.08,0.85,0.001,0.25,1.0,1000,24,200,16,500,24.0,True,1368.0,20000,20000.0,3161,3161,0.5264823451032645,1.0,3114,30,3929,0,1953622,1955732
10000062,bounded,62,6.0,15.0,1.08,0.85,0.001,0.25,1.0,1000,12,200,37,500,24.0,True,1440.0,20000,20000.0,3137,3137,0.5224850099933378,1.0,3096,66,5749,0,1875723,1880546
10000063,bounded,63,6.0,15.0,1.08,0.85,0.001,0.25,1.0,1000,12,200,45,500,24.0,True,1536.0,20000,20000.0,3144,3144,0.5236508994003998,1.0,3100,57,4885,0,1907196,1911687
10000081,bounded,81,6.0,15.0,1.08,0.85,0.001,0.25,1.0,1000,24,200,15,500,24.0,True,1344.0,20000,20000.0,3122,3122,0.5199866755496336,1.0,3087,50,4647,0,1906580,1909262
10000085,bounded,85,6.0,15.0,1.08,0.85,0.001,0.25,1.0,1000,12,200,15,500,24.0,True,1176.0,20000,20000.0,3177,3177,0.5291472351765489,1.0,3123,52,5009,0,1943923,1946873
10000072,bounded,72,6.0,15.0,1.08,0.85,0.001,0.25,1.0,1000,12,200,29,500,24.0,True,1344.0,20000,20000.0,3094,3094,0.5153231179213857,1.0,3050,45,5546,0,1923831,1927965
10000075,bounded,75,6.0,15.0,1.08,0.85,0.001,0.25,1.0,1000,12,200,65,500,24.0,True,1776.0,20000,20000.0,3136,3136,0.5223184543637575,1.0,3081,45,4670,0,1915233,1920673
10000080,bounded,80,6.0,15.0,1.08,0.85,0.001,0.25,1.0,1000,48,200,24,500,24.0,True,2136.0,20000,20000.0,3134,3134,0.521985343104597,1.0,3104,78,6287,0,1804179,1809372
10000077,bounded,77,6.0,15.0,1.08,0.85,0.001,0.25,1.0,1000,12,200,35,500,24.0,True,1416.0,20000,20000.0,3083,3083,0.5134910059960026,1.0,3054,50,4854,0,1900825,1904705
10000087,bounded,87,6.0,15.0,1.08,0.85,0.001,0.25,1.0,1000,12,200,11,500,24.0,True,1128.0,20000,20000.0,3118,3118,0.5193204530313125,1.0,3083,61,5423,0,1930745,1933890
10000084,bounded,84,6.0,15.0,1.08,0.85,0.001,0.25,1.0,1000,24,200,38,500,24.0,True,1896.0,20000,20000.0,3122,3122,0.5199866755496336,1.0,3083,60,6466,0,1899739,1905814
10000079,bounded,79,6.0,15.0,1.08,0.85,0.001,0.25,1.0,1000,48,200,16,500,24.0,True,1728.0,20000,20000.0,3160,3160,0.5263157894736842,1.0,3110,44,5112,0,1891925,1895353
10000073,bounded,73,6.0,15.0,1.08,0.85,0.001,0.25,1.0,1000,12,200,67,500,24.0,True,1800.0,20000,20000.0,3151,3151,0.5248167888074617,1.0,3111,57,4714,0,1884747,1890235
10000076,bounded,76,6.0,15.0,1.08,0.85,0.001,0.25,1.0,1000,48,200,16,500,24.0,True,1728.0,20000,20000.0,3127,3127,0.520819453697535,1.0,3082,58,5619,0,1869355,1873275
10000083,bounded,83,6.0,15.0,1.08,0.85,0.001,0.25,1.0,1000,48,200,24,500,24.0,True,2136.0,20000,20000.0,3126,3126,0.5206528980679547,1.0,3087,87,5272,0,1848044,1852185
10000078,bounded,78,6.0,15.0,1.08,0.85,0.001,0.25,1.0,1000,24,200,30,500,24.0,True,1704.0,20000,20000.0,3110,3110,0.5179880079946703,1.0,3066,71,5407,0,1882283,1886706
10000074,bounded,74,6.0,15.0,1.08,0.85,0.001,0.25,1.0,1000,24,200,70,500,24.0,True,2664.0,20000,20000.0,3109,3109,0.5178214523650899,1.0,3078,76,6543,0,1805589,1813636
10000082,bounded,82,6.0,15.0,1.08,0.85,0.001,0.25,1.0,1000,12,200,31,500,24.0,True,1368.0,20000,20000.0,3108,3108,0.5176548967355097,1.0,3074,45,5001,0,1936327,1940116
10000086,bounded,86,6.0,15.0,1.08,0.85,0.001,0.25,1.0,1000,12,200,35,500,24.0,True,1416.0,20000,20000.0,3089,3089,0.5144903397734844,1.0,3059,48,4251,0,1948991,1952265
10000094,bounded,94,6.0,15.0,1.08,0.85,0.001,0.25,1.0,1000,48,200,11,500,24.0,True,1512.0,20000,20000.0,3107,3107,0.5174883411059293,1.0,3060,69,6367,0,1916387,1920680
10000088,bounded,88,6.0,15.0,1.08,0.85,0.001,0.25,1.0,1000,48,200,22,500,24.0,True,2040.0,20000,20000.0,3141,3141,0.5231512325116588,1.0,3091,86,5656,0,1848274,1852695
11000003,chronic,3,6.0,15.0,1.08,0.85,0.001,0.25,1.0,1000,24,200,792,500,24.0,False,1440.0,20000,20000.0,3164,3164,0.5269820119920053,1.0,3121,41,4539,0,1902543,1973399
10000090,bounded,90,6.0,15.0,1.08,0.85,0.001,0.25,1.0,1000,48,200,9,500,24.0,True,1416.0,20000,20000.0,3119,3119,0.5194870086608927,1.0,3071,83,6158,0,1864281,1868204
10000093,bounded,93,6.0,15.0,1.08,0.85,0.001,0.25,1.0,1000,24,200,25,500,24.0,True,1584.0,20000,20000.0,3172,3172,0.5283144570286475,1.0,3123,64,6211,0,1893048,1898033
10000089,bounded,89,6.0,15.0,1.08,0.85,0.001,0.25,1.0,1000,12,200,73,500,24.0,True,1872.0,20000,20000.0,3095,3095,0.515489673550966,1.0,3059,54,4992,0,1883128,1889177
11000000,chronic,0,6.0,15.0,1.08,0.85,0.001,0.25,1.0,1000,24,200,792,500,24.0,False,2232.0,20000,20000.0,3156,3156,0.5256495669553631,1.0,3100,62,5147,0,1860334,1931147
10000092,bounded,92,6.0,15.0,1.08,0.85,0.001,0.25,1.0,1000,48,200,15,500,24.0,True,1704.0,20000,20000.0,3124,3124,0.5203197868087941,1.0,3086,63,5483,0,1892566,1896268
10000091,bounded,91,6.0,15.0,1.08,0.85,0.001,0.25,1.0,1000,48,200,31,500,24.0,True,2472.0,20000,20000.0,3140,3140,0.5229846768820786,1.0,3100,67,6526,0,1852268,1858222
10000095,bounded,95,6.0,15.0,1.08,0.85,0.001,0.25,1.0,1000,12,200,25,500,24.0,True,1296.0,20000,20000.0,3098,3098,0.5159893404397069,1.0,3058,41,4262,0,1965958,1968601
10000098,bounded,98,6.0,15.0,1.08,0.85,0.001,0.25,1.0,1000,48,200,5,500,24.0,True,1200.0,20000,20000.0,3111,3111,0.5181545636242505,1.0,3068,48,4637,0,1941414,1943537
10000097,bounded,97,6.0,15.0,1.08,0.85,0.001,0.25,1.0,1000,12,200,61,500,24.0,True,1728.0,20000,20000.0,3122,3122,0.5199866755496336,1.0,3076,53,4237,0,1927036,1931945
10000096,bounded,96,6.0,15.0,1.08,0.85,0.001,0.25,1.0,1000,48,200,19,500,24.0,True,1896.0,20000,20000.0,3104,3104,0.5169886742171885,1.0,3066,66,5452,0,1881298,1885247
11000001,chronic,1,6.0,15.0,1.08,0.85,0.001,0.25,1.0,1000,48,200,396,500,24.0,False,1992.0,20000,20000.0,3131,3131,0.5214856762158561,1.0,3079,77,6189,0,1831964,1870306
11000002,chronic,2,6.0,15.0,1.08,0.85,0.001,0.25,1.0,1000,12,200,1584,500,24.0,False,1416.0,20000,20000.0,3138,3138,0.522651565622918,1.0,3083,53,4505,0,1845866,1961078
10000099,bounded,99,6.0,15.0,1.08,0.85,0.001,0.25,1.0,1000,48,200,14,500,24.0,True,1632.0,20000,20000.0,3130,3130,0.5213191205862758,1.0,3092,62,5135,0,1885876,1889217
11000008,chronic,8,6.0,15.0,1.08,0.85,0.001,0.25,1.0,1000,48,200,396,500,24.0,False,1392.0,20000,20000.0,3142,3142,0.5233177881412392,1.0,3096,47,4852,0,1949778,1987522
11000014,chronic,14,6.0,15.0,1.08,0.85,0.001,0.25,1.0,1000,48,200,396,500,24.0,False,1680.0,20000,20000.0,3108,3108,0.5176548967355097,1.0,3062,52,5083,0,1894890,1932351
11000005,chronic,5,6.0,15.0,1.08,0.85,0.001,0.25,1.0,1000,24,200,792,500,24.0,False,1392.0,20000,20000.0,3145,3145,0.52381745502998,1.0,3094,47,4859,0,1898617,1969438
11000009,chronic,9,6.0,15.0,1.08,0.85,0.001,0.25,1.0,1000,12,200,1584,500,24.0,False,1896.0,20000,20000.0,3108,3108,0.5176548967355097,1.0,3063,52,4598,0,1844662,1960518
11000004,chronic,4,6.0,15.0,1.08,0.85,0.001,0.25,1.0,1000,24,200,792,500,24.0,False,1152.0,20000,20000.0,3166,3166,0.5273151232511659,1.0,3123,45,4503,0,1926333,1997538
11000010,chronic,10,6.0,15.0,1.08,0.85,0.001,0.25,1.0,1000,24,200,792,500,24.0,False,1680.0,20000,20000.0,3194,3194,0.5319786808794137,1.0,3134,64,4721,0,1857804,1928175
11000006,chronic,6,6.0,15.0,1.08,0.85,0.001,0.25,1.0,1000,12,200,1584,500,24.0,False,1440.0,20000,20000.0,3040,3040,0.5063291139240507,1.0,3015,43,4773,0,1833076,1948582
11000016,chronic,16,6.0,15.0,1.08,0.85,0.001,0.25,1.0,1000,12,200,1584,500,24.0,False,1872.0,20000,20000.0,3136,3136,0.5223184543637575,1.0,3090,52,4211,0,1866542,1982532
11000013,chronic,13,6.0,15.0,1.08,0.85,0.001,0.25,1.0,1000,48,200,396,500,24.0,False,2040.0,20000,20000.0,3103,3103,0.5168221185876083,1.0,3069,78,5737,0,1868744,1906986
11000011,chronic,11,6.0,15.0,1.08,0.85,0.001,0.25,1.0,1000,24,200,792,500,24.0,False,1176.0,20000,20000.0,3107,3107,0.5174883411059293,1.0,3063,42,4112,0,1920203,1990574
11000018,chronic,18,6.0,15.0,1.08,0.85,0.001,0.25,1.0,1000,24,200,792,500,24.0,False,1776.0,20000,20000.0,3173,3173,0.5284810126582279,1.0,3111,60,4400,0,1874596,1944976
11000015,chronic,15,6.0,15.0,1.08,0.85,0.001,0.25,1.0,1000,48,200,396,500,24.0,False,2208.0,20000,20000.0,3138,3138,0.522651565622918,1.0,3092,78,5693,0,1841030,1879253
11000019,chronic,19,6.0,15.0,1.08,0.85,0.001,0.25,1.0,1000,24,200,792,500,24.0,False,1896.0,20000,20000.0,3169,3169,0.5278147901399067,1.0,3125,61,6470,0,1856167,1927985
11000012,chronic,12,6.0,15.0,1.08,0.85,0.001,0.25,1.0,1000,48,200,396,500,24.0,False,2712.0,20000,20000.0,3137,3137,0.5224850099933378,1.0,3098,79,4823,0,1820765,1857902
11000007,chronic,7,6.0,15.0,1.08,0.85,0.001,0.25,1.0,1000,24,200,792,500,24.0,False,2136.0,20000,20000.0,3153,3153,0.5251499000666222,1.0,3110,63,5787,0,1820394,1891065
11000017,chronic,17,6.0,15.0,1.08,0.85,0.001,0.25,1.0,1000,24,200,792,500,24.0,False,1656.0,20000,20000.0,3189,3189,0.5311459027315123,1.0,3145,71,5303,0,1868902,1940035
11000023,chronic,23,6.0,15.0,1.08,0.85,0.001,0.25,1.0,1000,24,200,792,500,24.0,False,1416.0,20000,20000.0,3178,3178,0.5293137908061293,1.0,3111,44,4079,0,1877821,1947699
11000026,chronic,26,6.0,15.0,1.08,0.85,0.001,0.25,1.0,1000,24,200,792,500,24.0,False,1512.0,20000,20000.0,3169,3169,0.5278147901399067,1.0,3123,51,4603,0,1886210,1956889
11000024,chronic,24,6.0,15.0,1.08,0.85,0.001,0.25,1.0,1000,24,200,792,500,24.0,False,1464.0,20000,20000.0,3197,3197,0.5324783477681546,1.0,3145,47,5403,0,1884110,1955278
11000030,chronic,30,6.0,15.0,1.08,0.85,0.001,0.25,1.0,1000,48,200,396,500,24.0,False,1128.0,20000,20000.0,3119,3119,0.5194870086608927,1.0,3082,40,4435,0,1920003,1957130
11000032,chronic,32,6.0,15.0,1.08,0.85,0.001,0.25,1.0,1000,24,200,792,500,24.0,False,1800.0,20000,20000.0,3169,3169,0.5278147901399067,1.0,3111,54,5507,0,1867272,1938501
11000035,chronic,35,6.0,15.0,1.08,0.85,0.001,0.25,1.0,1000,48,200,396,500,24.0,False,1632.0,20000,20000.0,3118,3118,0.5193204530313125,1.0,3092,39,5355,0,1894101,1932104
11000031,chronic,31,6.0,15.0,1.08,0.85,0.001,0.25,1.0,1000,12,200,1584,500,24.0,False,1320.0,20000,20000.0,3106,3106,0.5173217854763491,1.0,3069,51,4016,0,1886327,2002186
11000033,chronic,33,6.0,15.0,1.08,0.85,0.001,0.25,1.0,1000,12,200,1584,500,24.0,False,1632.0,20000,20000.0,3088,3088,0.5143237841439041,1.0,3046,61,4485,0,1861598,1977146
11000025,chronic,25,6.0,15.0,1.08,0.85,0.001,0.25,1.0,1000,12,200,1584,500,24.0,False,1536.0,20000,20000.0,3095,3095,0.515489673550966,1.0,3058,47,3921,0,1874055,1989618
11000028,chronic,28,6.0,15.0,1.08,0.85,0.001,0.25,1.0,1000,48,200,396,500,24.0,False,1344.0,20000,20000.0,3143,3143,0.5234843437708194,1.0,3100,54,5614,0,1889460,1927628
11000021,chronic,21,6.0,15.0,1.08,0.85,0.001,0.25,1.0,1000,24,200,792,500,24.0,False,1152.0,20000,20000.0,3184,3184,0.5303131245836109,1.0,3120,66,5244,0,1886770,1957821
11000022,chronic,22,6.0,15.0,1.08,0.85,0.001,0.25,1.0,1000,24,200,792,500,24.0,False,1656.0,20000,20000.0,3187,3187,0.5308127914723517,1.0,3120,57,4896,0,1879086,1949722
11000034,chronic,34,6.0,15.0,1.08,0.85,0.001,0.25,1.0,1000,12,200,1584,500,24.0,False,2376.0,20000,20000.0,3056,3056,0.5089940039973351,1.0,3010,69,5650,0,1809537,1925698
11000027,chronic,27,6.0,15.0,1.08,0.85,0.001,0.25,1.0,1000,48,200,396,500,24.0,False,2280.0,20000,20000.0,3118,3118,0.5193204530313125,1.0,3082,56,5777,0,1870170,1908528
11000020,chronic,20,6.0,15.0,1.08,0.85,0.001,0.25,1.0,1000,12,200,1584,500,24.0,False,1656.0,20000,20000.0,3060,3060,0.5096602265156562,1.0,3018,47,4726,0,1858275,1973985
11000029,chronic,29,6.0,15.0,1.08,0.85,0.001,0.25,1.0,1000,12,200,1584,500,24.0,False,1776.0,20000,20000.0,3048,3048,0.5076615589606929,1.0,3005,51,5108,0,1846099,1962036
11000045,chronic,45,6.0,15.0,1.08,0.85,0.001,0.25,1.0,1000,24,200,792,500,24.0,False,1656.0,20000,20000.0,3160,3160,0.5263157894736842,1.0,3127,45,4201,0,1912628,1983474
11000048,chronic,48,6.0,15.0,1.08,0.85,0.001,0.25,1.0,1000,12,200,1584,500,24.0,False,1368.0,20000,20000.0,3079,3079,0.5128247834776816,1.0,3047,38,3999,0,1879081,1994407
11000044,chronic,44,6.0,15.0,1.08,0.85,0.001,0.25,1.0,1000,24,200,792,500,24.0,False,1320.0,20000,20000.0,3162,3162,0.5266489007328448,1.0,3108,50,4094,0,1900605,1970934
11000036,chronic,36,6.0,15.0,1.08,0.85,0.001,0.25,1.0,1000,12,200,1584,500,24.0,False,1512.0,20000,20000.0,3049,3049,0.5078281145902731,1.0,3023,47,4314,0,1900621,2016950
11000040,chronic,40,6.0,15.0,1.08,0.85,0.001,0.25,1.0,1000,12,200,1584,500,24.0,False,1224.0,20000,20000.0,3111,3111,0.5181545636242505,1.0,3071,39,4286,0,1888083,2004289
11000042,chronic,42,6.0,15.0,1.08,0.85,0.001,0.25,1.0,1000,12,200,1584,500,24.0,False,1584.0,20000,20000.0,3114,3114,0.5186542305129913,1.0,3065,68,5303,0,1839001,1955404
11000039,chronic,39,6.0,15.0,1.08,0.85,0.001,0.25,1.0,1000,24,200,792,500,24.0,False,1608.0,20000,20000.0,3174,3174,0.5286475682878081,1.0,3123,49,4372,0,1907031,1977821
11000041,chronic,41,6.0,15.0,1.08,0.85,0.001,0.25,1.0,1000,48,200,396,500,24.0,False,2184.0,20000,20000.0,3126,3126,0.5206528980679547,1.0,3078,58,5204,0,1871425,1909157
11000049,chronic,49,6.0,15.0,1.08,0.85,0.001,0.25,1.0,1000,12,200,1584,500,24.0,False,1728.0,20000,20000.0,3110,3110,0.5179880079946703,1.0,3060,53,5099,0,1842891,1958800
11000043,chronic,43,6.0,15.0,1.08,0.85,0.001,0.25,1.0,1000,24,200,792,500,24.0,False,1512.0,20000,20000.0,3172,3172,0.5283144570286475,1.0,3120,56,4881,0,1878463,1949188
11000047,chronic,47,6.0,15.0,1.08,0.85,0.001,0.25,1.0,1000,24,200,792,500,24.0,False,1248.0,20000,20000.0,3172,3172,0.5283144570286475,1.0,3127,58,4990,0,1906796,1977894
11000037,chronic,37,6.0,15.0,1.08,0.85,0.001,0.25,1.0,1000,12,200,1584,500,24.0,False,1392.0,20000,20000.0,3086,3086,0.5139906728847435,1.0,3039,31,4521,0,1889289,2005473
11000046,chronic,46,6.0,15.0,1.08,0.85,0.001,0.25,1.0,1000,12,200,1584,500,24.0,False,1368.0,20000,20000.0,3088,3088,0.5143237841439041,1.0,3045,50,5148,0,1872836,1989208
11000050,chronic,50,6.0,15.0,1.08,0.85,0.001,0.25,1.0,1000,24,200,792,500,24.0,False,1824.0,20000,20000.0,3146,3146,0.5239840106595602,1.0,3092,63,4482,0,1886547,1957095
11000038,chronic,38,6.0,15.0,1.08,0.85,0.001,0.25,1.0,1000,12,200,1584,500,24.0,False,1464.0,20000,20000.0,3071,3071,0.5114923384410394,1.0,3035,58,6546,0,1852490,1970181
11000051,chronic,51,6.0,15.0,1.08,0.85,0.001,0.25,1.0,1000,48,200,396,500,24.0,False,1488.0,20000,20000.0,3104,3104,0.5169886742171885,1.0,3075,70,5656,0,1872805,1910613
11000063,chronic,63,6.0,15.0,1.08,0.85,0.001,0.25,1.0,1000,48,200,396,500,24.0,False,1920.0,20000,20000.0,3133,3133,0.5218187874750166,1.0,3098,67,5050,0,1867129,1904449
11000055,chronic,55,6.0,15.0,1.08,0.85,0.001,0.25,1.0,1000,48,200,396,500,24.0,False,1872.0,20000,20000.0,3106,3106,0.5173217854763491,1.0,3057,76,5680,0,1847848,1885796
11000061,chronic,61,6.0,15.0,1.08,0.85,0.001,0.25,1.0,1000,48,200,396,500,24.0,False,1824.0,20000,20000.0,3130,3130,0.5213191205862758,1.0,3096,62,5296,0,1900297,1938291
11000059,chronic,59,6.0,15.0,1.08,0.85,0.001,0.25,1.0,1000,12,200,1584,500,24.0,False,1536.0,20000,20000.0,3063,3063,0.510159893404397,1.0,3026,38,4436,0,1882917,1998885
11000053,chronic,53,6.0,15.0,1.08,0.85,0.001,0.25,1.0,1000,24,200,792,500,24.0,False,1272.0,20000,20000.0,3136,3136,0.5223184543637575,1.0,3092,49,4754,0,1920254,1991740
11000060,chronic,60,6.0,15.0,1.08,0.85,0.001,0.25,1.0,1000,12,200,1584,500,24.0,False,1296.0,20000,20000.0,3046,3046,0.5073284477015323,1.0,3006,47,4999,0,1894495,2011500
11000057,chronic,57,6.0,15.0,1.08,0.85,0.001,0.25,1.0,1000,48,200,396,500,24.0,False,2136.0,20000,20000.0,3139,3139,0.5228181212524984,1.0,3099,53,4709,0,1871624,1908855
11000056,chronic,56,6.0,15.0,1.08,0.85,0.001,0.25,1.0,1000,12,200,1584,500,24.0,False,1536.0,20000,20000.0,3115,3115,0.5188207861425717,1.0,3058,48,4152,0,1884493,2000450
11000067,chronic,67,6.0,15.0,1.08,0.85,0.001,0.25,1.0,1000,48,200,396,500,24.0,False,1512.0,20000,20000.0,3119,3119,0.5194870086608927,1.0,3081,61,4622,0,1889963,1926918
11000064,chronic,64,6.0,15.0,1.08,0.85,0.001,0.25,1.0,1000,48,200,396,500,24.0,False,1776.0,20000,20000.0,3129,3129,0.5211525649566955,1.0,3095,54,5009,0,1908785,1946372
11000065,chronic,65,6.0,15.0,1.08,0.85,0.001,0.25,1.0,1000,12,200,1584,500,24.0,False,1680.0,20000,20000.0,3063,3063,0.510159893404397,1.0,3030,52,4156,0,1870109,1985862
11000066,chronic,66,6.0,15.0,1.08,0.85,0.001,0.25,1.0,1000,12,200,1584,500,24.0,False,1728.0,20000,20000.0,3080,3080,0.5129913391072618,1.0,3029,67,5249,0,1834758,1950605
11000054,chronic,54,6.0,15.0,1.08,0.85,0.001,0.25,1.0,1000,48,200,396,500,24.0,False,1848.0,20000,20000.0,3142,3142,0.5233177881412392,1.0,3093,71,5976,0,1869407,1907820
11000058,chronic,58,6.0,15.0,1.08,0.85,0.001,0.25,1.0,1000,24,200,792,500,24.0,False,1584.0,20000,20000.0,3158,3158,0.5259826782145236,1.0,3112,60,5444,0,1877328,1948639
11000062,chronic,62,6.0,15.0,1.08,0.85,0.001,0.25,1.0,1000,48,200,396,500,24.0,False,1752.0,20000,20000.0,3110,3110,0.5179880079946703,1.0,3080,51,4312,0,1891842,1928859
11000052,chronic,52,6.0,15.0,1.08,0.85,0.001,0.25,1.0,1000,12,200,1584,500,24.0,False,1488.0,20000,20000.0,3119,3119,0.5194870086608927,1.0,3063,53,5605,0,1866421,1983689
11000073,chronic,73,6.0,15.0,1.08,0.85,0.001,0.25,1.0,1000,12,200,1584,500,24.0,False,1800.0,20000,20000.0,3096,3096,0.5156562291805463,1.0,3041,50,4278,0,1856698,1972278
11000079,chronic,79,6.0,15.0,1.08,0.85,0.001,0.25,1.0,1000,48,200,396,500,24.0,False,1728.0,20000,20000.0,3116,3116,0.5189873417721519,1.0,3086,51,5228,0,1859097,1896615
11000070,chronic,70,6.0,15.0,1.08,0.85,0.001,0.25,1.0,1000,12,200,1584,500,24.0,False,1272.0,20000,20000.0,3063,3063,0.510159893404397,1.0,3026,40,4095,0,1895212,2010929
11000069,chronic,69,6.0,15.0,1.08,0.85,0.001,0.25,1.0,1000,24,200,792,500,24.0,False,1656.0,20000,20000.0,3213,3213,0.535143237841439,1.0,3150,59,5060,0,1880757,1951794
11000075,chronic,75,6.0,15.0,1.08,0.85,0.001,0.25,1.0,1000,48,200,396,500,24.0,False,2256.0,20000,20000.0,3133,3133,0.5218187874750166,1.0,3085,60,5949,0,1851288,1889791
11000077,chronic,77,6.0,15.0,1.08,0.85,0.001,0.25,1.0,1000,12,200,1584,500,24.0,False,1416.0,20000,20000.0,3128,3128,0.5209860093271153,1.0,3071,56,4907,0,1863071,1979275
11000074,chronic,74,6.0,15.0,1.08,0.85,0.001,0.25,1.0,1000,12,200,1584,500,24.0,False,2088.0,20000,20000.0,3109,3109,0.5178214523650899,1.0,3058,50,5037,0,1844740,1961125
11000068,chronic,68,6.0,15.0,1.08,0.85,0.001,0.25,1.0,1000,48,200,396,500,24.0,False,1368.0,20000,20000.0,3130,3130,0.5213191205862758,1.0,3059,44,4698,0,1909805,1947219
11000083,chronic,83,6.0,15.0,1.08,0.85,0.001,0.25,1.0,1000,12,200,1584,500,24.0,False,1728.0,20000,20000.0,3096,3096,0.5156562291805463,1.0,3051,48,4475,0,1866678,1982617
11000080,chronic,80,6.0,15.0,1.08,0.85,0.001,0.25,1.0,1000,12,200,1584,500,24.0,False,1800.0,20000,20000.0,3047,3047,0.5074950033311126,1.0,3015,57,5120,0,1836801,1952505
11000071,chronic,71,6.0,15.0,1.08,0.85,0.001,0.25,1.0,1000,48,200,396,500,24.0,False,1632.0,20000,20000.0,3108,3108,0.5176548967355097,1.0,3076,63,5259,0,1913670,1951616
11000072,chronic,72,6.0,15.0,1.08,0.85,0.001,0.25,1.0,1000,12,200,1584,500,24.0,False,1344.0,20000,20000.0,3112,3112,0.5183211192538307,1.0,3063,49,4538,0,1878590,1994883
11000082,chronic,82,6.0,15.0,1.08,0.85,0.001,0.25,1.0,1000,24,200,792,500,24.0,False,1728.0,20000,20000.0,3184,3184,0.5303131245836109,1.0,3130,44,5360,0,1898055,1969289
11000076,chronic,76,6.0,15.0,1.08,0.85,0.001,0.25,1.0,1000,12,200,1584,500,24.0,False,1560.0,20000,20000.0,3070,3070,0.511325782811459,1.0,3043,55,4978,0,1837142,1952694
11000078,chronic,78,6.0,15.0,1.08,0.85,0.001,0.25,1.0,1000,24,200,792,500,24.0,False,1704.0,20000,20000.0,3178,3178,0.5293137908061293,1.0,3137,71,6374,0,1867850,1939773
11000081,chronic,81,6.0,15.0,1.08,0.85,0.001,0.25,1.0,1000,12,200,1584,500,24.0,False,1344.0,20000,20000.0,3092,3092,0.5149900066622252,1.0,3058,38,4467,0,1873654,1989661
11000090,chronic,90,6.0,15.0,1.08,0.85,0.001,0.25,1.0,1000,24,200,792,500,24.0,False,1320.0,20000,20000.0,3184,3184,0.5303131245836109,1.0,3131,49,5287,0,1904003,1975644
11000084,chronic,84,6.0,15.0,1.08,0.85,0.001,0.25,1.0,1000,24,200,792,500,24.0,False,1896.0,20000,20000.0,3192,3192,0.5316455696202531,1.0,3128,57,5559,0,1852263,1923381
11000086,chronic,86,6.0,15.0,1.08,0.85,0.001,0.25,1.0,1000,48,200,396,500,24.0,False,1752.0,20000,20000.0,3131,3131,0.5214856762158561,1.0,3098,38,5005,0,1929827,1967577
11000097,chronic,97,6.0,15.0,1.08,0.85,0.001,0.25,1.0,1000,48,200,396,500,24.0,False,2088.0,20000,20000.0,3116,3116,0.5189873417721519,1.0,3085,57,5082,0,1908439,1946329
11000089,chronic,89,6.0,15.0,1.08,0.85,0.001,0.25,1.0,1000,48,200,396,500,24.0,False,2160.0,20000,20000.0,3124,3124,0.5203197868087941,1.0,3084,92,6698,0,1819533,1858399
11000091,chronic,91,6.0,15.0,1.08,0.85,0.001,0.25,1.0,1000,48,200,396,500,24.0,False,2472.0,20000,20000.0,3139,3139,0.5228181212524984,1.0,3084,48,5488,0,1880955,1919107
11000096,chronic,96,6.0,15.0,1.08,0.85,0.001,0.25,1.0,1000,12,200,1584,500,24.0,False,1608.0,20000,20000.0,3093,3093,0.5151565622918055,1.0,3051,46,4732,0,1867113,1983381
11000099,chronic,99,6.0,15.0,1.08,0.85,0.001,0.25,1.0,1000,48,200,396,500,24.0,False,1632.0,20000,20000.0,3146,3146,0.5239840106595602,1.0,3092,75,5619,0,1877648,1915805
11000085,chronic,85,6.0,15.0,1.08,0.85,0.001,0.25,1.0,1000,24,200,792,500,24.0,False,1392.0,20000,20000.0,3174,3174,0.5286475682878081,1.0,3129,48,3934,0,1919824,1990223
11000088,chronic,88,6.0,15.0,1.08,0.85,0.001,0.25,1.0,1000,24,200,792,500,24.0,False,1752.0,20000,20000.0,3169,3169,0.5278147901399067,1.0,3124,49,4767,0,1876315,1947163
11000087,chronic,87,6.0,15.0,1.08,0.85,0.001,0.25,1.0,1000,48,200,396,500,24.0,False,1224.0,20000,20000.0,3145,3145,0.52381745502998,1.0,3106,52,4397,0,1930160,1967330
11000095,chronic,95,6.0,15.0,1.08,0.85,0.001,0.25,1.0,1000,48,200,396,500,24.0,False,1584.0,20000,20000.0,3159,3159,0.526149233844104,1.0,3111,56,5397,0,1912506,1950761
11000098,chronic,98,6.0,15.0,1.08,0.85,0.001,0.25,1.0,1000,12,200,1584,500,24.0,False,1176.0,20000,20000.0,3069,3069,0.5111592271818788,1.0,3023,34,4578,0,1902503,2018747
11000093,chronic,93,6.0,15.0,1.08,0.85,0.001,0.25,1.0,1000,48,200,396,500,24.0,False,1560.0,20000,20000.0,3123,3123,0.5201532311792139,1.0,3084,43,4293,0,1925982,1963165
11000094,chronic,94,6.0,15.0,1.08,0.85,0.001,0.25,1.0,1000,24,200,792,500,24.0,False,1560.0,20000,20000.0,3138,3138,0.522651565622918,1.0,3105,53,4852,0,1922284,1993728
11000092,chronic,92,6.0,15.0,1.08,0.85,0.001,0.25,1.0,1000,12,200,1584,500,24.0,False,1344.0,20000,20000.0,3103,3103,0.5168221185876083,1.0,3055,52,4490,0,1874022,1990273
20000001,bounded,1,6.0,15.0,1.08,0.85,0.001,0.3,1.0,1000,48,200,4,500,24.0,True,1152.0,20000,20000.0,3237,3237,0.5391405729513657,1.0,3214,31,2728,0,1039306,1039580
20000002,bounded,2,6.0,15.0,1.08,0.85,0.001,0.3,1.0,1000,24,200,8,500,24.0,True,1176.0,20000,20000.0,3278,3278,0.5459693537641572,1.0,3247,38,3221,0,1038710,1039750
20000004,bounded,4,6.0,15.0,1.08,0.85,0.001,0.3,1.0,1000,24,200,10,500,24.0,True,1224.0,20000,20000.0,3235,3235,0.5388074616922052,1.0,3220,38,2455,0,1017139,1017491
20000013,bounded,13,6.0,15.0,1.08,0.85,0.001,0.3,1.0,1000,24,200,15,500,24.0,True,1344.0,20000,20000.0,3278,3278,0.5459693537641572,1.0,3261,36,2601,0,1021656,1022515
20000005,bounded,5,6.0,15.0,1.08,0.85,0.001,0.3,1.0,1000,24,200,2,500,24.0,True,1032.0,20000,20000.0,3279,3279,0.5461359093937375,1.0,3263,26,2963,0,1044401,1044788
20000000,bounded,0,6.0,15.0,1.08,0.85,0.001,0.3,1.0,1000,48,200,8,500,24.0,True,1368.0,20000,20000.0,3213,3213,0.535143237841439,1.0,3192,42,2470,0,1025744,1026013
20000015,bounded,15,6.0,15.0,1.08,0.85,0.001,0.3,1.0,1000,24,200,20,500,24.0,True,1464.0,20000,20000.0,3233,3233,0.5384743504330446,1.0,3212,42,3197,0,1021498,1023174
20000009,bounded,9,6.0,15.0,1.08,0.85,0.001,0.3,1.0,1000,24,200,4,500,24.0,True,1080.0,20000,20000.0,3205,3205,0.5338107928047968,1.0,3187,22,2724,0,1023963,1024173
20000007,bounded,7,6.0,15.0,1.08,0.85,0.001,0.3,1.0,1000,12,200,11,500,24.0,True,1128.0,20000,20000.0,3264,3264,0.5436375749500333,1.0,3237,31,3045,0,1033810,1034741
20000011,bounded,11,6.0,15.0,1.08,0.85,0.001,0.3,1.0,1000,24,200,5,500,24.0,True,1104.0,20000,20000.0,3237,3237,0.5391405729513657,1.0,3219,27,3080,0,1036083,1036755
20000003,bounded,3,6.0,15.0,1.08,0.85,0.001,0.3,1.0,1000,12,200,15,500,24.0,True,1176.0,20000,20000.0,3212,3212,0.5349766822118588,1.0,3197,26,2612,0,1026097,1026735
20000006,bounded,6,6.0,15.0,1.08,0.85,0.001,0.3,1.0,1000,48,200,8,500,24.0,True,1368.0,20000,20000.0,3250,3250,0.5413057961359093,1.0,3226,38,2714,0,1021217,1021776
20000014,bounded,14,6.0,15.0,1.08,0.85,0.001,0.3,1.0,1000,24,200,10,500,24.0,True,1224.0,20000,20000.0,3268,3268,0.5443037974683544,1.0,3238,23,3033,0,1026807,1027800
20000008,bounded,8,6.0,15.0,1.08,0.85,0.001,0.3,1.0,1000,24,200,8,500,24.0,True,1176.0,20000,20000.0,3257,3257,0.5424716855429713,1.0,3242,27,3374,0,1035224,1036386
20000012,bounded,12,6.0,15.0,1.08,0.85,0.001,0.3,1.0,1000,12,200,9,500,24.0,True,1104.0,20000,20000.0,3224,3224,0.5369753497668222,1.0,3210,25,2607,0,1021526,1021829
20000010,bounded,10,6.0,15.0,1.08,0.85,0.001,0.3,1.0,1000,12,200,25,500,24.0,True,1296.0,20000,20000.0,3281,3281,0.546469020652898,1.0,3263,33,2912,0,1024536,1026058
20000016,bounded,16,6.0,15.0,1.08,0.85,0.001,0.3,1.0,1000,48,200,0,500,24.0,True,864.0,20000,20000.0,3259,3259,0.5428047968021319,1.0,3243,30,2872,0,1035459,1035586
20000025,bounded,25,6.0,15.0,1.08,0.85,0.001,0.3,1.0,1000,48,200,0,500,24.0,True,960.0,20000,20000.0,3244,3244,0.5403064623584277,1.0,3222,29,2649,0,1033693,1033582
20000029,bounded,29,6.0,15.0,1.08,0.85,0.001,0.3,1.0,1000,48,200,13,500,24.0,True,1608.0,20000,20000.0,3245,3245,0.540473017988008,1.0,3211,35,3069,0,1018147,1019400
20000027,bounded,27,6.0,15.0,1.08,0.85,0.001,0.3,1.0,1000,48,200,3,500,24.0,True,1104.0,20000,20000.0,3275,3275,0.5454696868754164,1.0,3249,33,2872,0,1035517,1035894
20000024,bounded,24,6.0,15.0,1.08,0.85,0.001,0.3,1.0,1000,48,200,2,500,24.0,True,1080.0,20000,20000.0,3215,3215,0.5354763491005996,1.0,3199,30,2858,0,1028323,1028540
20000018,bounded,18,6.0,15.0,1.08,0.85,0.001,0.3,1.0,1000,12,200,3,500,24.0,True,1032.0,20000,20000.0,3254,3254,0.5419720186542305,1.0,3233,30,2962,0,1033081,1033482
20000019,bounded,19,6.0,15.0,1.08,0.85,0.001,0.3,1.0,1000,12,200,9,500,24.0,True,1104.0,20000,20000.0,3227,3227,0.537475016655563,1.0,3203,38,2700,0,1034519,1034958
20000026,bounded,26,6.0,15.0,1.08,0.85,0.001,0.3,1.0,1000,12,200,0,500,24.0,True,960.0,20000,20000.0,3235,3235,0.5388074616922052,1.0,3211,35,2671,0,1026912,1026814
20000023,bounded,23,6.0,15.0,1.08,0.85,0.001,0.3,1.0,1000,24,200,7,500,24.0,True,1152.0,20000,20000.0,3239,3239,0.5394736842105263,1.0,3228,21,2849,0,1035078,1035632
20000031,bounded,31,6.0,15.0,1.08,0.85,0.001,0.3,1.0,1000,48,200,6,500,24.0,True,1272.0,20000,20000.0,3233,3233,0.5384743504330446,1.0,3207,36,3538,0,1046150,1047405
20000028,bounded,28,6.0,15.0,1.08,0.85,0.001,0.3,1.0,1000,12,200,0,500,24.0,True,912.0,20000,20000.0,3243,3243,0.5401399067288475,1.0,3220,20,2351,0,1027291,1026881
20000020,bounded,20,6.0,15.0,1.08,0.85,0.001,0.3,1.0,1000,48,200,6,500,24.0,True,1272.0,20000,20000.0,3228,3228,0.5376415722851432,1.0,3208,29,3165,0,1031936,1032759
20000021,bounded,21,6.0,15.0,1.08,0.85,0.001,0.3,1.0,1000,48,200,9,500,24.0,True,1392.0,20000,20000.0,3273,3273,0.5451365756162558,1.0,3248,42,2867,0,1020708,1021521
20000030,bounded,30,6.0,15.0,1.08,0.85,0.001,0.3,1.0,1000,48,200,4,500,24.0,True,1176.0,20000,20000.0,3300,3300,0.5496335776149234,1.0,3275,37,3513,0,1033848,1034955
20000017,bounded,17,6.0,15.0,1.08,0.85,0.001,0.3,1.0,1000,12,200,0,500,24.0,True,888.0,20000,20000.0,3219,3219,0.5361425716189208,1.0,3204,28,2165,0,1034754,1034134
20000022,bounded,22,6.0,15.0,1.08,0.85,0.001,0.3,1.0,1000,24,200,7,500,24.0,True,1152.0,20000,20000.0,3241,3241,0.5398067954696869,1.0,3222,32,2605,0,1027612,1027939
20000032,bounded,32,6.0,15.0,1.08,0.85,0.001,0.3,1.0,1000,24,200,7,500,24.0,True,1152.0,20000,20000.0,3217,3217,0.5358094603597602,1.0,3194,31,2661,0,1030036,1030388
20000045,bounded,45,6.0,15.0,1.08,0.85,0.001,0.3,1.0,1000,12,200,0,500,24.0,True,936.0,20000,20000.0,3209,3209,0.534477015323118,1.0,3174,25,2778,0,1027767,1027750
20000043,bounded,43,6.0,15.0,1.08,0.85,0.001,0.3,1.0,1000,24,200,0,500,24.0,True,840.0,20000,20000.0,3230,3230,0.5379746835443038,1.0,3209,24,2774,0,1045526,1045526
20000047,bounded,47,6.0,15.0,1.08,0.85,0.001,0.3,1.0,1000,24,200,8,500,24.0,True,1176.0,20000,20000.0,3263,3263,0.543471019320453,1.0,3232,26,2902,0,1029079,1029796
20000037,bounded,37,6.0,15.0,1.08,0.85,0.001,0.3,1.0,1000,48,200,3,500,24.0,True,1128.0,20000,20000.0,3250,3250,0.5413057961359093,1.0,3232,24,2682,0,1032339,1032496
20000044,bounded,44,6.0,15.0,1.08,0.85,0.001,0.3,1.0,1000,24,200,0,500,24.0,True,840.0,20000,20000.0,3268,3268,0.5443037974683544,1.0,3247,26,3007,0,1049973,1050244
20000038,bounded,38,6.0,15.0,1.08,0.85,0.001,0.3,1.0,1000,12,200,3,500,24.0,True,1032.0,20000,20000.0,3239,3239,0.5394736842105263,1.0,3218,29,3141,0,1032507,1033073
20000035,bounded,35,6.0,15.0,1.08,0.85,0.001,0.3,1.0,1000,24,200,9,500,24.0,True,1200.0,20000,20000.0,3221,3221,0.5364756828780812,1.0,3206,28,3104,0,1033971,1034877
20000040,bounded,40,6.0,15.0,1.08,0.85,0.001,0.3,1.0,1000,24,200,0,500,24.0,True,768.0,20000,20000.0,3234,3234,0.5386409060626249,1.0,3216,27,2706,0,1040067,1040003
20000036,bounded,36,6.0,15.0,1.08,0.85,0.001,0.3,1.0,1000,48,200,5,500,24.0,True,1224.0,20000,20000.0,3311,3311,0.5514656895403065,1.0,3293,30,2614,0,1028484,1028770
20000042,bounded,42,6.0,15.0,1.08,0.85,0.001,0.3,1.0,1000,48,200,12,500,24.0,True,1560.0,20000,20000.0,3218,3218,0.5359760159893404,1.0,3203,40,3038,0,1017646,1018767
20000033,bounded,33,6.0,15.0,1.08,0.85,0.001,0.3,1.0,1000,12,200,17,500,24.0,True,1200.0,20000,20000.0,3232,3232,0.5383077948034644,1.0,3207,23,2653,0,1024441,1025264
20000039,bounded,39,6.0,15.0,1.08,0.85,0.001,0.3,1.0,1000,48,200,3,500,24.0,True,1104.0,20000,20000.0,3254,3254,0.5419720186542305,1.0,3231,27,3105,0,1030302,1030879
20000041,bounded,41,6.0,15.0,1.08,0.85,0.001,0.3,1.0,1000,12,200,0,500,24.0,True,888.0,20000,20000.0,3230,3230,0.5379746835443038,1.0,3209,20,2964,0,1033292,1033482
20000034,bounded,34,6.0,15.0,1.08,0.85,0.001,0.3,1.0,1000,24,200,13,500,24.0,True,1296.0,20000,20000.0,3276,3276,0.5456362425049966,1.0,3258,37,3180,0,1025917,1027149
20000046,bounded,46,6.0,15.0,1.08,0.85,0.001,0.3,1.0,1000,48,200,9,500,24.0,True,1416.0,20000,20000.0,3260,3260,0.5429713524317122,1.0,3246,32,3249,0,1029831,1030997
20000050,bounded,50,6.0,15.0,1.08,0.85,0.001,0.3,1.0,1000,12,200,17,500,24.0,True,1200.0,20000,20000.0,3252,3252,0.5416389073950699,1.0,3233,29,2402,0,1022814,1023411
20000062,bounded,62,6.0,15.0,1.08,0.85,0.001,0.3,1.0,1000,48,200,12,500,24.0,True,1536.0,20000,20000.0,3248,3248,0.5409726848767489,1.0,3233,38,2906,0,1015404,1016478
20000058,bounded,58,6.0,15.0,1.08,0.85,0.001,0.3,1.0,1000,12,200,27,500,24.0,True,1320.0,20000,20000.0,3231,3231,0.5381412391738841,1.0,3214,39,3121,0,1029264,1030982
20000059,bounded,59,6.0,15.0,1.08,0.85,0.001,0.3,1.0,1000,24,200,22,500,24.0,True,1512.0,20000,20000.0,3232,3232,0.5383077948034644,1.0,3216,29,2990,0,1020458,1022099
20000053,bounded,53,6.0,15.0,1.08,0.85,0.001,0.3,1.0,1000,12,200,7,500,24.0,True,1080.0,20000,20000.0,3256,3256,0.5423051299133911,1.0,3237,34,2771,0,1032075,1032518
20000060,bounded,60,6.0,15.0,1.08,0.85,0.001,0.3,1.0,1000,12,200,25,500,24.0,True,1296.0,20000,20000.0,3221,3221,0.5364756828780812,1.0,3199,33,3091,0,1037959,1039628
20000063,bounded,63,6.0,15.0,1.08,0.85,0.001,0.3,1.0,1000,48,200,4,500,24.0,True,1176.0,20000,20000.0,3243,3243,0.5401399067288475,1.0,3224,25,3356,0,1035984,1036887
20000056,bounded,56,6.0,15.0,1.08,0.85,0.001,0.3,1.0,1000,48,200,3,500,24.0,True,1128.0,20000,20000.0,3257,3257,0.5424716855429713,1.0,3231,24,2732,0,1024626,1024854
20000055,bounded,55,6.0,15.0,1.08,0.85,0.001,0.3,1.0,1000,12,200,29,500,24.0,True,1344.0,20000,20000.0,3249,3249,0.5411392405063291,1.0,3226,34,2624,0,1027301,1028774
20000057,bounded,57,6.0,15.0,1.08,0.85,0.001,0.3,1.0,1000,48,200,0,500,24.0,True,768.0,20000,20000.0,3224,3224,0.5369753497668222,1.0,3210,19,2988,0,1049212,1049420
20000051,bounded,51,6.0,15.0,1.08,0.85,0.001,0.3,1.0,1000,24,200,10,500,24.0,True,1224.0,20000,20000.0,3255,3255,0.5421385742838108,1.0,3223,34,3068,0,1023603,1024621
20000048,bounded,48,6.0,15.0,1.08,0.85,0.001,0.3,1.0,1000,12,200,0,500,24.0,True,696.0,20000,20000.0,3252,3252,0.5416389073950699,1.0,3229,18,2638,0,1039750,1039636
20000061,bounded,61,6.0,15.0,1.08,0.85,0.001,0.3,1.0,1000,12,200,13,500,24.0,True,1152.0,20000,20000.0,3263,3263,0.543471019320453,1.0,3244,32,3132,0,1031633,1032739
20000052,bounded,52,6.0,15.0,1.08,0.85,0.001,0.3,1.0,1000,48,200,9,500,24.0,True,1392.0,20000,20000.0,3258,3258,0.5426382411725517,1.0,3226,28,2677,0,1022006,1022625
20000049,bounded,49,6.0,15.0,1.08,0.85,0.001,0.3,1.0,1000,12,200,15,500,24.0,True,1176.0,20000,20000.0,3213,3213,0.535143237841439,1.0,3202,29,2368,0,1018545,1018934
20000054,bounded,54,6.0,15.0,1.08,0.85,0.001,0.3,1.0,1000,12,200,9,500,24.0,True,1104.0,20000,20000.0,3235,3235,0.5388074616922052,1.0,3216,32,2719,0,1032941,1033415
20000069,bounded,69,6.0,15.0,1.08,0.85,0.001,0.3,1.0,1000,24,200,13,500,24.0,True,1296.0,20000,20000.0,3269,3269,0.5444703530979347,1.0,3254,21,3037,0,1025097,1026282
20000076,bounded,76,6.0,15.0,1.08,0.85,0.001,0.3,1.0,1000,48,200,5,500,24.0,True,1224.0,20000,20000.0,3269,3269,0.5444703530979347,1.0,3247,35,3239,0,1040970,1041861
20000078,bounded,78,6.0,15.0,1.08,0.85,0.001,0.3,1.0,1000,24,200,12,500,24.0,True,1272.0,20000,20000.0,3233,3233,0.5384743504330446,1.0,3206,34,3342,0,1035811,1037189
20000075,bounded,75,6.0,15.0,1.08,0.85,0.001,0.3,1.0,1000,48,200,1,500,24.0,True,1008.0,20000,20000.0,3229,3229,0.5378081279147235,1.0,3213,33,3036,0,1038810,1039162
20000067,bounded,67,6.0,15.0,1.08,0.85,0.001,0.3,1.0,1000,12,200,7,500,24.0,True,1080.0,20000,20000.0,3262,3262,0.5433044636908727,1.0,3241,36,3438,0,1038865,1039939
20000073,bounded,73,6.0,15.0,1.08,0.85,0.001,0.3,1.0,1000,24,200,11,500,24.0,True,1248.0,20000,20000.0,3247,3247,0.5408061292471685,1.0,3218,22,2638,0,1022630,1023293
20000070,bounded,70,6.0,15.0,1.08,0.85,0.001,0.3,1.0,1000,24,200,0,500,24.0,True,840.0,20000,20000.0,3253,3253,0.5418054630246503,1.0,3232,21,3484,0,1051764,1052497
20000072,bounded,72,6.0,15.0,1.08,0.85,0.001,0.3,1.0,1000,48,200,5,500,24.0,True,1200.0,20000,20000.0,3215,3215,0.5354763491005996,1.0,3195,15,2985,0,1032438,1032993
20000074,bounded,74,6.0,15.0,1.08,0.85,0.001,0.3,1.0,1000,48,200,0,500,24.0,True,672.0,20000,20000.0,3274,3274,0.5453031312458361,1.0,3254,22,2842,0,1039324,1039436
20000064,bounded,64,6.0,15.0,1.08,0.85,0.001,0.3,1.0,1000,24,200,13,500,24.0,True,1296.0,20000,20000.0,3269,3269,0.5444703530979347,1.0,3239,30,2960,0,1022075,1023153
20000066,bounded,66,6.0,15.0,1.08,0.85,0.001,0.3,1.0,1000,24,200,11,500,24.0,True,1248.0,20000,20000.0,3259,3259,0.5428047968021319,1.0,3246,25,2847,0,1033246,1034090
20000068,bounded,68,6.0,15.0,1.08,0.85,0.001,0.3,1.0,1000,12,200,0,500,24.0,True,888.0,20000,20000.0,3292,3292,0.5483011325782812,1.0,3264,21,2552,0,1033138,1032978
20000077,bounded,77,6.0,15.0,1.08,0.85,0.001,0.3,1.0,1000,48,200,2,500,24.0,True,1056.0,20000,20000.0,3287,3287,0.5474683544303798,1.0,3264,37,2923,0,1022506,1022861
20000065,bounded,65,6.0,15.0,1.08,0.85,0.001,0.3,1.0,1000,48,200,0,500,24.0,True,864.0,20000,20000.0,3265,3265,0.5438041305796136,1.0,3237,39,2622,0,1033518,1033401
20000079,bounded,79,6.0,15.0,1.08,0.85,0.001,0.3,1.0,1000,48,200,15,500,24.0,True,1680.0,20000,20000.0,3249,3249,0.5411392405063291,1.0,3225,27,3053,0,1016578,1018035
20000071,bounded,71,6.0,15.0,1.08,0.85,0.001,0.3,1.0,1000,48,200,4,500,24.0,True,1176.0,20000,20000.0,3246,3246,0.5406395736175883,1.0,3232,25,3586,0,1040391,1041503
20000085,bounded,85,6.0,15.0,1.08,0.85,0.001,0.3,1.0,1000,12,200,9,500,24.0,True,1104.0,20000,20000.0,3239,3239,0.5394736842105263,1.0,3217,35,2553,0,1029669,1029968
20000083,bounded,83,6.0,15.0,1.08,0.85,0.001,0.3,1.0,1000,24,200,12,500,24.0,True,1272.0,20000,20000.0,3255,3255,0.5421385742838108,1.0,3237,36,3448,0,1044227,1045733
20000082,bounded,82,6.0,15.0,1.08,0.85,0.001,0.3,1.0,1000,48,200,0,500,24.0,True,936.0,20000,20000.0,3265,3265,0.5438041305796136,1.0,3237,29,2917,0,1037356,1037534
20000089,bounded,89,6.0,15.0,1.08,0.85,0.001,0.3,1.0,1000,24,200,18,500,24.0,True,1416.0,20000,20000.0,3199,3199,0.5328114590273151,1.0,3178,33,2954,0,1027341,1028712
20000094,bounded,94,6.0,15.0,1.08,0.85,0.001,0.3,1.0,1000,48,200,7,500,24.0,True,1296.0,20000,20000.0,3237,3237,0.5391405729513657,1.0,3209,29,3030,0,1026461,1027231
20000081,bounded,81,6.0,15.0,1.08,0.85,0.001,0.3,1.0,1000,24,200,3,500,24.0,True,1056.0,20000,20000.0,3252,3252,0.5416389073950699,1.0,3233,15,2664,0,1032618,1032760
20000088,bounded,88,6.0,15.0,1.08,0.85,0.001,0.3,1.0,1000,48,200,5,500,24.0,True,1200.0,20000,20000.0,3262,3262,0.5433044636908727,1.0,3239,35,3379,0,1028945,1029944
20000093,bounded,93,6.0,15.0,1.08,0.85,0.001,0.3,1.0,1000,12,200,5,500,24.0,True,1056.0,20000,20000.0,3312,3312,0.5516322451698867,1.0,3295,27,2501,0,1025942,1026047
20000087,bounded,87,6.0,15.0,1.08,0.85,0.001,0.3,1.0,1000,24,200,6,500,24.0,True,1128.0,20000,20000.0,3238,3238,0.539307128580946,1.0,3216,28,2751,0,1026312,1026707
20000080,bounded,80,6.0,15.0,1.08,0.85,0.001,0.3,1.0,1000,48,200,0,500,24.0,True,984.0,20000,20000.0,3270,3270,0.544636908727515,1.0,3251,29,3106,0,1035168,1035540
20000084,bounded,84,6.0,15.0,1.08,0.85,0.001,0.3,1.0,1000,48,200,12,500,24.0,True,1560.0,20000,20000.0,3210,3210,0.5346435709526982,1.0,3198,37,3295,0,1029863,1031264
20000086,bounded,86,6.0,15.0,1.08,0.85,0.001,0.3,1.0,1000,48,200,4,500,24.0,True,1152.0,20000,20000.0,3279,3279,0.5461359093937375,1.0,3256,32,2868,0,1023650,1024107
20000091,bounded,91,6.0,15.0,1.08,0.85,0.001,0.3,1.0,1000,12,200,33,500,24.0,True,1392.0,20000,20000.0,3266,3266,0.5439706862091939,1.0,3247,24,2810,0,1024450,1026331
20000092,bounded,92,6.0,15.0,1.08,0.85,0.001,0.3,1.0,1000,24,200,21,500,24.0,True,1488.0,20000,20000.0,3246,3246,0.5406395736175883,1.0,3226,37,2960,0,1016566,1018197
20000095,bounded,95,6.0,15.0,1.08,0.85,0.001,0.3,1.0,1000,12,200,11,500,24.0,True,1128.0,20000,20000.0,3224,3224,0.5369753497668222,1.0,3207,30,3042,0,1034803,1035691
20000090,bounded,90,6.0,15.0,1.08,0.85,0.001,0.3,1.0,1000,48,200,11,500,24.0,True,1488.0,20000,20000.0,3245,3245,0.540473017988008,1.0,3225,47,2827,0,1017144,1018055
20000099,bounded,99,6.0,15.0,1.08,0.85,0.001,0.3,1.0,1000,48,200,5,500,24.0,True,1200.0,20000,20000.0,3263,3263,0.543471019320453,1.0,3240,27,2822,0,1020820,1021255
21000003,chronic,3,6.0,15.0,1.08,0.85,0.001,0.3,1.0,1000,24,200,792,500,24.0,False,1152.0,20000,20000.0,3348,3348,0.5576282478347768,1.0,3309,21,2884,0,1067416,1146181
21000002,chronic,2,6.0,15.0,1.08,0.85,0.001,0.3,1.0,1000,48,200,396,500,24.0,False,1248.0,20000,20000.0,3212,3212,0.5349766822118588,1.0,3197,35,2906,0,1009625,1048373
20000097,bounded,97,6.0,15.0,1.08,0.85,0.001,0.3,1.0,1000,12,200,5,500,24.0,True,1056.0,20000,20000.0,3258,3258,0.5426382411725517,1.0,3237,38,3526,0,1035256,1036344
20000098,bounded,98,6.0,15.0,1.08,0.85,0.001,0.3,1.0,1000,24,200,3,500,24.0,True,1056.0,20000,20000.0,3233,3233,0.5384743504330446,1.0,3209,23,2975,0,1036715,1037136
21000010,chronic,10,6.0,15.0,1.08,0.85,0.001,0.3,1.0,1000,48,200,396,500,24.0,False,1392.0,20000,20000.0,3236,3236,0.5389740173217855,1.0,3220,34,3063,0,1015867,1054643
20000096,bounded,96,6.0,15.0,1.08,0.85,0.001,0.3,1.0,1000,48,200,2,500,24.0,True,1056.0,20000,20000.0,3247,3247,0.5408061292471685,1.0,3228,32,2476,0,1026663,1026538
21000009,chronic,9,6.0,15.0,1.08,0.85,0.001,0.3,1.0,1000,12,200,1584,500,24.0,False,1080.0,20000,20000.0,3221,3221,0.5364756828780812,1.0,3196,18,2674,0,1062851,1183200
21000001,chronic,1,6.0,15.0,1.08,0.85,0.001,0.3,1.0,1000,24,200,792,500,24.0,False,1152.0,20000,20000.0,3348,3348,0.5576282478347768,1.0,3309,32,3121,0,1074158,1153357
21000011,chronic,11,6.0,15.0,1.08,0.85,0.001,0.3,1.0,1000,24,200,792,500,24.0,False,1104.0,20000,20000.0,3355,3355,0.5587941372418388,1.0,3317,29,2806,0,1075476,1154246
21000004,chronic,4,6.0,15.0,1.08,0.85,0.001,0.3,1.0,1000,24,200,792,500,24.0,False,1224.0,20000,20000.0,3338,3338,0.555962691538974,1.0,3302,37,2744,0,1068136,1146625
21000007,chronic,7,6.0,15.0,1.08,0.85,0.001,0.3,1.0,1000,48,200,396,500,24.0,False,1320.0,20000,20000.0,3266,3266,0.5439706862091939,1.0,3248,32,2929,0,1017954,1056717
21000000,chronic,0,6.0,15.0,1.08,0.85,0.001,0.3,1.0,1000,24,200,792,500,24.0,False,1248.0,20000,20000.0,3341,3341,0.5564623584277149,1.0,3292,35,2591,0,1062414,1140747
21000006,chronic,6,6.0,15.0,1.08,0.85,0.001,0.3,1.0,1000,24,200,792,500,24.0,False,1272.0,20000,20000.0,3342,3342,0.5566289140572951,1.0,3321,34,3047,0,1060634,1139130
21000005,chronic,5,6.0,15.0,1.08,0.85,0.001,0.3,1.0,1000,12,200,1584,500,24.0,False,1032.0,20000,20000.0,3187,3187,0.5308127914723517,1.0,3162,20,3080,0,1082270,1203190
21000008,chronic,8,6.0,15.0,1.08,0.85,0.001,0.3,1.0,1000,48,200,396,500,24.0,False,1128.0,20000,20000.0,3226,3226,0.5373084610259827,1.0,3215,25,2993,0,1022829,1061812
21000015,chronic,15,6.0,15.0,1.08,0.85,0.001,0.3,1.0,1000,24,200,792,500,24.0,False,1464.0,20000,20000.0,3344,3344,0.5569620253164557,1.0,3317,44,2906,0,1051415,1129580
21000020,chronic,20,6.0,15.0,1.08,0.85,0.001,0.3,1.0,1000,12,200,1584,500,24.0,False,1176.0,20000,20000.0,3214,3214,0.5353097934710194,1.0,3192,35,3014,0,1058879,1179026
21000018,chronic,18,6.0,15.0,1.08,0.85,0.001,0.3,1.0,1000,12,200,1584,500,24.0,False,1032.0,20000,20000.0,3230,3230,0.5379746835443038,1.0,3206,29,2398,0,1062355,1182656
21000021,chronic,21,6.0,15.0,1.08,0.85,0.001,0.3,1.0,1000,48,200,396,500,24.0,False,1392.0,20000,20000.0,3253,3253,0.5418054630246503,1.0,3235,50,3018,0,1009653,1048279
21000023,chronic,23,6.0,15.0,1.08,0.85,0.001,0.3,1.0,1000,12,200,1584,500,24.0,False,1104.0,20000,20000.0,3158,3158,0.5259826782145236,1.0,3131,21,2742,0,1068451,1188699
21000014,chronic,14,6.0,15.0,1.08,0.85,0.001,0.3,1.0,1000,12,200,1584,500,24.0,False,1200.0,20000,20000.0,3228,3228,0.5376415722851432,1.0,3201,27,2766,0,1053795,1174079
21000022,chronic,22,6.0,15.0,1.08,0.85,0.001,0.3,1.0,1000,24,200,792,500,24.0,False,1152.0,20000,20000.0,3292,3292,0.5483011325782812,1.0,3265,34,2802,0,1072547,1151380
21000012,chronic,12,6.0,15.0,1.08,0.85,0.001,0.3,1.0,1000,12,200,1584,500,24.0,False,1104.0,20000,20000.0,3203,3203,0.5334776815456362,1.0,3183,20,2751,0,1061666,1182049
21000025,chronic,25,6.0,15.0,1.08,0.85,0.001,0.3,1.0,1000,12,200,1584,500,24.0,False,960.0,20000,20000.0,3236,3236,0.5389740173217855,1.0,3211,27,2835,0,1068607,1188912
21000019,chronic,19,6.0,15.0,1.08,0.85,0.001,0.3,1.0,1000,24,200,792,500,24.0,False,1152.0,20000,20000.0,3378,3378,0.5626249167221852,1.0,3330,34,2619,0,1069546,1148272
21000016,chronic,16,6.0,15.0,1.08,0.85,0.001,0.3,1.0,1000,12,200,1584,500,24.0,False,864.0,20000,20000.0,3200,3200,0.5329780146568954,1.0,3174,31,3045,0,1068693,1189424
21000024,chronic,24,6.0,15.0,1.08,0.85,0.001,0.3,1.0,1000,24,200,792,500,24.0,False,1080.0,20000,20000.0,3383,3383,0.5634576948700866,1.0,3347,32,2546,0,1071869,1150435
21000013,chronic,13,6.0,15.0,1.08,0.85,0.001,0.3,1.0,1000,48,200,396,500,24.0,False,1320.0,20000,20000.0,3241,3241,0.5398067954696869,1.0,3220,36,2750,0,1004010,1042402
21000027,chronic,27,6.0,15.0,1.08,0.85,0.001,0.3,1.0,1000,24,200,792,500,24.0,False,1080.0,20000,20000.0,3327,3327,0.5541305796135909,1.0,3298,28,2390,0,1067006,1145592
21000026,chronic,26,6.0,15.0,1.08,0.85,0.001,0.3,1.0,1000,24,200,792,500,24.0,False,960.0,20000,20000.0,3336,3336,0.5556295802798135,1.0,3297,38,2905,0,1082426,1161352
21000017,chronic,17,6.0,15.0,1.08,0.85,0.001,0.3,1.0,1000,48,200,396,500,24.0,False,888.0,20000,20000.0,3259,3259,0.5428047968021319,1.0,3241,27,2698,0,1024456,1063246
21000036,chronic,36,6.0,15.0,1.08,0.85,0.001,0.3,1.0,1000,48,200,396,500,24.0,False,1224.0,20000,20000.0,3245,3245,0.540473017988008,1.0,3225,25,2583,0,1017162,1055551
21000039,chronic,39,6.0,15.0,1.08,0.85,0.001,0.3,1.0,1000,24,200,792,500,24.0,False,1128.0,20000,20000.0,3400,3400,0.5662891405729513,1.0,3350,30,3144,0,1077789,1156709
21000042,chronic,42,6.0,15.0,1.08,0.85,0.001,0.3,1.0,1000,24,200,792,500,24.0,False,1488.0,20000,20000.0,3312,3312,0.5516322451698867,1.0,3276,38,2806,0,1055263,1133479
21000032,chronic,32,6.0,15.0,1.08,0.85,0.001,0.3,1.0,1000,12,200,1584,500,24.0,False,1128.0,20000,20000.0,3183,3183,0.5301465689540307,1.0,3164,30,2637,0,1063684,1184009
21000035,chronic,35,6.0,15.0,1.08,0.85,0.001,0.3,1.0,1000,48,200,396,500,24.0,False,1344.0,20000,20000.0,3249,3249,0.5411392405063291,1.0,3237,34,3235,0,1024659,1063614
21000041,chronic,41,6.0,15.0,1.08,0.85,0.001,0.3,1.0,1000,24,200,792,500,24.0,False,888.0,20000,20000.0,3380,3380,0.5629580279813458,1.0,3337,21,3147,0,1087293,1166832
21000037,chronic,37,6.0,15.0,1.08,0.85,0.001,0.3,1.0,1000,24,200,792,500,24.0,False,1104.0,20000,20000.0,3346,3346,0.5572951365756162,1.0,3304,25,2779,0,1069093,1147871
21000043,chronic,43,6.0,15.0,1.08,0.85,0.001,0.3,1.0,1000,12,200,1584,500,24.0,False,840.0,20000,20000.0,3210,3210,0.5346435709526982,1.0,3189,23,2387,0,1068322,1188598
21000033,chronic,33,6.0,15.0,1.08,0.85,0.001,0.3,1.0,1000,24,200,792,500,24.0,False,1152.0,20000,20000.0,3349,3349,0.5577948034643571,1.0,3313,18,2441,0,1063117,1141549
21000031,chronic,31,6.0,15.0,1.08,0.85,0.001,0.3,1.0,1000,24,200,792,500,24.0,False,1200.0,20000,20000.0,3370,3370,0.561292471685543,1.0,3336,35,2796,0,1070632,1148893
21000040,chronic,40,6.0,15.0,1.08,0.85,0.001,0.3,1.0,1000,48,200,396,500,24.0,False,768.0,20000,20000.0,3259,3259,0.5428047968021319,1.0,3245,27,2593,0,1023212,1061694
21000034,chronic,34,6.0,15.0,1.08,0.85,0.001,0.3,1.0,1000,12,200,1584,500,24.0,False,1344.0,20000,20000.0,3173,3173,0.5284810126582279,1.0,3155,39,2803,0,1057858,1177717
21000028,chronic,28,6.0,15.0,1.08,0.85,0.001,0.3,1.0,1000,48,200,396,500,24.0,False,912.0,20000,20000.0,3206,3206,0.533977348434377,1.0,3185,28,2679,0,1019449,1058029
21000029,chronic,29,6.0,15.0,1.08,0.85,0.001,0.3,1.0,1000,48,200,396,500,24.0,False,1608.0,20000,20000.0,3206,3206,0.533977348434377,1.0,3193,32,2540,0,1004410,1042635
21000030,chronic,30,6.0,15.0,1.08,0.85,0.001,0.3,1.0,1000,24,200,792,500,24.0,False,1200.0,20000,20000.0,3361,3361,0.5597934710193204,1.0,3318,40,3005,0,1063286,1142280
21000038,chronic,38,6.0,15.0,1.08,0.85,0.001,0.3,1.0,1000,12,200,1584,500,24.0,False,1032.0,20000,20000.0,3240,3240,0.5396402398401066,1.0,3218,27,2720,0,1062037,1182397
21000049,chronic,49,6.0,15.0,1.08,0.85,0.001,0.3,1.0,1000,48,200,396,500,24.0,False,1200.0,20000,20000.0,3235,3235,0.5388074616922052,1.0,3215,30,3116,0,1024552,1063391
21000045,chronic,45,6.0,15.0,1.08,0.85,0.001,0.3,1.0,1000,24,200,792,500,24.0,False,936.0,20000,20000.0,3335,3335,0.5554630246502332,1.0,3299,26,2750,0,1075739,1154323
21000056,chronic,56,6.0,15.0,1.08,0.85,0.001,0.3,1.0,1000,24,200,792,500,24.0,False,1128.0,20000,20000.0,3335,3335,0.5554630246502332,1.0,3307,24,2934,0,1069884,1148710
21000044,chronic,44,6.0,15.0,1.08,0.85,0.001,0.3,1.0,1000,48,200,396,500,24.0,False,840.0,20000,20000.0,3227,3227,0.537475016655563,1.0,3211,29,2832,0,1029460,1068338
21000047,chronic,47,6.0,15.0,1.08,0.85,0.001,0.3,1.0,1000,48,200,396,500,24.0,False,1392.0,20000,20000.0,3235,3235,0.5388074616922052,1.0,3214,28,2852,0,1015626,1054215
21000052,chronic,52,6.0,15.0,1.08,0.85,0.001,0.3,1.0,1000,24,200,792,500,24.0,False,1296.0,20000,20000.0,3348,3348,0.5576282478347768,1.0,3318,32,2888,0,1070522,1149123
21000057,chronic,57,6.0,15.0,1.08,0.85,0.001,0.3,1.0,1000,12,200,1584,500,24.0,False,768.0,20000,20000.0,3206,3206,0.533977348434377,1.0,3187,18,2723,0,1075957,1196699
21000051,chronic,51,6.0,15.0,1.08,0.85,0.001,0.3,1.0,1000,24,200,792,500,24.0,False,1224.0,20000,20000.0,3346,3346,0.5572951365756162,1.0,3307,32,2842,0,1064046,1142890
21000054,chronic,54,6.0,15.0,1.08,0.85,0.001,0.3,1.0,1000,12,200,1584,500,24.0,False,1104.0,20000,20000.0,3200,3200,0.5329780146568954,1.0,3182,34,2538,0,1056013,1176282
21000053,chronic,53,6.0,15.0,1.08,0.85,0.001,0.3,1.0,1000,48,200,396,500,24.0,False,1128.0,20000,20000.0,3291,3291,0.5481345769487008,1.0,3274,31,2590,0,1013029,1051442
21000046,chronic,46,6.0,15.0,1.08,0.85,0.001,0.3,1.0,1000,48,200,396,500,24.0,False,1416.0,20000,20000.0,3259,3259,0.5428047968021319,1.0,3238,32,3186,0,1017130,1056225
21000050,chronic,50,6.0,15.0,1.08,0.85,0.001,0.3,1.0,1000,12,200,1584,500,24.0,False,1200.0,20000,20000.0,3223,3223,0.5368087941372418,1.0,3197,28,2245,0,1044820,1164546
21000058,chronic,58,6.0,15.0,1.08,0.85,0.001,0.3,1.0,1000,24,200,792,500,24.0,False,1488.0,20000,20000.0,3357,3357,0.5591272485009994,1.0,3327,43,3055,0,1066249,1144470
21000059,chronic,59,6.0,15.0,1.08,0.85,0.001,0.3,1.0,1000,24,200,792,500,24.0,False,1512.0,20000,20000.0,3372,3372,0.5616255829447035,1.0,3323,36,2768,0,1058651,1136910
21000048,chronic,48,6.0,15.0,1.08,0.85,0.001,0.3,1.0,1000,24,200,792,500,24.0,False,696.0,20000,20000.0,3320,3320,0.5529646902065289,1.0,3288,17,2341,0,1074401,1153218
21000055,chronic,55,6.0,15.0,1.08,0.85,0.001,0.3,1.0,1000,24,200,792,500,24.0,False,1344.0,20000,20000.0,3399,3399,0.5661225849433711,1.0,3357,33,2985,0,1061187,1139875
21000064,chronic,64,6.0,15.0,1.08,0.85,0.001,0.3,1.0,1000,24,200,792,500,24.0,False,1296.0,20000,20000.0,3338,3338,0.555962691538974,1.0,3289,29,2917,0,1060736,1139309
21000063,chronic,63,6.0,15.0,1.08,0.85,0.001,0.3,1.0,1000,24,200,792,500,24.0,False,1128.0,20000,20000.0,3322,3322,0.5532978014656895,1.0,3298,22,2768,0,1073511,1152269
21000068,chronic,68,6.0,15.0,1.08,0.85,0.001,0.3,1.0,1000,24,200,792,500,24.0,False,888.0,20000,20000.0,3372,3372,0.5616255829447035,1.0,3342,23,2757,0,1076360,1155504
21000067,chronic,67,6.0,15.0,1.08,0.85,0.001,0.3,1.0,1000,12,200,1584,500,24.0,False,1080.0,20000,20000.0,3181,3181,0.5298134576948701,1.0,3162,38,2823,0,1060500,1180888
21000060,chronic,60,6.0,15.0,1.08,0.85,0.001,0.3,1.0,1000,12,200,1584,500,24.0,False,1296.0,20000,20000.0,3202,3202,0.533311125916056,1.0,3178,28,2731,0,1067386,1187272
21000066,chronic,66,6.0,15.0,1.08,0.85,0.001,0.3,1.0,1000,48,200,396,500,24.0,False,1272.0,20000,20000.0,3260,3260,0.5429713524317122,1.0,3239,28,2902,0,1019072,1057919
21000062,chronic,62,6.0,15.0,1.08,0.85,0.001,0.3,1.0,1000,48,200,396,500,24.0,False,1536.0,20000,20000.0,3274,3274,0.5453031312458361,1.0,3251,37,2809,0,999732,1038253
21000070,chronic,70,6.0,15.0,1.08,0.85,0.001,0.3,1.0,1000,12,200,1584,500,24.0,False,840.0,20000,20000.0,3241,3241,0.5398067954696869,1.0,3210,20,2919,0,1073709,1194564
21000061,chronic,61,6.0,15.0,1.08,0.85,0.001,0.3,1.0,1000,48,200,396,500,24.0,False,1224.0,20000,20000.0,3259,3259,0.5428047968021319,1.0,3247,29,2781,0,1022036,1060643
21000074,chronic,74,6.0,15.0,1.08,0.85,0.001,0.3,1.0,1000,12,200,1584,500,24.0,False,672.0,20000,20000.0,3211,3211,0.5348101265822784,1.0,3195,20,2709,0,1059827,1180590
21000069,chronic,69,6.0,15.0,1.08,0.85,0.001,0.3,1.0,1000,24,200,792,500,24.0,False,1296.0,20000,20000.0,3363,3363,0.560126582278481,1.0,3322,22,3044,0,1067356,1146077
21000073,chronic,73,6.0,15.0,1.08,0.85,0.001,0.3,1.0,1000,48,200,396,500,24.0,False,1344.0,20000,20000.0,3221,3221,0.5364756828780812,1.0,3200,29,3024,0,1011817,1050779
21000075,chronic,75,6.0,15.0,1.08,0.85,0.001,0.3,1.0,1000,48,200,396,500,24.0,False,1008.0,20000,20000.0,3249,3249,0.5411392405063291,1.0,3230,25,2552,0,1011485,1049836
21000071,chronic,71,6.0,15.0,1.08,0.85,0.001,0.3,1.0,1000,12,200,1584,500,24.0,False,1056.0,20000,20000.0,3193,3193,0.5318121252498335,1.0,3171,27,2905,0,1067280,1188038
21000065,chronic,65,6.0,15.0,1.08,0.85,0.001,0.3,1.0,1000,24,200,792,500,24.0,False,864.0,20000,20000.0,3329,3329,0.5544636908727515,1.0,3286,32,2405,0,1067477,1146112
21000072,chronic,72,6.0,15.0,1.08,0.85,0.001,0.3,1.0,1000,12,200,1584,500,24.0,False,1104.0,20000,20000.0,3228,3228,0.5376415722851432,1.0,3207,21,2616,0,1053712,1173849
21000087,chronic,87,6.0,15.0,1.08,0.85,0.001,0.3,1.0,1000,24,200,792,500,24.0,False,1128.0,20000,20000.0,3370,3370,0.561292471685543,1.0,3324,25,3019,0,1073349,1152028
21000076,chronic,76,6.0,15.0,1.08,0.85,0.001,0.3,1.0,1000,48,200,396,500,24.0,False,1224.0,20000,20000.0,3220,3220,0.536309127248501,1.0,3204,34,3071,0,1017574,1056435
21000081,chronic,81,6.0,15.0,1.08,0.85,0.001,0.3,1.0,1000,12,200,1584,500,24.0,False,1032.0,20000,20000.0,3214,3214,0.5353097934710194,1.0,3188,18,2564,0,1059264,1179828
21000078,chronic,78,6.0,15.0,1.08,0.85,0.001,0.3,1.0,1000,24,200,792,500,24.0,False,1272.0,20000,20000.0,3399,3399,0.5661225849433711,1.0,3356,27,2843,0,1063888,1142467
21000085,chronic,85,6.0,15.0,1.08,0.85,0.001,0.3,1.0,1000,12,200,1584,500,24.0,False,1104.0,20000,20000.0,3215,3215,0.5354763491005996,1.0,3188,33,2575,0,1064620,1184944
21000091,chronic,91,6.0,15.0,1.08,0.85,0.001,0.3,1.0,1000,48,200,396,500,24.0,False,1728.0,20000,20000.0,3265,3265,0.5438041305796136,1.0,3243,28,2728,0,1000666,1039098
21000086,chronic,86,6.0,15.0,1.08,0.85,0.001,0.3,1.0,1000,12,200,1584,500,24.0,False,1128.0,20000,20000.0,3218,3218,0.5359760159893404,1.0,3199,35,2514,0,1056411,1176354
21000090,chronic,90,6.0,15.0,1.08,0.85,0.001,0.3,1.0,1000,12,200,1584,500,24.0,False,1344.0,20000,20000.0,3230,3230,0.5379746835443038,1.0,3206,39,2883,0,1044933,1164970
21000084,chronic,84,6.0,15.0,1.08,0.85,0.001,0.3,1.0,1000,12,200,1584,500,24.0,False,1320.0,20000,20000.0,3179,3179,0.5294803464357095,1.0,3164,35,2714,0,1062634,1182752
21000089,chronic,89,6.0,15.0,1.08,0.85,0.001,0.3,1.0,1000,48,200,396,500,24.0,False,1368.0,20000,20000.0,3183,3183,0.5301465689540307,1.0,3174,32,3089,0,1015655,1054528
21000083,chronic,83,6.0,15.0,1.08,0.85,0.001,0.3,1.0,1000,48,200,396,500,24.0,False,1320.0,20000,20000.0,3258,3258,0.5426382411725517,1.0,3240,38,3227,0,1019729,1058665
21000088,chronic,88,6.0,15.0,1.08,0.85,0.001,0.3,1.0,1000,24,200,792,500,24.0,False,1152.0,20000,20000.0,3331,3331,0.5547968021319121,1.0,3295,33,2954,0,1076541,1155422
21000082,chronic,82,6.0,15.0,1.08,0.85,0.001,0.3,1.0,1000,12,200,1584,500,24.0,False,936.0,20000,20000.0,3203,3203,0.5334776815456362,1.0,3185,31,3105,0,1064415,1185109
21000077,chronic,77,6.0,15.0,1.08,0.85,0.001,0.3,1.0,1000,12,200,1584,500,24.0,False,1056.0,20000,20000.0,3226,3226,0.5373084610259827,1.0,3207,38,3077,0,1065062,1185656
21000080,chronic,80,6.0,15.0,1.08,0.85,0.001,0.3,1.0,1000,24,200,792,500,24.0,False,984.0,20000,20000.0,3363,3363,0.560126582278481,1.0,3326,29,3135,0,1078488,1157375
21000079,chronic,79,6.0,15.0,1.08,0.85,0.001,0.3,1.0,1000,12,200,1584,500,24.0,False,1680.0,20000,20000.0,3227,3227,0.537475016655563,1.0,3207,21,3097,0,1042532,1162092
21000095,chronic,95,6.0,15.0,1.08,0.85,0.001,0.3,1.0,1000,48,200,396,500,24.0,False,1200.0,20000,20000.0,3259,3259,0.5428047968021319,1.0,3240,34,3087,0,1013771,1052526
21000092,chronic,92,6.0,15.0,1.08,0.85,0.001,0.3,1.0,1000,48,200,396,500,24.0,False,1560.0,20000,20000.0,3255,3255,0.5421385742838108,1.0,3228,32,2735,0,1012766,1051399
21000099,chronic,99,6.0,15.0,1.08,0.85,0.001,0.3,1.0,1000,24,200,792,500,24.0,False,1176.0,20000,20000.0,3349,3349,0.5577948034643571,1.0,3314,36,2874,0,1070127,1148835
21000096,chronic,96,6.0,15.0,1.08,0.85,0.001,0.3,1.0,1000,48,200,396,500,24.0,False,1056.0,20000,20000.0,3219,3219,0.5361425716189208,1.0,3196,40,2778,0,1014310,1052948
21000097,chronic,97,6.0,15.0,1.08,0.85,0.001,0.3,1.0,1000,24,200,792,500,24.0,False,1056.0,20000,20000.0,3359,3359,0.5594603597601598,1.0,3326,36,3302,0,1081718,1161212
21000093,chronic,93,6.0,15.0,1.08,0.85,0.001,0.3,1.0,1000,48,200,396,500,24.0,False,1080.0,20000,20000.0,3218,3218,0.5359760159893404,1.0,3194,26,2740,0,1011694,1050441
21000094,chronic,94,6.0,15.0,1.08,0.85,0.001,0.3,1.0,1000,24,200,792,500,24.0,False,1224.0,20000,20000.0,3321,3321,0.5531312458361093,1.0,3286,24,2889,0,1064919,1143639
21000098,chronic,98,6.0,15.0,1.08,0.85,0.001,0.3,1.0,1000,24,200,792,500,24.0,False,1056.0,20000,20000.0,3348,3348,0.5576282478347768,1.0,3309,25,2934,0,1082527,1161531
