run_id,scenario,seed,tau_d,cyc_h,Twake,sigma,pRevert,revStore,oxyRev,wound_start_h,wound_freq_h,wound_size,wounds_inflicted,stop_threshold,check_every_h,wounding_stops_on_threshold,clone_established_at_h,target_hours,elapsed_h,final_clone_size,final_cells_total,final_density,final_clone_frac,final_burden,rev_total,rev_lost,rev_oxy_death,shed_total,div_total
6,bounded,6,6.0,15.0,1.08,0.85,0.001,0.33,0.35,1000,24,200,792,500,24.0,True,,20000,20000.0,1,3257,0.5424716855429713,0.00030703101013202335,2,439,254,2842,422190,462133
4,bounded,4,6.0,15.0,1.08,0.85,0.001,0.33,0.35,1000,24,200,792,500,24.0,True,,20000,20000.0,0,3330,0.5546302465023317,0.0,0,485,494,5373,424979,464641
9,bounded,9,6.0,15.0,1.08,0.85,0.001,0.33,0.35,1000,12,200,1584,500,24.0,True,,20000,20000.0,2,3117,0.5191538974017322,0.0006416426050689766,17,490,428,6026,409075,466412
3,bounded,3,6.0,15.0,1.08,0.85,0.001,0.33,0.35,1000,24,200,792,500,24.0,True,,20000,20000.0,0,3180,0.5296469020652899,0.0,0,450,754,8192,428280,468526
12,bounded,12,6.0,15.0,1.08,0.85,0.001,0.33,0.35,1000,24,200,792,500,24.0,True,,20000,20000.0,6,3211,0.5348101265822784,0.0018685767673621925,17,461,380,4130,423499,463345
7,bounded,7,6.0,15.0,1.08,0.85,0.001,0.33,0.35,1000,48,200,396,500,24.0,True,,20000,20000.0,1,3248,0.5409726848767489,0.0003078817733990148,2,480,206,2838,435606,461292
15,bounded,15,6.0,15.0,1.08,0.85,0.001,0.33,0.35,1000,48,200,396,500,24.0,True,,20000,20000.0,1,3167,0.5274816788807462,0.00031575623618566466,5,443,477,5965,438821,464734
1,bounded,1,6.0,15.0,1.08,0.85,0.001,0.33,0.35,1000,48,200,396,500,24.0,True,,20000,20000.0,0,3341,0.5564623584277149,0.0,0,445,203,2825,435381,461062
10,bounded,10,6.0,15.0,1.08,0.85,0.001,0.33,0.35,1000,24,200,792,500,24.0,True,,20000,20000.0,0,3268,0.5443037974683544,0.0,0,472,288,3538,423226,462946
0,bounded,0,6.0,15.0,1.08,0.85,0.001,0.33,0.35,1000,24,200,792,500,24.0,True,,20000,20000.0,4,3077,0.512491672218521,0.0012999675008124798,28,474,439,5349,425173,464777
14,bounded,14,6.0,15.0,1.08,0.85,0.001,0.33,0.35,1000,48,200,396,500,24.0,True,,20000,20000.0,1,3309,0.5511325782811459,0.0003022061045633122,8,432,343,4238,436056,461673
13,bounded,13,6.0,15.0,1.08,0.85,0.001,0.33,0.35,1000,24,200,792,500,24.0,True,,20000,20000.0,1,3128,0.5209860093271153,0.00031969309462915604,1,460,475,5464,425201,465262
8,bounded,8,6.0,15.0,1.08,0.85,0.001,0.33,0.35,1000,24,200,792,500,24.0,True,,20000,20000.0,3,3201,0.5331445702864757,0.0009372071227741331,22,453,272,3101,422894,462643
11,bounded,11,6.0,15.0,1.08,0.85,0.001,0.33,0.35,1000,12,200,1173,500,24.0,True,15072.0,20000,20000.0,0,3249,0.5411392405063291,0.0,0,396,3319,93107,530632,577979
5,bounded,5,6.0,15.0,1.08,0.85,0.001,0.33,0.35,1000,12,200,1584,500,24.0,True,,20000,20000.0,78,3078,0.5126582278481012,0.025341130604288498,195,463,2105,37216,445500,506865
2,bounded,2,6.0,15.0,1.08,0.85,0.001,0.33,0.35,1000,12,200,537,500,24.0,True,7440.0,20000,20000.0,3,3330,0.5546302465023317,0.0009009009009009009,21,429,2680,63997,514589,536699
18,bounded,18,6.0,15.0,1.08,0.85,0.001,0.33,0.35,1000,48,200,396,500,24.0,True,,20000,20000.0,3,3236,0.5389740173217855,0.000927070457354759,4,461,325,4132,436417,461997
29,bounded,29,6.0,15.0,1.08,0.85,0.001,0.33,0.35,1000,12,200,1584,500,24.0,True,,20000,20000.0,4,3108,0.5176548967355097,0.001287001287001287,73,455,796,12127,415702,474284
28,bounded,28,6.0,15.0,1.08,0.85,0.001,0.33,0.35,1000,48,200,396,500,24.0,True,,20000,20000.0,0,3318,0.5526315789473685,0.0,0,471,163,2191,434262,459792
27,bounded,27,6.0,15.0,1.08,0.85,0.001,0.33,0.35,1000,48,200,396,500,24.0,True,,20000,20000.0,1,3261,0.5431379080612925,0.00030665440049064706,4,512,237,2810,435464,461144
30,bounded,30,6.0,15.0,1.08,0.85,0.001,0.33,0.35,1000,12,200,1584,500,24.0,True,,20000,20000.0,7,3118,0.5193204530313125,0.0022450288646568314,21,473,678,10353,413293,470875
20,bounded,20,6.0,15.0,1.08,0.85,0.001,0.33,0.35,1000,24,200,792,500,24.0,True,,20000,20000.0,2,3275,0.5454696868754164,0.0006106870229007634,7,454,676,8075,428223,468479
25,bounded,25,6.0,15.0,1.08,0.85,0.001,0.33,0.35,1000,48,200,396,500,24.0,True,,20000,20000.0,0,3341,0.5564623584277149,0.0,0,430,238,2769,434397,460167
21,bounded,21,6.0,15.0,1.08,0.85,0.001,0.33,0.35,1000,48,200,396,500,24.0,True,,20000,20000.0,1,3311,0.5514656895403065,0.0003020235578375113,1,434,211,2836,435130,460752
26,bounded,26,6.0,15.0,1.08,0.85,0.001,0.33,0.35,1000,24,200,792,500,24.0,True,,20000,20000.0,0,3294,0.5486342438374417,0.0,0,463,316,3800,422993,462765
16,bounded,16,6.0,15.0,1.08,0.85,0.001,0.33,0.35,1000,12,200,1584,500,24.0,True,,20000,20000.0,2,3079,0.5128247834776816,0.0006495615459564793,13,446,441,7222,410195,467567
24,bounded,24,6.0,15.0,1.08,0.85,0.001,0.33,0.35,1000,48,200,396,500,24.0,True,,20000,20000.0,2,3334,0.5552964690206529,0.0005998800239952009,13,430,172,2378,435023,460641
17,bounded,17,6.0,15.0,1.08,0.85,0.001,0.33,0.35,1000,48,200,396,500,24.0,True,,20000,20000.0,1,3323,0.5534643570952699,0.0003009328919650918,1,477,338,3933,436490,462297
31,bounded,31,6.0,15.0,1.08,0.85,0.001,0.33,0.35,1000,12,200,1584,500,24.0,True,,20000,20000.0,1,3092,0.5149900066622252,0.0003234152652005175,9,456,575,7530,411139,468569
22,bounded,22,6.0,15.0,1.08,0.85,0.001,0.33,0.35,1000,48,200,396,500,24.0,True,,20000,20000.0,2,3326,0.5539640239840107,0.0006013229104028864,10,500,407,4882,436865,462960
23,bounded,23,6.0,15.0,1.08,0.85,0.001,0.33,0.35,1000,12,200,1584,500,24.0,True,,20000,20000.0,25,3197,0.5324783477681546,0.00781983109164842,87,471,3906,68782,482433,548035
19,bounded,19,6.0,15.0,1.08,0.85,0.001,0.33,0.35,1000,12,200,813,500,24.0,True,10752.0,20000,20000.0,0,3303,0.5501332445036642,0.0,0,412,3369,85660,532667,566559
41,bounded,41,6.0,15.0,1.08,0.85,0.001,0.33,0.35,1000,48,200,396,500,24.0,True,,20000,20000.0,0,3326,0.5539640239840107,0.0,0,443,238,2919,434626,460389
32,bounded,32,6.0,15.0,1.08,0.85,0.001,0.33,0.35,1000,48,200,396,500,24.0,True,,20000,20000.0,1,3384,0.5636242504996669,0.0002955082742316785,1,476,321,4091,436849,462496
44,bounded,44,6.0,15.0,1.08,0.85,0.001,0.33,0.35,1000,24,200,792,500,24.0,True,,20000,20000.0,2,3249,0.5411392405063291,0.0006155740227762388,5,469,564,6532,426602,466528
39,bounded,39,6.0,15.0,1.08,0.85,0.001,0.33,0.35,1000,24,200,792,500,24.0,True,,20000,20000.0,1,3288,0.54763491005996,0.00030413625304136254,2,446,527,5118,425366,465457
35,bounded,35,6.0,15.0,1.08,0.85,0.001,0.33,0.35,1000,24,200,792,500,24.0,True,,20000,20000.0,2,3274,0.5453031312458361,0.0006108735491753207,5,471,259,3036,422878,462411
42,bounded,42,6.0,15.0,1.08,0.85,0.001,0.33,0.35,1000,48,200,396,500,24.0,True,,20000,20000.0,3,3218,0.5359760159893404,0.0009322560596643878,9,422,367,4859,437400,463304
47,bounded,47,6.0,15.0,1.08,0.85,0.001,0.33,0.35,1000,48,200,396,500,24.0,True,,20000,20000.0,1,3187,0.5308127914723517,0.00031377470975839345,1,456,391,4776,437439,463144
38,bounded,38,6.0,15.0,1.08,0.85,0.001,0.33,0.35,1000,24,200,792,500,24.0,True,,20000,20000.0,0,3275,0.5454696868754164,0.0,0,496,296,3409,423564,463386
46,bounded,46,6.0,15.0,1.08,0.85,0.001,0.33,0.35,1000,12,200,1584,500,24.0,True,,20000,20000.0,3,3096,0.5156562291805463,0.0009689922480620155,15,477,869,13034,416295,474739
36,bounded,36,6.0,15.0,1.08,0.85,0.001,0.33,0.35,1000,24,200,792,500,24.0,True,,20000,20000.0,1,3173,0.5284810126582279,0.0003151591553734636,6,450,411,4872,424836,464636
33,bounded,33,6.0,15.0,1.08,0.85,0.001,0.33,0.35,1000,12,200,1584,500,24.0,True,,20000,20000.0,1,3227,0.537475016655563,0.0003098853424233034,8,444,1091,17249,421328,480759
43,bounded,43,6.0,15.0,1.08,0.85,0.001,0.33,0.35,1000,48,200,396,500,24.0,True,,20000,20000.0,0,3247,0.5408061292471685,0.0,0,452,249,3642,436155,461821
40,bounded,40,6.0,15.0,1.08,0.85,0.001,0.33,0.35,1000,12,200,1584,500,24.0,True,,20000,20000.0,3,3193,0.5318121252498335,0.0009395552771688068,9,495,728,10459,413901,472101
37,bounded,37,6.0,15.0,1.08,0.85,0.001,0.33,0.35,1000,12,200,847,500,24.0,True,11160.0,20000,20000.0,1,3297,0.5491339107261826,0.00030330603579011223,2,424,3676,104937,555459,592875
34,bounded,34,6.0,15.0,1.08,0.85,0.001,0.33,0.35,1000,12,200,1561,500,24.0,True,19728.0,20000,20000.0,458,3168,0.5276482345103265,0.14457070707070707,533,407,3835,85120,504863,569561
45,bounded,45,6.0,15.0,1.08,0.85,0.001,0.33,0.35,1000,12,200,905,500,24.0,True,11856.0,20000,20000.0,2,3366,0.5606262491672218,0.0005941770647653001,7,445,2751,70317,510413,547609
49,bounded,49,6.0,15.0,1.08,0.85,0.001,0.33,0.35,1000,48,200,396,500,24.0,True,,20000,20000.0,0,3246,0.5406395736175883,0.0,0,439,280,3525,435885,461407
62,bounded,62,6.0,15.0,1.08,0.85,0.001,0.33,0.35,1000,48,200,396,500,24.0,True,,20000,20000.0,1,3341,0.5564623584277149,0.000299311583358276,5,444,277,3805,436723,462497
51,bounded,51,6.0,15.0,1.08,0.85,0.001,0.33,0.35,1000,24,200,792,500,24.0,True,,20000,20000.0,2,3149,0.5244836775483012,0.0006351222610352493,9,438,278,3242,422922,462453
60,bounded,60,6.0,15.0,1.08,0.85,0.001,0.33,0.35,1000,24,200,792,500,24.0,True,,20000,20000.0,2,3185,0.5304796802131913,0.0006279434850863422,7,444,452,5228,424963,465144
53,bounded,53,6.0,15.0,1.08,0.85,0.001,0.33,0.35,1000,48,200,396,500,24.0,True,,20000,20000.0,1,3287,0.5474683544303798,0.000304228780042592,5,413,215,3196,436025,461687
52,bounded,52,6.0,15.0,1.08,0.85,0.001,0.33,0.35,1000,12,200,1584,500,24.0,True,,20000,20000.0,2,3078,0.5126582278481012,0.000649772579597141,8,456,543,9482,412909,470137
54,bounded,54,6.0,15.0,1.08,0.85,0.001,0.33,0.35,1000,24,200,792,500,24.0,True,,20000,20000.0,1,3110,0.5179880079946703,0.0003215434083601286,3,465,279,3558,423256,462724
59,bounded,59,6.0,15.0,1.08,0.85,0.001,0.33,0.35,1000,48,200,396,500,24.0,True,,20000,20000.0,0,3240,0.5396402398401066,0.0,0,462,237,3294,435891,461660
50,bounded,50,6.0,15.0,1.08,0.85,0.001,0.33,0.35,1000,12,200,1584,500,24.0,True,,20000,20000.0,5,3081,0.5131578947368421,0.0016228497241155468,44,450,1178,18432,423096,481830
57,bounded,57,6.0,15.0,1.08,0.85,0.001,0.33,0.35,1000,48,200,396,500,24.0,True,,20000,20000.0,2,3198,0.5326449033977348,0.0006253908692933083,18,450,241,3525,436084,461654
48,bounded,48,6.0,15.0,1.08,0.85,0.001,0.33,0.35,1000,12,200,749,500,24.0,True,9984.0,20000,20000.0,1,3381,0.5631245836109261,0.0002957704821058858,1,452,1485,40638,480280,508097
58,bounded,58,6.0,15.0,1.08,0.85,0.001,0.33,0.35,1000,12,200,1584,500,24.0,True,,20000,20000.0,147,3072,0.5116588940706196,0.0478515625,235,463,1565,23829,429675,489246
56,bounded,56,6.0,15.0,1.08,0.85,0.001,0.33,0.35,1000,48,200,396,500,24.0,True,,20000,20000.0,8,3243,0.5401399067288475,0.002466851680542707,25,451,321,3971,435983,461872
63,bounded,63,6.0,15.0,1.08,0.85,0.001,0.33,0.35,1000,48,200,396,500,24.0,True,,20000,20000.0,2,3147,0.5241505662891406,0.0006355258976803305,5,470,302,4053,436399,462040
55,bounded,55,6.0,15.0,1.08,0.85,0.001,0.33,0.35,1000,12,200,1584,500,24.0,True,,20000,20000.0,142,3097,0.5158227848101266,0.04585082337746206,267,439,3981,82848,499248,564812
61,bounded,61,6.0,15.0,1.08,0.85,0.001,0.33,0.35,1000,12,200,1584,500,24.0,True,,20000,20000.0,244,3117,0.5191538974017322,0.07828039781841514,321,416,6357,175907,616206,688810
64,bounded,64,6.0,15.0,1.08,0.85,0.001,0.33,0.35,1000,48,200,396,500,24.0,True,,20000,20000.0,2,3329,0.5544636908727515,0.0006007810153199159,8,459,244,3236,435547,461343
78,bounded,78,6.0,15.0,1.08,0.85,0.001,0.33,0.35,1000,48,200,396,500,24.0,True,,20000,20000.0,0,3263,0.543471019320453,0.0,0,459,317,4112,437552,463251
73,bounded,73,6.0,15.0,1.08,0.85,0.001,0.33,0.35,1000,48,200,396,500,24.0,True,,20000,20000.0,1,3285,0.5471352431712192,0.00030441400304414006,2,438,224,2976,435277,460801
74,bounded,74,6.0,15.0,1.08,0.85,0.001,0.33,0.35,1000,12,200,1584,500,24.0,True,,20000,20000.0,0,3140,0.5229846768820786,0.0,0,490,399,5710,408078,464777
67,bounded,67,6.0,15.0,1.08,0.85,0.001,0.33,0.35,1000,12,200,1584,500,24.0,True,,20000,20000.0,6,3108,0.5176548967355097,0.0019305019305019305,62,437,472,7040,410097,467405
71,bounded,71,6.0,15.0,1.08,0.85,0.001,0.33,0.35,1000,48,200,396,500,24.0,True,,20000,20000.0,0,3376,0.5622918054630246,0.0,0,453,213,3286,434708,460308
77,bounded,77,6.0,15.0,1.08,0.85,0.001,0.33,0.35,1000,24,200,792,500,24.0,True,,20000,20000.0,1,3209,0.534477015323118,0.0003116235587410408,5,479,467,4912,424471,464283
69,bounded,69,6.0,15.0,1.08,0.85,0.001,0.33,0.35,1000,24,200,792,500,24.0,True,,20000,20000.0,0,3209,0.534477015323118,0.0,0,448,396,4356,423873,464021
72,bounded,72,6.0,15.0,1.08,0.85,0.001,0.33,0.35,1000,48,200,396,500,24.0,True,,20000,20000.0,2,3265,0.5438041305796136,0.0006125574272588055,6,454,171,2202,434972,460781
65,bounded,65,6.0,15.0,1.08,0.85,0.001,0.33,0.35,1000,24,200,792,500,24.0,True,,20000,20000.0,1,3198,0.5326449033977348,0.00031269543464665416,2,455,439,5257,424920,464737
76,bounded,76,6.0,15.0,1.08,0.85,0.001,0.33,0.35,1000,48,200,396,500,24.0,True,,20000,20000.0,2,3205,0.5338107928047968,0.0006240249609984399,14,427,285,3724,435586,461082
75,bounded,75,6.0,15.0,1.08,0.85,0.001,0.33,0.35,1000,24,200,792,500,24.0,True,,20000,20000.0,0,3124,0.5203197868087941,0.0,0,471,431,5316,425310,465098
68,bounded,68,6.0,15.0,1.08,0.85,0.001,0.33,0.35,1000,12,200,1584,500,24.0,True,,20000,20000.0,3,3140,0.5229846768820786,0.0009554140127388535,11,452,823,11948,415770,474327
70,bounded,70,6.0,15.0,1.08,0.85,0.001,0.33,0.35,1000,12,200,1584,500,24.0,True,,20000,20000.0,16,3170,0.527981345769487,0.005047318611987382,89,433,2458,42560,451578,513817
66,bounded,66,6.0,15.0,1.08,0.85,0.001,0.33,0.35,1000,12,200,1283,500,24.0,True,16392.0,20000,20000.0,2,3221,0.5364756828780812,0.0006209251785159888,3,408,2238,56060,479584,529392
79,bounded,79,6.0,15.0,1.08,0.85,0.001,0.33,0.35,1000,12,200,1584,500,24.0,True,,20000,20000.0,410,3069,0.5111592271818788,0.1335940045617465,501,386,4534,102393,524374,591451
82,bounded,82,6.0,15.0,1.08,0.85,0.001,0.33,0.35,1000,24,200,792,500,24.0,True,,20000,20000.0,2,3217,0.5358094603597602,0.0006216972334473111,5,452,333,3675,423272,463337
93,bounded,93,6.0,15.0,1.08,0.85,0.001,0.33,0.35,1000,12,200,1584,500,24.0,True,,20000,20000.0,2,3158,0.5259826782145236,0.0006333122229259025,14,448,286,4658,406880,463767
86,bounded,86,6.0,15.0,1.08,0.85,0.001,0.33,0.35,1000,24,200,792,500,24.0,True,,20000,20000.0,2,3182,0.5299800133244503,0.0006285355122564425,6,442,243,2834,422142,461800
84,bounded,84,6.0,15.0,1.08,0.85,0.001,0.33,0.35,1000,12,200,1584,500,24.0,True,,20000,20000.0,0,3214,0.5353097934710194,0.0,0,478,450,6729,409941,467641
80,bounded,80,6.0,15.0,1.08,0.85,0.001,0.33,0.35,1000,12,200,1584,500,24.0,True,,20000,20000.0,466,3053,0.5084943371085943,0.15263675073698002,568,436,2781,76167,495137,557393
88,bounded,88,6.0,15.0,1.08,0.85,0.001,0.33,0.35,1000,24,200,792,500,24.0,True,,20000,20000.0,1,3160,0.5263157894736842,0.00031645569620253165,3,462,945,12379,433354,473806
95,bounded,95,6.0,15.0,1.08,0.85,0.001,0.33,0.35,1000,48,200,396,500,24.0,True,,20000,20000.0,0,3405,0.5671219187208527,0.0,0,430,179,2920,435506,461500
85,bounded,85,6.0,15.0,1.08,0.85,0.001,0.33,0.35,1000,12,200,1584,500,24.0,True,,20000,20000.0,2,3101,0.5164890073284477,0.0006449532408900354,41,475,2409,46651,456671,519089
90,bounded,90,6.0,15.0,1.08,0.85,0.001,0.33,0.35,1000,24,200,792,500,24.0,True,,20000,20000.0,1,3190,0.5313124583610926,0.00031347962382445143,4,467,275,3355,422508,461699
87,bounded,87,6.0,15.0,1.08,0.85,0.001,0.33,0.35,1000,48,200,396,500,24.0,True,,20000,20000.0,1,3219,0.5361425716189208,0.00031065548306927616,4,493,128,2086,434592,460093
92,bounded,92,6.0,15.0,1.08,0.85,0.001,0.33,0.35,1000,12,200,1567,500,24.0,True,19800.0,20000,20000.0,431,3224,0.5369753497668222,0.1336848635235732,534,441,2912,67032,482855,545222
81,bounded,81,6.0,15.0,1.08,0.85,0.001,0.33,0.35,1000,12,200,1584,500,24.0,True,,20000,20000.0,216,3154,0.5253164556962026,0.06848446417247939,345,435,5349,112439,536008,605640
91,bounded,91,6.0,15.0,1.08,0.85,0.001,0.33,0.35,1000,24,200,792,500,24.0,True,,20000,20000.0,3,3188,0.5309793471019321,0.0009410288582183187,22,485,382,4243,424001,463977
94,bounded,94,6.0,15.0,1.08,0.85,0.001,0.33,0.35,1000,12,200,1201,500,24.0,True,15408.0,20000,20000.0,0,3370,0.561292471685543,0.0,0,435,3490,80699,512094,561970
89,bounded,89,6.0,15.0,1.08,0.85,0.001,0.33,0.35,1000,12,200,1357,500,24.0,True,17280.0,20000,20000.0,1,3282,0.5466355762824784,0.0003046922608165753,3,440,3361,96346,527526,583122
83,bounded,83,6.0,15.0,1.08,0.85,0.001,0.33,0.35,1000,12,200,1584,500,24.0,True,,20000,20000.0,49,3119,0.5194870086608927,0.015710163513946777,167,449,1364,21261,426261,485401
100000,bounded,0,6.0,15.0,1.08,0.85,0.001,0.33,0.4,1000,12,200,217,500,24.0,True,3600.0,20000,20000.0,1,3349,0.5577948034643571,0.00029859659599880563,2,432,2104,43473,504429,513321
96,bounded,96,6.0,15.0,1.08,0.85,0.001,0.33,0.35,1000,24,200,792,500,24.0,True,,20000,20000.0,1,3243,0.5401399067288475,0.0003083564600678384,2,463,559,6456,425847,465824
100011,bounded,11,6.0,15.0,1.08,0.85,0.001,0.33,0.4,1000,48,200,396,500,24.0,True,,20000,20000.0,2,3218,0.5359760159893404,0.0006215040397762585,6,477,776,8525,442414,468464
97,bounded,97,6.0,15.0,1.08,0.85,0.001,0.33,0.35,1000,12,200,1584,500,24.0,True,,20000,20000.0,5,3135,0.5221518987341772,0.001594896331738437,30,459,311,4010,406793,463793
98,bounded,98,6.0,15.0,1.08,0.85,0.001,0.33,0.35,1000,24,200,792,500,24.0,True,,20000,20000.0,1,3174,0.5286475682878081,0.000315059861373661,2,478,407,4714,424820,465028
100003,bounded,3,6.0,15.0,1.08,0.85,0.001,0.33,0.4,1000,12,200,727,500,24.0,True,9720.0,20000,20000.0,1,3312,0.5516322451698867,0.00030193236714975844,2,442,3168,64564,514249,545416
100008,bounded,8,6.0,15.0,1.08,0.85,0.001,0.33,0.4,1000,48,200,396,500,24.0,True,,20000,20000.0,1,3287,0.5474683544303798,0.000304228780042592,2,427,430,4630,437131,462851
100005,bounded,5,6.0,15.0,1.08,0.85,0.001,0.33,0.4,1000,48,200,396,500,24.0,True,,20000,20000.0,3,3339,0.5561292471685543,0.0008984725965858042,26,437,378,3937,436704,462518
100004,bounded,4,6.0,15.0,1.08,0.85,0.001,0.33,0.4,1000,48,200,396,500,24.0,True,,20000,20000.0,2,3331,0.5547968021319121,0.0006004202942059442,5,427,338,3862,437263,463139
100001,bounded,1,6.0,15.0,1.08,0.85,0.001,0.33,0.4,1000,48,200,396,500,24.0,True,,20000,20000.0,0,3318,0.5526315789473685,0.0,0,457,398,4472,437630,463581
100002,bounded,2,6.0,15.0,1.08,0.85,0.001,0.33,0.4,1000,24,200,792,500,24.0,True,,20000,20000.0,4,3211,0.5348101265822784,0.0012457178449081284,51,483,1132,11762,433586,474564
99,bounded,99,6.0,15.0,1.08,0.85,0.001,0.33,0.35,1000,12,200,1584,500,24.0,True,,20000,20000.0,321,3050,0.5079946702198535,0.10524590163934426,427,438,2538,63842,478949,540678
100007,bounded,7,6.0,15.0,1.08,0.85,0.001,0.33,0.4,1000,24,200,792,500,24.0,True,,20000,20000.0,2,3245,0.540473017988008,0.0006163328197226503,5,447,519,5163,425636,465560
100010,bounded,10,6.0,15.0,1.08,0.85,0.001,0.33,0.4,1000,12,200,1584,500,24.0,True,,20000,20000.0,2,3213,0.535143237841439,0.0006224712107065049,18,477,2197,29363,437466,500152
100006,bounded,6,6.0,15.0,1.08,0.85,0.001,0.33,0.4,1000,12,200,367,500,24.0,True,5400.0,20000,20000.0,3,3273,0.5451365756162558,0.0009165902841429881,3,445,2436,56588,517436,532617
100009,bounded,9,6.0,15.0,1.08,0.85,0.001,0.33,0.4,1000,12,200,529,500,24.0,True,7344.0,20000,20000.0,0,3161,0.5264823451032645,0.0,0,418,3138,88713,556595,579794
100014,bounded,14,6.0,15.0,1.08,0.85,0.001,0.33,0.4,1000,48,200,396,500,24.0,True,,20000,20000.0,2,3185,0.5304796802131913,0.0006279434850863422,5,456,391,4510,437543,463125
100016,bounded,16,6.0,15.0,1.08,0.85,0.001,0.33,0.4,1000,48,200,396,500,24.0,True,,20000,20000.0,2,3265,0.5438041305796136,0.0006125574272588055,12,452,369,4427,437373,463276
100015,bounded,15,6.0,15.0,1.08,0.85,0.001,0.33,0.4,1000,24,200,792,500,24.0,True,,20000,20000.0,0,3201,0.5331445702864757,0.0,0,437,897,9060,430220,470562
100013,bounded,13,6.0,15.0,1.08,0.85,0.001,0.33,0.4,1000,24,200,792,500,24.0,True,,20000,20000.0,3,3277,0.545802798134577,0.00091547146780592,18,457,892,8617,429329,470150
100017,bounded,17,6.0,15.0,1.08,0.85,0.001,0.33,0.4,1000,12,200,377,500,24.0,True,5520.0,20000,20000.0,0,3348,0.5576282478347768,0.0,0,427,2396,53443,512196,527989
100027,bounded,27,6.0,15.0,1.08,0.85,0.001,0.33,0.4,1000,24,200,792,500,24.0,True,,20000,20000.0,2,3190,0.5313124583610926,0.0006269592476489029,3,495,823,8118,429444,469910
100018,bounded,18,6.0,15.0,1.08,0.85,0.001,0.33,0.4,1000,24,200,792,500,24.0,True,,20000,20000.0,2,3257,0.5424716855429713,0.0006140620202640467,9,464,1322,13381,435801,476923
100012,bounded,12,6.0,15.0,1.08,0.85,0.001,0.33,0.4,1000,24,200,792,500,24.0,True,,20000,20000.0,1,3180,0.5296469020652899,0.00031446540880503143,1,480,784,7176,427626,468217
100022,bounded,22,6.0,15.0,1.08,0.85,0.001,0.33,0.4,1000,48,200,396,500,24.0,True,,20000,20000.0,0,3256,0.5423051299133911,0.0,0,453,883,8959,443464,469824
100019,bounded,19,6.0,15.0,1.08,0.85,0.001,0.33,0.4,1000,48,200,396,500,24.0,True,,20000,20000.0,1,3365,0.5604596935376416,0.00029717682020802375,2,447,634,7331,441403,467565
100025,bounded,25,6.0,15.0,1.08,0.85,0.001,0.33,0.4,1000,24,200,792,500,24.0,True,,20000,20000.0,11,3261,0.5431379080612925,0.0033731984053971173,24,481,974,8940,429758,470581
100026,bounded,26,6.0,15.0,1.08,0.85,0.001,0.33,0.4,1000,12,200,391,500,24.0,True,5688.0,20000,20000.0,1,3284,0.5469686875416389,0.0003045066991473812,6,429,1852,41893,496040,511840
100023,bounded,23,6.0,15.0,1.08,0.85,0.001,0.33,0.4,1000,12,200,709,500,24.0,True,9504.0,20000,20000.0,7,3329,0.5544636908727515,0.0021027335536197055,27,423,3387,78560,534098,564803
100021,bounded,21,6.0,15.0,1.08,0.85,0.001,0.33,0.4,1000,12,200,1153,500,24.0,True,14832.0,20000,20000.0,2,3475,0.5787808127914723,0.0005755395683453237,5,445,4829,101414,548832,599112
100020,bounded,20,6.0,15.0,1.08,0.85,0.001,0.33,0.4,1000,48,200,396,500,24.0,True,,20000,20000.0,0,3308,0.5509660226515656,0.0,0,427,798,8187,442355,468520
100024,bounded,24,6.0,15.0,1.08,0.85,0.001,0.33,0.4,1000,12,200,1223,500,24.0,True,15672.0,20000,20000.0,4,3281,0.546469020652898,0.0012191405059433099,27,417,5488,120025,572492,626285
100032,bounded,32,6.0,15.0,1.08,0.85,0.001,0.33,0.4,1000,24,200,792,500,24.0,True,,20000,20000.0,2,3269,0.5444703530979347,0.000611807892321811,24,460,737,7433,428083,468794
100036,bounded,36,6.0,15.0,1.08,0.85,0.001,0.33,0.4,1000,48,200,396,500,24.0,True,,20000,20000.0,2,3333,0.5551299133910726,0.0006000600060006001,8,484,494,5315,438611,464473
100029,bounded,29,6.0,15.0,1.08,0.85,0.001,0.33,0.4,1000,12,200,661,500,24.0,True,8928.0,20000,20000.0,2,3237,0.5391405729513657,0.0006178560395427865,11,424,1989,40029,484932,510471
100039,bounded,39,6.0,15.0,1.08,0.85,0.001,0.33,0.4,1000,12,200,611,500,24.0,True,8328.0,20000,20000.0,1,3233,0.5384743504330446,0.0003093102381688834,2,488,2366,50404,501775,525722
100037,bounded,37,6.0,15.0,1.08,0.85,0.001,0.33,0.4,1000,48,200,396,500,24.0,True,,20000,20000.0,1,3308,0.5509660226515656,0.0003022974607013301,1,404,345,3701,436075,461598
100042,bounded,42,6.0,15.0,1.08,0.85,0.001,0.33,0.4,1000,24,200,792,500,24.0,True,,20000,20000.0,7,3158,0.5259826782145236,0.002216592780240659,16,444,935,9564,430663,471028
100043,bounded,43,6.0,15.0,1.08,0.85,0.001,0.33,0.4,1000,12,200,663,500,24.0,True,8952.0,20000,20000.0,5,3308,0.5509660226515656,0.0015114873035066505,13,459,3464,74236,530072,558596
100034,bounded,34,6.0,15.0,1.08,0.85,0.001,0.33,0.4,1000,48,200,396,500,24.0,True,,20000,20000.0,3,3240,0.5396402398401066,0.000925925925925926,10,472,551,5955,439270,465160
100028,bounded,28,6.0,15.0,1.08,0.85,0.001,0.33,0.4,1000,12,200,695,500,24.0,True,9336.0,20000,20000.0,3,3237,0.5391405729513657,0.0009267840593141798,8,449,3656,77230,533595,563670
100040,bounded,40,6.0,15.0,1.08,0.85,0.001,0.33,0.4,1000,12,200,469,500,24.0,True,6624.0,20000,20000.0,2,3233,0.5384743504330446,0.0006186204763377668,9,447,2621,68384,529976,549679
100041,bounded,41,6.0,15.0,1.08,0.85,0.001,0.33,0.4,1000,48,200,396,500,24.0,True,,20000,20000.0,2,3273,0.5451365756162558,0.0006110601894286587,9,435,745,8542,442689,468824
100038,bounded,38,6.0,15.0,1.08,0.85,0.001,0.33,0.4,1000,12,200,937,500,24.0,True,12240.0,20000,20000.0,1,3348,0.5576282478347768,0.0002986857825567503,5,453,3163,64450,508211,546845
100031,bounded,31,6.0,15.0,1.08,0.85,0.001,0.33,0.4,1000,12,200,537,500,24.0,True,7440.0,20000,20000.0,2,3276,0.5456362425049966,0.0006105006105006105,10,426,2956,73301,534431,557612
100033,bounded,33,6.0,15.0,1.08,0.85,0.001,0.33,0.4,1000,12,200,865,500,24.0,True,11376.0,20000,20000.0,1,3248,0.5409726848767489,0.0003078817733990148,2,437,2613,53097,495247,529513
100030,bounded,30,6.0,15.0,1.08,0.85,0.001,0.33,0.4,1000,12,200,665,500,24.0,True,8976.0,20000,20000.0,2,3253,0.5418054630246503,0.0006148170919151552,3,490,3180,72052,528574,555742
100035,bounded,35,6.0,15.0,1.08,0.85,0.001,0.33,0.4,1000,12,200,499,500,24.0,True,6984.0,20000,20000.0,3,3360,0.5596269153897402,0.0008928571428571428,10,422,3976,92506,560153,584276
100059,bounded,59,6.0,15.0,1.08,0.85,0.001,0.33,0.4,1000,24,200,792,500,24.0,True,,20000,20000.0,1,3273,0.5451365756162558,0.00030553009471432935,2,475,605,5861,426381,466749
100046,bounded,46,6.0,15.0,1.08,0.85,0.001,0.33,0.4,1000,24,200,792,500,24.0,True,,20000,20000.0,2,3273,0.5451365756162558,0.0006110601894286587,7,476,1055,10485,431735,472363
100049,bounded,49,6.0,15.0,1.08,0.85,0.001,0.33,0.4,1000,12,200,591,500,24.0,True,8088.0,20000,20000.0,2,3302,0.549966688874084,0.0006056935190793458,4,428,2614,62516,518076,542436
100047,bounded,47,6.0,15.0,1.08,0.85,0.001,0.33,0.4,1000,48,200,396,500,24.0,True,,20000,20000.0,1,3268,0.5443037974683544,0.0003059975520195838,7,426,622,6361,440307,466537
100044,bounded,44,6.0,15.0,1.08,0.85,0.001,0.33,0.4,1000,48,200,396,500,24.0,True,,20000,20000.0,2,3298,0.5493004663557628,0.0006064281382656155,2,444,498,5147,437963,463932
100050,bounded,50,6.0,15.0,1.08,0.85,0.001,0.33,0.4,1000,24,200,792,500,24.0,True,,20000,20000.0,0,3362,0.5599600266489008,0.0,0,466,544,5571,425392,465801
100054,bounded,54,6.0,15.0,1.08,0.85,0.001,0.33,0.4,1000,12,200,329,500,24.0,True,4944.0,20000,20000.0,1,3316,0.5522984676882079,0.00030156815440289503,2,445,2409,59443,523189,536458
100048,bounded,48,6.0,15.0,1.08,0.85,0.001,0.33,0.4,1000,24,200,792,500,24.0,True,,20000,20000.0,3,3327,0.5541305796135909,0.0009017132551848512,15,443,731,6508,426177,466903
100052,bounded,52,6.0,15.0,1.08,0.85,0.001,0.33,0.4,1000,12,200,637,500,24.0,True,8640.0,20000,20000.0,1,3293,0.5484676882078614,0.0003036744609778318,2,416,2781,57330,509575,535371
100055,bounded,55,6.0,15.0,1.08,0.85,0.001,0.33,0.4,1000,12,200,691,500,24.0,True,9288.0,20000,20000.0,1,3363,0.560126582278481,0.0002973535533749628,2,438,2952,63709,514607,544151
100045,bounded,45,6.0,15.0,1.08,0.85,0.001,0.33,0.4,1000,12,200,393,500,24.0,True,5712.0,20000,20000.0,5,3286,0.5473017988007994,0.0015216068167985392,36,468,3358,77845,543408,562269
100056,bounded,56,6.0,15.0,1.08,0.85,0.001,0.33,0.4,1000,24,200,792,500,24.0,True,,20000,20000.0,4,3123,0.5201532311792139,0.001280819724623759,12,463,1036,10418,431098,471633
100057,bounded,57,6.0,15.0,1.08,0.85,0.001,0.33,0.4,1000,24,200,792,500,24.0,True,,20000,20000.0,3,3241,0.5398067954696869,0.0009256402344955261,13,445,1517,15198,437996,479527
100051,bounded,51,6.0,15.0,1.08,0.85,0.001,0.33,0.4,1000,24,200,792,500,24.0,True,,20000,20000.0,13,3297,0.5491339107261826,0.003942978465271459,71,454,1082,12118,434356,475252
100053,bounded,53,6.0,15.0,1.08,0.85,0.001,0.33,0.4,1000,12,200,763,500,24.0,True,10152.0,20000,20000.0,1,3339,0.5561292471685543,0.0002994908655286014,5,451,3909,98119,559391,593385
100058,bounded,58,6.0,15.0,1.08,0.85,0.001,0.33,0.4,1000,12,200,1153,500,24.0,True,14832.0,20000,20000.0,1,3400,0.5662891405729513,0.0002941176470588235,5,395,5904,151364,615507,670136
100066,bounded,66,6.0,15.0,1.08,0.85,0.001,0.33,0.4,1000,24,200,792,500,24.0,True,,20000,20000.0,1,3272,0.5449700199866756,0.0003056234718826406,5,436,695,7190,427634,467670
100062,bounded,62,6.0,15.0,1.08,0.85,0.001,0.33,0.4,1000,48,200,396,500,24.0,True,,20000,20000.0,1,3396,0.5656229180546303,0.0002944640753828033,3,450,355,3594,436032,462210
100065,bounded,65,6.0,15.0,1.08,0.85,0.001,0.33,0.4,1000,12,200,941,500,24.0,True,12288.0,20000,20000.0,3,3219,0.5361425716189208,0.0009319664492078285,13,464,3928,88530,541214,580386
100070,bounded,70,6.0,15.0,1.08,0.85,0.001,0.33,0.4,1000,24,200,792,500,24.0,True,,20000,20000.0,3,3363,0.560126582278481,0.0008920606601248885,14,446,1022,9860,430531,471397
100069,bounded,69,6.0,15.0,1.08,0.85,0.001,0.33,0.4,1000,24,200,792,500,24.0,True,,20000,20000.0,10,3177,0.5291472351765489,0.0031476235442241107,58,498,1746,17178,439802,481363
100073,bounded,73,6.0,15.0,1.08,0.85,0.001,0.33,0.4,1000,48,200,396,500,24.0,True,,20000,20000.0,1,3235,0.5388074616922052,0.0003091190108191654,2,500,569,5741,438527,464458
100068,bounded,68,6.0,15.0,1.08,0.85,0.001,0.33,0.4,1000,48,200,396,500,24.0,True,,20000,20000.0,5,3263,0.543471019320453,0.0015323322096230463,26,448,477,4498,437129,463145
100067,bounded,67,6.0,15.0,1.08,0.85,0.001,0.33,0.4,1000,48,200,396,500,24.0,True,,20000,20000.0,1,3322,0.5532978014656895,0.00030102347983142685,1,462,497,5340,438545,464342
100071,bounded,71,6.0,15.0,1.08,0.85,0.001,0.33,0.4,1000,12,200,1584,500,24.0,True,,20000,20000.0,75,3108,0.5176548967355097,0.02413127413127413,162,474,980,13419,417761,476987
100074,bounded,74,6.0,15.0,1.08,0.85,0.001,0.33,0.4,1000,24,200,792,500,24.0,True,,20000,20000.0,7,3301,0.5498001332445037,0.0021205695243865495,38,483,900,8877,430301,470967
100064,bounded,64,6.0,15.0,1.08,0.85,0.001,0.33,0.4,1000,48,200,396,500,24.0,True,,20000,20000.0,1,3322,0.5532978014656895,0.00030102347983142685,10,445,698,7167,440221,466316
100075,bounded,75,6.0,15.0,1.08,0.85,0.001,0.33,0.4,1000,48,200,396,500,24.0,True,,20000,20000.0,2,3269,0.5444703530979347,0.000611807892321811,10,443,297,3595,435568,461338
100060,bounded,60,6.0,15.0,1.08,0.85,0.001,0.33,0.4,1000,12,200,325,500,24.0,True,4896.0,20000,20000.0,1,3274,0.5453031312458361,0.00030543677458766036,3,480,3510,80973,551391,566568
100063,bounded,63,6.0,15.0,1.08,0.85,0.001,0.33,0.4,1000,48,200,396,500,24.0,True,,20000,20000.0,2,3114,0.5186542305129913,0.0006422607578676942,9,486,669,6471,440278,466106
100072,bounded,72,6.0,15.0,1.08,0.85,0.001,0.33,0.4,1000,12,200,477,500,24.0,True,6720.0,20000,20000.0,2,3207,0.5341439040639574,0.0006236357966947302,9,446,2388,58752,516343,535912
100061,bounded,61,6.0,15.0,1.08,0.85,0.001,0.33,0.4,1000,12,200,997,500,24.0,True,12960.0,20000,20000.0,5,3329,0.5544636908727515,0.0015019525382997897,13,386,5309,120236,578736,625416
100081,bounded,81,6.0,15.0,1.08,0.85,0.001,0.33,0.4,1000,48,200,396,500,24.0,True,,20000,20000.0,1,3243,0.5401399067288475,0.0003083564600678384,4,440,636,7079,440562,466425
100083,bounded,83,6.0,15.0,1.08,0.85,0.001,0.33,0.4,1000,48,200,396,500,24.0,True,,20000,20000.0,0,3265,0.5438041305796136,0.0,0,473,544,5603,438494,464348
100087,bounded,87,6.0,15.0,1.08,0.85,0.001,0.33,0.4,1000,24,200,792,500,24.0,True,,20000,20000.0,2,3250,0.5413057961359093,0.0006153846153846154,40,447,585,5474,425589,465639
100078,bounded,78,6.0,15.0,1.08,0.85,0.001,0.33,0.4,1000,48,200,396,500,24.0,True,,20000,20000.0,2,3318,0.5526315789473685,0.0006027727546714888,7,457,436,4779,437879,463642
100079,bounded,79,6.0,15.0,1.08,0.85,0.001,0.33,0.4,1000,48,200,396,500,24.0,True,,20000,20000.0,1,3292,0.5483011325782812,0.00030376670716889426,9,449,405,4379,437055,462944
100090,bounded,90,6.0,15.0,1.08,0.85,0.001,0.33,0.4,1000,48,200,396,500,24.0,True,,20000,20000.0,0,3314,0.5519653564290473,0.0,0,452,511,5337,438167,464226
100077,bounded,77,6.0,15.0,1.08,0.85,0.001,0.33,0.4,1000,48,200,396,500,24.0,True,,20000,20000.0,1,3358,0.5592938041305796,0.0002977963073257892,1,463,419,4657,437195,463143
100082,bounded,82,6.0,15.0,1.08,0.85,0.001,0.33,0.4,1000,12,200,947,500,24.0,True,12360.0,20000,20000.0,1,3471,0.5781145902731513,0.0002881014116969173,5,483,3116,56958,496430,535900
100086,bounded,86,6.0,15.0,1.08,0.85,0.001,0.33,0.4,1000,48,200,396,500,24.0,True,,20000,20000.0,0,3323,0.5534643570952699,0.0,0,446,379,4218,436917,462894
100085,bounded,85,6.0,15.0,1.08,0.85,0.001,0.33,0.4,1000,24,200,792,500,24.0,True,,20000,20000.0,2,3223,0.5368087941372418,0.0006205398696866273,14,471,829,8362,428840,469130
100076,bounded,76,6.0,15.0,1.08,0.85,0.001,0.33,0.4,1000,12,200,1157,500,24.0,True,14880.0,20000,20000.0,2,3374,0.5619586942038641,0.0005927682276229994,4,395,5477,134374,594918,646107
100088,bounded,88,6.0,15.0,1.08,0.85,0.001,0.33,0.4,1000,12,200,1419,500,24.0,True,18024.0,20000,20000.0,23,3338,0.555962691538974,0.00689035350509287,64,444,3200,62538,488590,546197
100091,bounded,91,6.0,15.0,1.08,0.85,0.001,0.33,0.4,1000,48,200,396,500,24.0,True,,20000,20000.0,1,3264,0.5436375749500333,0.00030637254901960784,1,479,545,5640,438408,464594
100089,bounded,89,6.0,15.0,1.08,0.85,0.001,0.33,0.4,1000,48,200,396,500,24.0,True,,20000,20000.0,0,3196,0.5323117921385743,0.0,0,471,412,4619,437312,463174
100080,bounded,80,6.0,15.0,1.08,0.85,0.001,0.33,0.4,1000,12,200,1495,500,24.0,True,18936.0,20000,20000.0,227,3263,0.543471019320453,0.0695678823168863,297,468,5101,90977,520721,585769
100084,bounded,84,6.0,15.0,1.08,0.85,0.001,0.33,0.4,1000,12,200,213,500,24.0,True,3552.0,20000,20000.0,2,3320,0.5529646902065289,0.0006024096385542169,5,420,2683,74277,548224,557070
100094,bounded,94,6.0,15.0,1.08,0.85,0.001,0.33,0.4,1000,24,200,792,500,24.0,True,,20000,20000.0,4,3196,0.5323117921385743,0.0012515644555694619,56,421,1517,15998,438762,479743
100098,bounded,98,6.0,15.0,1.08,0.85,0.001,0.33,0.4,1000,48,200,396,500,24.0,True,,20000,20000.0,0,3247,0.5408061292471685,0.0,0,452,311,3305,436480,462162
200006,bounded,6,6.0,15.0,1.08,0.85,0.001,0.33,0.45,1000,48,200,396,500,24.0,True,,20000,20000.0,2,3232,0.5383077948034644,0.0006188118811881188,5,426,1068,11139,447075,473620
100099,bounded,99,6.0,15.0,1.08,0.85,0.001,0.33,0.4,1000,48,200,396,500,24.0,True,,20000,20000.0,1,3302,0.549966688874084,0.0003028467595396729,6,462,601,5947,439155,465270
200001,bounded,1,6.0,15.0,1.08,0.85,0.001,0.33,0.45,1000,12,200,237,500,24.0,True,3840.0,20000,20000.0,3,3152,0.524983344437042,0.0009517766497461929,26,410,3417,65827,541928,553427
200002,bounded,2,6.0,15.0,1.08,0.85,0.001,0.33,0.45,1000,48,200,396,500,24.0,True,,20000,20000.0,2,3269,0.5444703530979347,0.000611807892321811,12,481,747,6904,441372,467534
200000,bounded,0,6.0,15.0,1.08,0.85,0.001,0.33,0.45,1000,48,200,396,500,24.0,True,,20000,20000.0,6,3350,0.5579613590939374,0.001791044776119403,27,470,2245,22555,463411,491234
100092,bounded,92,6.0,15.0,1.08,0.85,0.001,0.33,0.4,1000,48,200,396,500,24.0,True,,20000,20000.0,4,3278,0.5459693537641572,0.0012202562538133007,13,454,456,5026,438007,463873
100095,bounded,95,6.0,15.0,1.08,0.85,0.001,0.33,0.4,1000,24,200,792,500,24.0,True,,20000,20000.0,0,3252,0.5416389073950699,0.0,0,475,1337,12530,434394,475476
200003,bounded,3,6.0,15.0,1.08,0.85,0.001,0.33,0.45,1000,12,200,97,500,24.0,True,2160.0,20000,20000.0,8,3204,0.5336442371752165,0.0024968789013732834,36,447,3666,66907,547970,553157
200007,bounded,7,6.0,15.0,1.08,0.85,0.001,0.33,0.45,1000,48,200,396,500,24.0,True,,20000,20000.0,8,3364,0.5602931379080613,0.0023781212841854932,42,459,1071,10245,446116,472808
100093,bounded,93,6.0,15.0,1.08,0.85,0.001,0.33,0.4,1000,12,200,389,500,24.0,True,5664.0,20000,20000.0,2,3476,0.5789473684210527,0.0005753739930955121,8,441,2335,50052,507129,523304
200005,bounded,5,6.0,15.0,1.08,0.85,0.001,0.33,0.45,1000,24,200,640,500,24.0,True,16344.0,20000,20000.0,1,3371,0.5614590273151232,0.0002966478789676654,4,468,5266,79800,541362,579093
100096,bounded,96,6.0,15.0,1.08,0.85,0.001,0.33,0.4,1000,12,200,347,500,24.0,True,5160.0,20000,20000.0,4,3341,0.5564623584277149,0.001197246333433104,29,467,2736,62529,525881,540692
100097,bounded,97,6.0,15.0,1.08,0.85,0.001,0.33,0.4,1000,24,200,792,500,24.0,True,,20000,20000.0,3,3275,0.5454696868754164,0.000916030534351145,10,485,925,8692,428909,469746
200004,bounded,4,6.0,15.0,1.08,0.85,0.001,0.33,0.45,1000,12,200,389,500,24.0,True,5664.0,20000,20000.0,2,3338,0.555962691538974,0.0005991611743559018,9,437,5314,116054,612287,632106
200013,bounded,13,6.0,15.0,1.08,0.85,0.001,0.33,0.45,1000,24,200,677,500,24.0,True,17232.0,20000,20000.0,32,3271,0.5448034643570953,0.009782940996637114,89,426,3767,59514,509594,547746
200010,bounded,10,6.0,15.0,1.08,0.85,0.001,0.33,0.45,1000,48,200,396,500,24.0,True,,20000,20000.0,2,3318,0.5526315789473685,0.0006027727546714888,7,468,768,7766,442572,468691
200008,bounded,8,6.0,15.0,1.08,0.85,0.001,0.33,0.45,1000,12,200,691,500,24.0,True,9288.0,20000,20000.0,1,3314,0.5519653564290473,0.00030175015087507544,1,403,4984,117069,604993,635294
200021,bounded,21,6.0,15.0,1.08,0.85,0.001,0.33,0.45,1000,24,200,683,500,24.0,True,17376.0,20000,20000.0,208,3213,0.535143237841439,0.0647370059134765,250,460,3434,63777,517814,555640
200009,bounded,9,6.0,15.0,1.08,0.85,0.001,0.33,0.45,1000,24,200,792,500,24.0,True,,20000,20000.0,1,3199,0.5328114590273151,0.00031259768677711783,3,459,1756,14944,439181,481110
200012,bounded,12,6.0,15.0,1.08,0.85,0.001,0.33,0.45,1000,48,200,396,500,24.0,True,,20000,20000.0,2,3271,0.5448034643570953,0.0006114338122898196,2,489,814,7059,441411,467658
200014,bounded,14,6.0,15.0,1.08,0.85,0.001,0.33,0.45,1000,24,200,188,500,24.0,True,5496.0,20000,20000.0,5,3315,0.5521319120586275,0.0015082956259426848,16,446,2767,51086,520213,530782
200011,bounded,11,6.0,15.0,1.08,0.85,0.001,0.33,0.45,1000,24,200,506,500,24.0,True,13128.0,20000,20000.0,2,3258,0.5426382411725517,0.0006138735420503376,23,451,5055,64400,523895,554441
200020,bounded,20,6.0,15.0,1.08,0.85,0.001,0.33,0.45,1000,48,200,396,500,24.0,True,,20000,20000.0,2,3288,0.54763491005996,0.0006082725060827251,10,462,883,7370,442409,468662
200018,bounded,18,6.0,15.0,1.08,0.85,0.001,0.33,0.45,1000,24,200,594,500,24.0,True,15240.0,20000,20000.0,58,3237,0.5391405729513657,0.01791782514674081,109,402,5981,110435,590634,626882
200017,bounded,17,6.0,15.0,1.08,0.85,0.001,0.33,0.45,1000,48,200,210,500,24.0,True,11040.0,20000,20000.0,9,3360,0.5596269153897402,0.0026785714285714286,43,442,3750,62493,533934,550035
200023,bounded,23,6.0,15.0,1.08,0.85,0.001,0.33,0.45,1000,12,200,359,500,24.0,True,5304.0,20000,20000.0,1,3269,0.5444703530979347,0.0003059039461609055,2,448,3560,64725,535352,551156
200016,bounded,16,6.0,15.0,1.08,0.85,0.001,0.33,0.45,1000,24,200,792,500,24.0,True,,20000,20000.0,10,3194,0.5319786808794137,0.0031308703819661866,75,498,3930,38827,472380,517094
200022,bounded,22,6.0,15.0,1.08,0.85,0.001,0.33,0.45,1000,24,200,792,500,24.0,True,,20000,20000.0,35,3167,0.5274816788807462,0.011051468266498263,170,429,3823,35010,466119,510881
200015,bounded,15,6.0,15.0,1.08,0.85,0.001,0.33,0.45,1000,24,200,652,500,24.0,True,16632.0,20000,20000.0,4,3259,0.5428047968021319,0.00122737035900583,52,452,4912,71591,528312,566411
200019,bounded,19,6.0,15.0,1.08,0.85,0.001,0.33,0.45,1000,24,200,792,500,24.0,True,,20000,20000.0,381,3099,0.5161558960692871,0.12294288480154889,521,450,2049,24261,452840,494881
200026,bounded,26,6.0,15.0,1.08,0.85,0.001,0.33,0.45,1000,12,200,359,500,24.0,True,5304.0,20000,20000.0,1,3317,0.5524650233177881,0.00030147723846849563,4,434,4377,80035,557985,575453
200024,bounded,24,6.0,15.0,1.08,0.85,0.001,0.33,0.45,1000,24,200,274,500,24.0,True,7560.0,20000,20000.0,7,3402,0.5666222518321119,0.00205761316872428,15,456,3985,55554,521654,538391
200029,bounded,29,6.0,15.0,1.08,0.85,0.001,0.33,0.45,1000,12,200,385,500,24.0,True,5616.0,20000,20000.0,42,3260,0.5429713524317122,0.012883435582822086,90,460,3013,59895,528657,545182
200028,bounded,28,6.0,15.0,1.08,0.85,0.001,0.33,0.45,1000,24,200,792,500,24.0,True,,20000,20000.0,28,3245,0.540473017988008,0.008628659476117103,121,444,4961,44153,478299,524429
200032,bounded,32,6.0,15.0,1.08,0.85,0.001,0.33,0.45,1000,48,200,396,500,24.0,True,,20000,20000.0,5,3406,0.5672884743504331,0.001467997651203758,27,441,1534,13800,450518,477444
200025,bounded,25,6.0,15.0,1.08,0.85,0.001,0.33,0.45,1000,24,200,643,500,24.0,True,16416.0,20000,20000.0,137,3204,0.5336442371752165,0.04275905118601748,205,427,6878,104405,576777,616815
200033,bounded,33,6.0,15.0,1.08,0.85,0.001,0.33,0.45,1000,12,200,217,500,24.0,True,3600.0,20000,20000.0,1,3297,0.5491339107261826,0.00030330603579011223,1,400,3444,59006,531445,542057
200037,bounded,37,6.0,15.0,1.08,0.85,0.001,0.33,0.45,1000,12,200,313,500,24.0,True,4752.0,20000,20000.0,2,3222,0.5366422385076616,0.0006207324643078833,10,431,4529,95752,584658,600599
200036,bounded,36,6.0,15.0,1.08,0.85,0.001,0.33,0.45,1000,48,200,396,500,24.0,True,,20000,20000.0,5,3283,0.5468021319120586,0.0015229972586049345,24,467,883,7730,442870,469332
200030,bounded,30,6.0,15.0,1.08,0.85,0.001,0.33,0.45,1000,12,200,725,500,24.0,True,9696.0,20000,20000.0,2,3391,0.5647901399067289,0.0005897965202005308,23,418,3501,73467,536356,567292
200027,bounded,27,6.0,15.0,1.08,0.85,0.001,0.33,0.45,1000,12,200,227,500,24.0,True,3720.0,20000,20000.0,2,3309,0.5511325782811459,0.0006044122091266244,9,435,2614,52602,522052,532309
200038,bounded,38,6.0,15.0,1.08,0.85,0.001,0.33,0.45,1000,24,200,309,500,24.0,True,8400.0,20000,20000.0,1,3360,0.5596269153897402,0.00029761904761904765,6,435,5173,105386,597061,616946
200039,bounded,39,6.0,15.0,1.08,0.85,0.001,0.33,0.45,1000,24,200,680,500,24.0,True,17304.0,20000,20000.0,1246,3144,0.5236508994003998,0.39631043256997456,1295,422,4413,115258,595695,634421
200034,bounded,34,6.0,15.0,1.08,0.85,0.001,0.33,0.45,1000,12,200,369,500,24.0,True,5424.0,20000,20000.0,22,3285,0.5471352431712192,0.006697108066971081,38,426,5160,105509,596014,614863
200035,bounded,35,6.0,15.0,1.08,0.85,0.001,0.33,0.45,1000,12,200,993,500,24.0,True,12912.0,20000,20000.0,1,3278,0.5459693537641572,0.0003050640634533252,6,431,3846,70316,523131,564091
200031,bounded,31,6.0,15.0,1.08,0.85,0.001,0.33,0.45,1000,48,200,396,500,24.0,True,,20000,20000.0,3,3310,0.5512991339107262,0.0009063444108761329,14,438,860,8425,442777,469255
200050,bounded,50,6.0,15.0,1.08,0.85,0.001,0.33,0.45,1000,24,200,792,500,24.0,True,,20000,20000.0,2,3175,0.5288141239173884,0.0006299212598425197,5,482,3119,31491,462191,505199
200042,bounded,42,6.0,15.0,1.08,0.85,0.001,0.33,0.45,1000,24,200,397,500,24.0,True,10512.0,20000,20000.0,1,3370,0.561292471685543,0.0002967359050445104,2,450,4548,65986,532259,556205
200040,bounded,40,6.0,15.0,1.08,0.85,0.001,0.33,0.45,1000,12,200,537,500,24.0,True,7440.0,20000,20000.0,0,3299,0.5494670219853431,0.0,0,431,2902,53858,512240,535683
200044,bounded,44,6.0,15.0,1.08,0.85,0.001,0.33,0.45,1000,24,200,427,500,24.0,True,11232.0,20000,20000.0,2,3187,0.5308127914723517,0.0006275494195167869,2,441,3168,55645,516767,540437
200045,bounded,45,6.0,15.0,1.08,0.85,0.001,0.33,0.45,1000,48,200,396,500,24.0,True,,20000,20000.0,2,3277,0.545802798134577,0.0006103143118706134,11,427,1235,11048,447527,473999
200047,bounded,47,6.0,15.0,1.08,0.85,0.001,0.33,0.45,1000,24,200,480,500,24.0,True,12504.0,20000,20000.0,3,3319,0.5527981345769487,0.0009038867128653209,31,443,3887,59000,517126,544815
200043,bounded,43,6.0,15.0,1.08,0.85,0.001,0.33,0.45,1000,12,200,445,500,24.0,True,6336.0,20000,20000.0,1,3439,0.5727848101265823,0.0002907822041291073,1,407,4825,99841,585384,606602
200052,bounded,52,6.0,15.0,1.08,0.85,0.001,0.33,0.45,1000,12,200,99,500,24.0,True,2184.0,20000,20000.0,2,3221,0.5364756828780812,0.0006209251785159888,21,455,2330,45368,517955,521701
200046,bounded,46,6.0,15.0,1.08,0.85,0.001,0.33,0.45,1000,24,200,792,500,24.0,True,,20000,20000.0,2,3124,0.5203197868087941,0.0006402048655569782,21,463,1224,9189,430895,472389
200055,bounded,55,6.0,15.0,1.08,0.85,0.001,0.33,0.45,1000,12,200,323,500,24.0,True,4872.0,20000,20000.0,2,3287,0.5474683544303798,0.000608457560085184,20,436,3429,71513,547863,563063
200049,bounded,49,6.0,15.0,1.08,0.85,0.001,0.33,0.45,1000,48,200,396,500,24.0,True,,20000,20000.0,1,3192,0.5316455696202531,0.0003132832080200501,2,444,1506,14168,451548,478644
200051,bounded,51,6.0,15.0,1.08,0.85,0.001,0.33,0.45,1000,24,200,792,500,24.0,True,,20000,20000.0,139,3127,0.520819453697535,0.044451551007355296,343,437,2333,23285,450654,492815
200053,bounded,53,6.0,15.0,1.08,0.85,0.001,0.33,0.45,1000,24,200,559,500,24.0,True,14400.0,20000,20000.0,5,3242,0.5399733510992671,0.0015422578655151142,29,447,5725,77473,539855,574033
200048,bounded,48,6.0,15.0,1.08,0.85,0.001,0.33,0.45,1000,12,200,429,500,24.0,True,6144.0,20000,20000.0,0,3360,0.5596269153897402,0.0,0,455,5029,86027,563484,584476
200041,bounded,41,6.0,15.0,1.08,0.85,0.001,0.33,0.45,1000,24,200,421,500,24.0,True,11088.0,20000,20000.0,3,3373,0.5617921385742838,0.0008894159501927068,11,438,4258,79563,552183,576923
200054,bounded,54,6.0,15.0,1.08,0.85,0.001,0.33,0.45,1000,12,200,401,500,24.0,True,5808.0,20000,20000.0,1,3275,0.5454696868754164,0.0003053435114503817,2,470,2571,51481,515431,532253
200057,bounded,57,6.0,15.0,1.08,0.85,0.001,0.33,0.45,1000,12,200,253,500,24.0,True,4032.0,20000,20000.0,3,3316,0.5522984676882079,0.0009047044632086852,34,443,2788,50189,517368,528868
200071,bounded,71,6.0,15.0,1.08,0.85,0.001,0.33,0.45,1000,12,200,273,500,24.0,True,4272.0,20000,20000.0,2,3384,0.5636242504996669,0.000591016548463357,8,451,2373,44678,509554,521215
200060,bounded,60,6.0,15.0,1.08,0.85,0.001,0.33,0.45,1000,24,200,376,500,24.0,True,10008.0,20000,20000.0,74,3302,0.549966688874084,0.022410660205935795,123,461,4980,86059,563264,585992
200070,bounded,70,6.0,15.0,1.08,0.85,0.001,0.33,0.45,1000,24,200,792,500,24.0,True,,20000,20000.0,99,3160,0.5263157894736842,0.03132911392405063,233,452,4650,42608,476758,522357
200065,bounded,65,6.0,15.0,1.08,0.85,0.001,0.33,0.45,1000,12,200,195,500,24.0,True,3336.0,20000,20000.0,2,3256,0.5423051299133911,0.0006142506142506142,8,410,3884,68553,546193,555896
200066,bounded,66,6.0,15.0,1.08,0.85,0.001,0.33,0.45,1000,48,200,396,500,24.0,True,,20000,20000.0,7,3364,0.5602931379080613,0.002080856123662307,30,441,1189,10312,445623,472464
200056,bounded,56,6.0,15.0,1.08,0.85,0.001,0.33,0.45,1000,12,200,257,500,24.0,True,4080.0,20000,20000.0,2,3317,0.5524650233177881,0.0006029544769369913,14,470,2533,48204,514272,525322
200063,bounded,63,6.0,15.0,1.08,0.85,0.001,0.33,0.45,1000,12,200,547,500,24.0,True,7560.0,20000,20000.0,1,3261,0.5431379080612925,0.00030665440049064706,2,456,5466,113323,601731,628169
200058,bounded,58,6.0,15.0,1.08,0.85,0.001,0.33,0.45,1000,24,200,792,500,24.0,True,,20000,20000.0,316,3177,0.5291472351765489,0.0994649039974819,438,422,4106,47060,483519,528470
200059,bounded,59,6.0,15.0,1.08,0.85,0.001,0.33,0.45,1000,12,200,1069,500,24.0,True,13824.0,20000,20000.0,10,3355,0.5587941372418388,0.0029806259314456036,46,419,3861,77310,528993,574650
200068,bounded,68,6.0,15.0,1.08,0.85,0.001,0.33,0.45,1000,24,200,769,500,24.0,True,19440.0,20000,20000.0,310,3156,0.5256495669553631,0.0982256020278834,377,429,5045,72017,523392,568404
200069,bounded,69,6.0,15.0,1.08,0.85,0.001,0.33,0.45,1000,24,200,792,500,24.0,True,,20000,20000.0,0,3225,0.5371419053964024,0.0,0,431,1668,12837,435425,477275
200062,bounded,62,6.0,15.0,1.08,0.85,0.001,0.33,0.45,1000,12,200,643,500,24.0,True,8712.0,20000,20000.0,7,3312,0.5516322451698867,0.002113526570048309,29,402,4673,90593,564029,593540
200061,bounded,61,6.0,15.0,1.08,0.85,0.001,0.33,0.45,1000,24,200,452,500,24.0,True,11832.0,20000,20000.0,1,3348,0.5576282478347768,0.0002986857825567503,5,446,5341,94212,571646,599727
200064,bounded,64,6.0,15.0,1.08,0.85,0.001,0.33,0.45,1000,12,200,319,500,24.0,True,4824.0,20000,20000.0,2,3323,0.5534643570952699,0.0006018657839301836,3,441,3919,78259,557059,572715
200067,bounded,67,6.0,15.0,1.08,0.85,0.001,0.33,0.45,1000,12,200,521,500,24.0,True,7248.0,20000,20000.0,1,3370,0.561292471685543,0.0002967359050445104,3,446,4120,87165,564093,587452
200072,bounded,72,6.0,15.0,1.08,0.85,0.001,0.33,0.45,1000,12,200,281,500,24.0,True,4368.0,20000,20000.0,2,3289,0.5478014656895404,0.0006080875646093037,13,420,3827,73242,551163,564346
200077,bounded,77,6.0,15.0,1.08,0.85,0.001,0.33,0.45,1000,12,200,297,500,24.0,True,4560.0,20000,20000.0,1,3290,0.5479680213191206,0.00030395136778115504,6,410,2253,39466,500263,512454
200086,bounded,86,6.0,15.0,1.08,0.85,0.001,0.33,0.45,1000,12,200,1199,500,24.0,True,15384.0,20000,20000.0,9,3247,0.5408061292471685,0.002771789344009855,71,450,5296,89474,540194,592900
200080,bounded,80,6.0,15.0,1.08,0.85,0.001,0.33,0.45,1000,48,200,396,500,24.0,True,,20000,20000.0,2,3427,0.570786142571619,0.0005836008170411438,2,432,1185,10551,446001,472488
200076,bounded,76,6.0,15.0,1.08,0.85,0.001,0.33,0.45,1000,48,200,396,500,24.0,True,,20000,20000.0,3,3307,0.5507994670219853,0.0009071666162685213,19,438,1266,11643,447872,474724
200087,bounded,87,6.0,15.0,1.08,0.85,0.001,0.33,0.45,1000,12,200,587,500,24.0,True,8040.0,20000,20000.0,2,3374,0.5619586942038641,0.0005927682276229994,7,430,4026,75376,542099,568926
200078,bounded,78,6.0,15.0,1.08,0.85,0.001,0.33,0.45,1000,24,200,592,500,24.0,True,15192.0,20000,20000.0,159,3250,0.5413057961359093,0.04892307692307692,358,405,5824,128721,619368,655399
200074,bounded,74,6.0,15.0,1.08,0.85,0.001,0.33,0.45,1000,24,200,270,500,24.0,True,7464.0,20000,20000.0,4,3283,0.5468021319120586,0.0012183978068839476,23,440,4724,79669,558970,575963
200084,bounded,84,6.0,15.0,1.08,0.85,0.001,0.33,0.45,1000,24,200,792,500,24.0,True,,20000,20000.0,3,3092,0.5149900066622252,0.0009702457956015524,11,464,2755,22498,448204,491329
200073,bounded,73,6.0,15.0,1.08,0.85,0.001,0.33,0.45,1000,12,200,265,500,24.0,True,4176.0,20000,20000.0,1,3375,0.5621252498334444,0.0002962962962962963,5,418,3109,62171,535536,547882
200085,bounded,85,6.0,15.0,1.08,0.85,0.001,0.33,0.45,1000,12,200,201,500,24.0,True,3408.0,20000,20000.0,1,3386,0.5639573617588275,0.00029533372711163615,5,393,5686,140097,656111,667911
200081,bounded,81,6.0,15.0,1.08,0.85,0.001,0.33,0.45,1000,24,200,256,500,24.0,True,7128.0,20000,20000.0,3,3302,0.549966688874084,0.0009085402786190188,10,440,4254,71427,547545,563464
200082,bounded,82,6.0,15.0,1.08,0.85,0.001,0.33,0.45,1000,12,200,435,500,24.0,True,6216.0,20000,20000.0,1,3331,0.5547968021319121,0.0003002101471029721,5,430,4081,80844,556399,576928
200083,bounded,83,6.0,15.0,1.08,0.85,0.001,0.33,0.45,1000,48,200,396,500,24.0,True,,20000,20000.0,2,3220,0.536309127248501,0.0006211180124223603,12,414,1328,12746,449272,475969
200079,bounded,79,6.0,15.0,1.08,0.85,0.001,0.33,0.45,1000,48,200,396,500,24.0,True,,20000,20000.0,0,3354,0.5586275816122585,0.0,0,458,887,8814,444960,471499
200075,bounded,75,6.0,15.0,1.08,0.85,0.001,0.33,0.45,1000,12,200,287,500,24.0,True,4440.0,20000,20000.0,2,3404,0.5669553630912725,0.0005875440658049354,2,427,3256,62190,535513,548266
200090,bounded,90,6.0,15.0,1.08,0.85,0.001,0.33,0.45,1000,48,200,396,500,24.0,True,,20000,20000.0,2,3388,0.564290473017988,0.0005903187721369539,7,468,941,9382,445318,471641
200099,bounded,99,6.0,15.0,1.08,0.85,0.001,0.33,0.45,1000,48,200,396,500,24.0,True,,20000,20000.0,3,3294,0.5486342438374417,0.0009107468123861566,24,461,1316,12505,449299,476117
200088,bounded,88,6.0,15.0,1.08,0.85,0.001,0.33,0.45,1000,48,200,396,500,24.0,True,,20000,20000.0,1,3364,0.5602931379080613,0.00029726516052318666,2,416,697,6845,441071,467368
200094,bounded,94,6.0,15.0,1.08,0.85,0.001,0.33,0.45,1000,48,200,396,500,24.0,True,,20000,20000.0,15,3192,0.5316455696202531,0.004699248120300752,46,477,1633,16119,454434,481361
200091,bounded,91,6.0,15.0,1.08,0.85,0.001,0.33,0.45,1000,48,200,396,500,24.0,True,,20000,20000.0,2,3380,0.5629580279813458,0.000591715976331361,17,419,496,5133,438676,464899
200096,bounded,96,6.0,15.0,1.08,0.85,0.001,0.33,0.45,1000,48,200,396,500,24.0,True,,20000,20000.0,2,3238,0.539307128580946,0.0006176652254478073,6,464,1338,12815,449443,476040
200095,bounded,95,6.0,15.0,1.08,0.85,0.001,0.33,0.45,1000,12,200,215,500,24.0,True,3576.0,20000,20000.0,7,3273,0.5451365756162558,0.0021387106630003055,29,428,2991,52113,522308,532112
200092,bounded,92,6.0,15.0,1.08,0.85,0.001,0.33,0.45,1000,48,200,89,500,24.0,True,5256.0,20000,20000.0,1,3291,0.5481345769487008,0.00030385900941962927,4,417,3090,54309,529645,536296
200089,bounded,89,6.0,15.0,1.08,0.85,0.001,0.33,0.45,1000,12,200,215,500,24.0,True,3576.0,20000,20000.0,0,3242,0.5399733510992671,0.0,0,431,4471,97288,590184,601249
200093,bounded,93,6.0,15.0,1.08,0.85,0.001,0.33,0.45,1000,24,200,792,500,24.0,True,,20000,20000.0,8,3264,0.5436375749500333,0.0024509803921568627,40,464,1734,13623,436265,478284
200097,bounded,97,6.0,15.0,1.08,0.85,0.001,0.33,0.45,1000,12,200,529,500,24.0,True,7344.0,20000,20000.0,2,3207,0.5341439040639574,0.0006236357966947302,11,447,4354,80511,551866,576645
300001,bounded,1,6.0,15.0,1.08,0.85,0.001,0.33,0.5,1000,48,200,166,500,24.0,True,8952.0,20000,20000.0,121,3243,0.5401399067288475,0.03731113166820845,184,404,8302,155747,700074,717478
200098,bounded,98,6.0,15.0,1.08,0.85,0.001,0.33,0.45,1000,48,200,396,500,24.0,True,,20000,20000.0,3,3244,0.5403064623584277,0.0009247842170160296,13,447,1232,12313,449829,476598
300002,bounded,2,6.0,15.0,1.08,0.85,0.001,0.33,0.5,1000,12,200,201,500,24.0,True,3408.0,20000,20000.0,501,3136,0.5223184543637575,0.1597576530612245,602,358,11921,267339,887308,905842
300000,bounded,0,6.0,15.0,1.08,0.85,0.001,0.33,0.5,1000,24,200,551,500,24.0,True,14208.0,20000,20000.0,987,3171,0.5281479013990673,0.31125827814569534,1053,402,6875,172937,713521,748530
300003,bounded,3,6.0,15.0,1.08,0.85,0.001,0.33,0.5,1000,24,200,160,500,24.0,True,4824.0,20000,20000.0,959,3133,0.5218187874750166,0.3060963932333227,1036,345,11183,360833,1047557,1064998
300012,bounded,12,6.0,15.0,1.08,0.85,0.001,0.33,0.5,1000,48,200,396,500,24.0,True,,20000,20000.0,3,3312,0.5516322451698867,0.0009057971014492754,47,444,1653,12678,451138,478091
300008,bounded,8,6.0,15.0,1.08,0.85,0.001,0.33,0.5,1000,48,200,396,500,24.0,True,,20000,20000.0,1,3337,0.5557961359093937,0.00029967036260113877,13,463,2139,16648,456438,483951
300013,bounded,13,6.0,15.0,1.08,0.85,0.001,0.33,0.5,1000,48,200,360,500,24.0,True,18264.0,20000,20000.0,562,3143,0.5234843437708194,0.17881005408845052,644,463,3851,58503,527933,554542
300016,bounded,16,6.0,15.0,1.08,0.85,0.001,0.33,0.5,1000,12,200,361,500,24.0,True,5328.0,20000,20000.0,4,3387,0.5641239173884077,0.00118098612341305,19,407,3795,63938,542123,559955
300018,bounded,18,6.0,15.0,1.08,0.85,0.001,0.33,0.5,1000,24,200,172,500,24.0,True,5112.0,20000,20000.0,16,3392,0.5649566955363091,0.0047169811320754715,54,430,5589,85994,585060,597572
300004,bounded,4,6.0,15.0,1.08,0.85,0.001,0.33,0.5,1000,24,200,105,500,24.0,True,3504.0,20000,20000.0,29,3354,0.5586275816122585,0.0086463923673226,148,452,8284,129670,659314,671083
300015,bounded,15,6.0,15.0,1.08,0.85,0.001,0.33,0.5,1000,48,200,315,500,24.0,True,16080.0,20000,20000.0,827,3178,0.5293137908061293,0.26022655758338575,884,428,5940,119849,632771,658255
300011,bounded,11,6.0,15.0,1.08,0.85,0.001,0.33,0.5,1000,24,200,126,500,24.0,True,4008.0,20000,20000.0,6,3257,0.5424716855429713,0.00184218606079214,11,451,6801,126512,654187,665542
300007,bounded,7,6.0,15.0,1.08,0.85,0.001,0.33,0.5,1000,24,200,426,500,24.0,True,11208.0,20000,20000.0,981,3132,0.5216522318454364,0.3132183908045977,1128,380,9273,217952,793851,824710
300014,bounded,14,6.0,15.0,1.08,0.85,0.001,0.33,0.5,1000,48,200,108,500,24.0,True,6168.0,20000,20000.0,1305,3156,0.5256495669553631,0.4134980988593156,1414,323,10367,315108,971614,986853
300005,bounded,5,6.0,15.0,1.08,0.85,0.001,0.33,0.5,1000,24,200,303,500,24.0,True,8256.0,20000,20000.0,4,3316,0.5522984676882079,0.0012062726176115801,78,401,9789,169246,714568,739100
300010,bounded,10,6.0,15.0,1.08,0.85,0.001,0.33,0.5,1000,24,200,255,500,24.0,True,7104.0,20000,20000.0,52,3299,0.5494670219853431,0.015762352227947862,76,401,8792,163820,709664,730437
300017,bounded,17,6.0,15.0,1.08,0.85,0.001,0.33,0.5,1000,24,200,325,500,24.0,True,8784.0,20000,20000.0,1474,3121,0.5198201199200533,0.47228452419096445,1512,360,9272,373562,1060118,1084309
300006,bounded,6,6.0,15.0,1.08,0.85,0.001,0.33,0.5,1000,12,200,161,500,24.0,True,2928.0,20000,20000.0,1627,3114,0.5186542305129913,0.5224791265253693,1691,286,11630,511981,1302773,1319184
300019,bounded,19,6.0,15.0,1.08,0.85,0.001,0.33,0.5,1000,24,200,183,500,24.0,True,5376.0,20000,20000.0,1838,3131,0.5214856762158561,0.5870328968380709,1906,336,11350,434154,1166227,1185180
300009,bounded,9,6.0,15.0,1.08,0.85,0.001,0.33,0.5,1000,12,200,169,500,24.0,True,3024.0,20000,20000.0,1244,3159,0.526149233844104,0.393795504906616,1296,352,11483,461550,1216892,1233261
300028,bounded,28,6.0,15.0,1.08,0.85,0.001,0.33,0.5,1000,48,200,396,500,24.0,True,,20000,20000.0,2,3228,0.5376415722851432,0.0006195786864931846,6,414,1325,11686,449601,476365
300027,bounded,27,6.0,15.0,1.08,0.85,0.001,0.33,0.5,1000,48,200,396,500,24.0,True,,20000,20000.0,2,3284,0.5469686875416389,0.0006090133982947625,8,497,3654,30198,477971,507168
300024,bounded,24,6.0,15.0,1.08,0.85,0.001,0.33,0.5,1000,24,200,287,500,24.0,True,7872.0,20000,20000.0,9,3271,0.5448034643570953,0.0027514521553041885,70,446,5969,101500,606005,625329
300031,bounded,31,6.0,15.0,1.08,0.85,0.001,0.33,0.5,1000,12,200,259,500,24.0,True,4104.0,20000,20000.0,4,3159,0.526149233844104,0.0012662234884457107,15,449,3752,49453,521759,534190
300026,bounded,26,6.0,15.0,1.08,0.85,0.001,0.33,0.5,1000,24,200,158,500,24.0,True,4776.0,20000,20000.0,634,3199,0.5328114590273151,0.19818693341669272,680,355,10718,302561,949295,966248
300035,bounded,35,6.0,15.0,1.08,0.85,0.001,0.33,0.5,1000,48,200,396,500,24.0,True,,20000,20000.0,5,3274,0.5453031312458361,0.0015271838729383018,51,414,1315,10730,447487,474319
300030,bounded,30,6.0,15.0,1.08,0.85,0.001,0.33,0.5,1000,48,200,283,500,24.0,True,14568.0,20000,20000.0,324,3218,0.5359760159893404,0.10068365444375388,404,446,5915,98725,598991,622351
300029,bounded,29,6.0,15.0,1.08,0.85,0.001,0.33,0.5,1000,12,200,209,500,24.0,True,3504.0,20000,20000.0,231,3307,0.5507994670219853,0.06985182945267614,367,324,10711,325036,988073,1005468
300020,bounded,20,6.0,15.0,1.08,0.85,0.001,0.33,0.5,1000,12,200,117,500,24.0,True,2400.0,20000,20000.0,3,3272,0.5449700199866756,0.0009168704156479218,13,380,8031,195791,772236,783029
300032,bounded,32,6.0,15.0,1.08,0.85,0.001,0.33,0.5,1000,24,200,343,500,24.0,True,9216.0,20000,20000.0,42,3374,0.5619586942038641,0.012448132780082987,100,403,8075,165218,709113,733657
300034,bounded,34,6.0,15.0,1.08,0.85,0.001,0.33,0.5,1000,12,200,227,500,24.0,True,3720.0,20000,20000.0,513,3154,0.5253164556962026,0.16265060240963855,594,363,10905,289245,922720,941017
300021,bounded,21,6.0,15.0,1.08,0.85,0.001,0.33,0.5,1000,24,200,230,500,24.0,True,6504.0,20000,20000.0,963,3167,0.5274816788807462,0.3040732554467951,1019,367,10173,342696,1013931,1034054
300023,bounded,23,6.0,15.0,1.08,0.85,0.001,0.33,0.5,1000,24,200,277,500,24.0,True,7632.0,20000,20000.0,1580,3121,0.5198201199200533,0.506247997436719,1646,319,10736,377801,1068179,1091814
300022,bounded,22,6.0,15.0,1.08,0.85,0.001,0.33,0.5,1000,24,200,150,500,24.0,True,4584.0,20000,20000.0,527,3184,0.5303131245836109,0.16551507537688442,593,355,12368,310550,963080,981389
300033,bounded,33,6.0,15.0,1.08,0.85,0.001,0.33,0.5,1000,12,200,213,500,24.0,True,3552.0,20000,20000.0,1266,3198,0.5326449033977348,0.39587242026266417,1309,322,11507,396546,1105133,1123388
300025,bounded,25,6.0,15.0,1.08,0.85,0.001,0.33,0.5,1000,12,200,247,500,24.0,True,3960.0,20000,20000.0,902,3203,0.5334776815456362,0.2816109896971589,973,308,11816,453173,1199140,1219400
300036,bounded,36,6.0,15.0,1.08,0.85,0.001,0.33,0.5,1000,12,200,101,500,24.0,True,2208.0,20000,20000.0,6,3310,0.5512991339107262,0.0018126888217522659,48,419,5752,102197,616080,623475
300049,bounded,49,6.0,15.0,1.08,0.85,0.001,0.33,0.5,1000,12,200,157,500,24.0,True,2880.0,20000,20000.0,2,3379,0.5627914723517655,0.0005918910920390648,29,381,7676,136490,671265,683714
300040,bounded,40,6.0,15.0,1.08,0.85,0.001,0.33,0.5,1000,12,200,287,500,24.0,True,4440.0,20000,20000.0,139,3330,0.5546302465023317,0.04174174174174174,224,386,10333,235716,831106,852339
300043,bounded,43,6.0,15.0,1.08,0.85,0.001,0.33,0.5,1000,24,200,36,500,24.0,True,1848.0,20000,20000.0,447,3164,0.5269820119920053,0.14127686472819218,500,367,8782,161811,717006,725012
300051,bounded,51,6.0,15.0,1.08,0.85,0.001,0.33,0.5,1000,48,200,125,500,24.0,True,6984.0,20000,20000.0,616,3183,0.5301465689540307,0.19352811812755263,668,391,10164,245317,852708,868956
300050,bounded,50,6.0,15.0,1.08,0.85,0.001,0.33,0.5,1000,24,200,569,500,24.0,True,14640.0,20000,20000.0,268,3129,0.5211525649566955,0.08565036752956216,364,410,4877,81066,558353,591792
300039,bounded,39,6.0,15.0,1.08,0.85,0.001,0.33,0.5,1000,24,200,235,500,24.0,True,6624.0,20000,20000.0,5,3256,0.5423051299133911,0.0015356265356265355,22,422,6445,89082,586556,603676
300038,bounded,38,6.0,15.0,1.08,0.85,0.001,0.33,0.5,1000,12,200,363,500,24.0,True,5352.0,20000,20000.0,1,3321,0.5531312458361093,0.00030111412225233364,1,429,5281,100791,604218,621678
300042,bounded,42,6.0,15.0,1.08,0.85,0.001,0.33,0.5,1000,12,200,351,500,24.0,True,5208.0,20000,20000.0,68,3139,0.5228181212524984,0.02166294998407136,238,415,9439,155607,694011,716648
300037,bounded,37,6.0,15.0,1.08,0.85,0.001,0.33,0.5,1000,12,200,511,500,24.0,True,7128.0,20000,20000.0,191,3250,0.5413057961359093,0.05876923076923077,419,391,9069,224458,806834,834712
300044,bounded,44,6.0,15.0,1.08,0.85,0.001,0.33,0.5,1000,24,200,197,500,24.0,True,5712.0,20000,20000.0,665,3153,0.5251499000666222,0.21091024421186172,818,384,10659,292656,928986,947799
300047,bounded,47,6.0,15.0,1.08,0.85,0.001,0.33,0.5,1000,24,200,171,500,24.0,True,5088.0,20000,20000.0,2,3228,0.5376415722851432,0.0006195786864931846,9,434,8715,153879,696425,712265
300045,bounded,45,6.0,15.0,1.08,0.85,0.001,0.33,0.5,1000,24,200,239,500,24.0,True,6720.0,20000,20000.0,1295,3140,0.5229846768820786,0.4124203821656051,1330,343,10479,349774,1024271,1045327
300041,bounded,41,6.0,15.0,1.08,0.85,0.001,0.33,0.5,1000,48,200,207,500,24.0,True,10896.0,20000,20000.0,1575,3064,0.5103264490339774,0.5140339425587467,1644,353,8582,255674,866410,886696
300048,bounded,48,6.0,15.0,1.08,0.85,0.001,0.33,0.5,1000,12,200,253,500,24.0,True,4032.0,20000,20000.0,1353,3104,0.5169886742171885,0.43588917525773196,1432,345,11566,417154,1139385,1159821
300046,bounded,46,6.0,15.0,1.08,0.85,0.001,0.33,0.5,1000,12,200,343,500,24.0,True,5112.0,20000,20000.0,2,3289,0.5478014656895404,0.0006080875646093037,11,390,8328,178455,734408,755579
300062,bounded,62,6.0,15.0,1.08,0.85,0.001,0.33,0.5,1000,48,200,396,500,24.0,True,,20000,20000.0,1,3292,0.5483011325782812,0.00030376670716889426,1,418,1677,13558,452100,479155
300065,bounded,65,6.0,15.0,1.08,0.85,0.001,0.33,0.5,1000,12,200,423,500,24.0,True,6072.0,20000,20000.0,7,3348,0.5576282478347768,0.002090800477897252,35,440,4647,67129,542998,564536
300053,bounded,53,6.0,15.0,1.08,0.85,0.001,0.33,0.5,1000,24,200,720,500,24.0,True,18264.0,20000,20000.0,639,3194,0.5319786808794137,0.20006261740763934,681,419,5306,67788,527975,570854
300052,bounded,52,6.0,15.0,1.08,0.85,0.001,0.33,0.5,1000,12,200,325,500,24.0,True,4896.0,20000,20000.0,3,3238,0.539307128580946,0.0009264978381717109,17,431,5855,104669,610879,629164
300055,bounded,55,6.0,15.0,1.08,0.85,0.001,0.33,0.5,1000,48,200,396,500,24.0,True,,20000,20000.0,33,3222,0.5366422385076616,0.010242085661080074,134,463,1956,14609,453115,480224
300054,bounded,54,6.0,15.0,1.08,0.85,0.001,0.33,0.5,1000,48,200,270,500,24.0,True,13944.0,20000,20000.0,117,3224,0.5369753497668222,0.036290322580645164,161,442,5630,93739,591607,613467
300060,bounded,60,6.0,15.0,1.08,0.85,0.001,0.33,0.5,1000,12,200,681,500,24.0,True,9168.0,20000,20000.0,3,3389,0.5644570286475683,0.0008852168781351431,15,409,6156,93304,578789,610909
300058,bounded,58,6.0,15.0,1.08,0.85,0.001,0.33,0.5,1000,24,200,200,500,24.0,True,5784.0,20000,20000.0,1,3336,0.5556295802798135,0.00029976019184652276,4,448,4781,75095,565012,578477
300067,bounded,67,6.0,15.0,1.08,0.85,0.001,0.33,0.5,1000,48,200,28,500,24.0,True,2304.0,20000,20000.0,7,3279,0.5461359093937375,0.0021347971942665446,81,430,9290,157877,708401,716902
300056,bounded,56,6.0,15.0,1.08,0.85,0.001,0.33,0.5,1000,12,200,431,500,24.0,True,6168.0,20000,20000.0,9,3345,0.557128580946036,0.0026905829596412557,80,404,6390,129102,647666,670533
300057,bounded,57,6.0,15.0,1.08,0.85,0.001,0.33,0.5,1000,48,200,211,500,24.0,True,11088.0,20000,20000.0,398,3187,0.5308127914723517,0.1248823344838406,638,366,7956,180760,740106,760344
300063,bounded,63,6.0,15.0,1.08,0.85,0.001,0.33,0.5,1000,48,200,396,500,24.0,True,,20000,20000.0,47,3207,0.5341439040639574,0.014655441222326161,305,434,4536,44372,500743,530502
300064,bounded,64,6.0,15.0,1.08,0.85,0.001,0.33,0.5,1000,48,200,48,500,24.0,True,3264.0,20000,20000.0,901,3154,0.5253164556962026,0.2856689917564997,972,298,11430,476080,1246574,1258534
300059,bounded,59,6.0,15.0,1.08,0.85,0.001,0.33,0.5,1000,12,200,393,500,24.0,True,5712.0,20000,20000.0,1002,3136,0.5223184543637575,0.319515306122449,1097,330,10522,392144,1092917,1117560
300066,bounded,66,6.0,15.0,1.08,0.85,0.001,0.33,0.5,1000,12,200,245,500,24.0,True,3936.0,20000,20000.0,1118,3159,0.526149233844104,0.35390946502057613,1153,343,11250,305041,951498,970653
300061,bounded,61,6.0,15.0,1.08,0.85,0.001,0.33,0.5,1000,48,200,207,500,24.0,True,10920.0,20000,20000.0,992,3076,0.5123251165889408,0.32249674902470743,1059,390,10314,279421,905275,927423
300078,bounded,78,6.0,15.0,1.08,0.85,0.001,0.33,0.5,1000,24,200,133,500,24.0,True,4176.0,20000,20000.0,2,3282,0.5466355762824784,0.0006093845216331506,5,423,5013,78614,574574,584456
300074,bounded,74,6.0,15.0,1.08,0.85,0.001,0.33,0.5,1000,12,200,173,500,24.0,True,3072.0,20000,20000.0,3,3293,0.5484676882078614,0.0009110233829334953,15,432,2784,46949,522245,530218
300071,bounded,71,6.0,15.0,1.08,0.85,0.001,0.33,0.5,1000,48,200,396,500,24.0,True,,20000,20000.0,132,3200,0.5329780146568954,0.04125,297,430,1777,14733,453760,480861
300080,bounded,80,6.0,15.0,1.08,0.85,0.001,0.33,0.5,1000,12,200,199,500,24.0,True,3384.0,20000,20000.0,5,3264,0.5436375749500333,0.0015318627450980392,21,420,4579,75402,567583,577986
300075,bounded,75,6.0,15.0,1.08,0.85,0.001,0.33,0.5,1000,48,200,137,500,24.0,True,7560.0,20000,20000.0,13,3354,0.5586275816122585,0.003875968992248062,37,422,5343,86096,585661,598127
300068,bounded,68,6.0,15.0,1.08,0.85,0.001,0.33,0.5,1000,48,200,384,500,24.0,True,19392.0,20000,20000.0,571,3155,0.5254830113257828,0.1809825673534073,656,457,3237,40862,497127,524730
300079,bounded,79,6.0,15.0,1.08,0.85,0.001,0.33,0.5,1000,48,200,251,500,24.0,True,13032.0,20000,20000.0,529,3267,0.5441372418387741,0.16192225283134373,590,391,7898,151126,687276,710347
300077,bounded,77,6.0,15.0,1.08,0.85,0.001,0.33,0.5,1000,12,200,443,500,24.0,True,6312.0,20000,20000.0,18,3403,0.5667888074616922,0.005289450484866294,30,415,5189,82888,570066,592577
300069,bounded,69,6.0,15.0,1.08,0.85,0.001,0.33,0.5,1000,24,200,258,500,24.0,True,7176.0,20000,20000.0,1,3418,0.5692871419053964,0.0002925687536571094,6,408,5297,80332,571987,589515
300073,bounded,73,6.0,15.0,1.08,0.85,0.001,0.33,0.5,1000,12,200,169,500,24.0,True,3024.0,20000,20000.0,143,3188,0.5309793471019321,0.044855708908406525,187,383,10081,188957,756692,772090
300083,bounded,83,6.0,15.0,1.08,0.85,0.001,0.33,0.5,1000,12,200,639,500,24.0,True,8664.0,20000,20000.0,2,3241,0.5398067954696869,0.000617093489663684,8,411,5358,85902,567391,598108
300072,bounded,72,6.0,15.0,1.08,0.85,0.001,0.33,0.5,1000,12,200,163,500,24.0,True,2952.0,20000,20000.0,824,3185,0.5304796802131913,0.258712715855573,859,355,11328,311024,962119,978007
300082,bounded,82,6.0,15.0,1.08,0.85,0.001,0.33,0.5,1000,24,200,292,500,24.0,True,7992.0,20000,20000.0,268,3293,0.5484676882078614,0.08138475554205891,328,394,8404,144658,675629,697995
300076,bounded,76,6.0,15.0,1.08,0.85,0.001,0.33,0.5,1000,12,200,117,500,24.0,True,2400.0,20000,20000.0,146,3212,0.5349766822118588,0.045454545454545456,210,371,11520,276409,906287,920452
300070,bounded,70,6.0,15.0,1.08,0.85,0.001,0.33,0.5,1000,12,200,317,500,24.0,True,4800.0,20000,20000.0,1940,3092,0.5149900066622252,0.6274256144890039,1986,283,11643,534304,1329327,1353184
300081,bounded,81,6.0,15.0,1.08,0.85,0.001,0.33,0.5,1000,12,200,453,500,24.0,True,6432.0,20000,20000.0,1586,3150,0.5246502331778814,0.5034920634920635,1651,325,10269,420706,1135416,1163386
300087,bounded,87,6.0,15.0,1.08,0.85,0.001,0.33,0.5,1000,48,200,347,500,24.0,True,17616.0,20000,20000.0,632,3111,0.5181545636242505,0.203150112504018,727,441,4338,76156,558144,584397
300092,bounded,92,6.0,15.0,1.08,0.85,0.001,0.33,0.5,1000,12,200,115,500,24.0,True,2376.0,20000,20000.0,14,3213,0.535143237841439,0.004357298474945534,70,404,5821,127846,659094,667667
300095,bounded,95,6.0,15.0,1.08,0.85,0.001,0.33,0.5,1000,48,200,396,500,24.0,True,,20000,20000.0,2,3236,0.5389740173217855,0.0006180469715698393,10,398,1190,10217,447388,474087
300099,bounded,99,6.0,15.0,1.08,0.85,0.001,0.33,0.5,1000,48,200,153,500,24.0,True,8304.0,20000,20000.0,50,3292,0.5483011325782812,0.015188335358444714,86,385,8291,145512,683643,700123
300084,bounded,84,6.0,15.0,1.08,0.85,0.001,0.33,0.5,1000,24,200,316,500,24.0,True,8568.0,20000,20000.0,10,3372,0.5616255829447035,0.0029655990510083037,36,416,6202,88538,582290,603550
300093,bounded,93,6.0,15.0,1.08,0.85,0.001,0.33,0.5,1000,48,200,281,500,24.0,True,14448.0,20000,20000.0,7,3303,0.5501332445036642,0.002119285498032092,36,423,5488,84041,574509,597176
300097,bounded,97,6.0,15.0,1.08,0.85,0.001,0.33,0.5,1000,48,200,233,500,24.0,True,12144.0,20000,20000.0,31,3220,0.536309127248501,0.009627329192546583,99,394,7861,132958,657463,679058
300096,bounded,96,6.0,15.0,1.08,0.85,0.001,0.33,0.5,1000,12,200,121,500,24.0,True,2448.0,20000,20000.0,1488,3113,0.5184876748834111,0.4779955027304851,1524,338,11654,432624,1168285,1182660
300090,bounded,90,6.0,15.0,1.08,0.85,0.001,0.33,0.5,1000,24,200,214,500,24.0,True,6120.0,20000,20000.0,358,3232,0.5383077948034644,0.11076732673267327,455,393,10108,185556,748094,767631
300089,bounded,89,6.0,15.0,1.08,0.85,0.001,0.33,0.5,1000,48,200,95,500,24.0,True,5544.0,20000,20000.0,1,3328,0.5542971352431713,0.00030048076923076925,10,435,4836,77520,574077,583047
300091,bounded,91,6.0,15.0,1.08,0.85,0.001,0.33,0.5,1000,48,200,250,500,24.0,True,12960.0,20000,20000.0,51,3340,0.5562958027981346,0.01526946107784431,124,428,5530,82434,573285,593905
300085,bounded,85,6.0,15.0,1.08,0.85,0.001,0.33,0.5,1000,24,200,135,500,24.0,True,4224.0,20000,20000.0,157,3236,0.5389740173217855,0.048516687268232384,238,373,11818,256562,870038,886981
300088,bounded,88,6.0,15.0,1.08,0.85,0.001,0.33,0.5,1000,24,200,242,500,24.0,True,6792.0,20000,20000.0,508,3154,0.5253164556962026,0.16106531388712747,615,350,10356,250356,856439,877714
300086,bounded,86,6.0,15.0,1.08,0.85,0.001,0.33,0.5,1000,48,200,243,500,24.0,True,12648.0,20000,20000.0,607,3228,0.5376415722851432,0.18804213135068154,667,408,6599,147830,685038,706060
300098,bounded,98,6.0,15.0,1.08,0.85,0.001,0.33,0.5,1000,12,200,127,500,24.0,True,2520.0,20000,20000.0,14,3276,0.5456362425049966,0.004273504273504274,140,421,4138,54498,535660,542911
300094,bounded,94,6.0,15.0,1.08,0.85,0.001,0.33,0.5,1000,24,200,107,500,24.0,True,3552.0,20000,20000.0,1282,3152,0.524983344437042,0.4067258883248731,1369,293,11972,552077,1368045,1383606
1000010,chronic,10,6.0,15.0,1.08,0.85,0.001,0.33,0.35,1000,12,200,1584,500,24.0,False,,20000,20000.0,2,3105,0.5171552298467689,0.0006441223832528181,3,458,1064,16381,420592,479716
1000004,chronic,4,6.0,15.0,1.08,0.85,0.001,0.33,0.35,1000,24,200,792,500,24.0,False,,20000,20000.0,0,3330,0.5546302465023317,0.0,0,485,494,5373,424979,464641
1000002,chronic,2,6.0,15.0,1.08,0.85,0.001,0.33,0.35,1000,24,200,792,500,24.0,False,,20000,20000.0,2,3309,0.5511325782811459,0.0006044122091266244,8,454,295,3238,422309,461842
1000005,chronic,5,6.0,15.0,1.08,0.85,0.001,0.33,0.35,1000,24,200,792,500,24.0,False,,20000,20000.0,2,3217,0.5358094603597602,0.0006216972334473111,5,450,242,2970,421862,461921
1000014,chronic,14,6.0,15.0,1.08,0.85,0.001,0.33,0.35,1000,24,200,792,500,24.0,False,,20000,20000.0,3,3156,0.5256495669553631,0.0009505703422053232,23,464,318,3752,423268,462885
1000000,chronic,0,6.0,15.0,1.08,0.85,0.001,0.33,0.35,1000,48,200,396,500,24.0,False,,20000,20000.0,1,3251,0.5414723517654897,0.00030759766225776686,5,469,327,4491,436864,462737
1000011,chronic,11,6.0,15.0,1.08,0.85,0.001,0.33,0.35,1000,24,200,792,500,24.0,False,,20000,20000.0,1,3222,0.5366422385076616,0.00031036623215394165,1,463,509,5069,425358,465355
1000015,chronic,15,6.0,15.0,1.08,0.85,0.001,0.33,0.35,1000,24,200,792,500,24.0,False,,20000,20000.0,0,3402,0.5666222518321119,0.0,0,496,331,4036,423823,463743
1000008,chronic,8,6.0,15.0,1.08,0.85,0.001,0.33,0.35,1000,24,200,792,500,24.0,False,,20000,20000.0,3,3201,0.5331445702864757,0.0009372071227741331,22,453,272,3101,422894,462643
1000009,chronic,9,6.0,15.0,1.08,0.85,0.001,0.33,0.35,1000,24,200,792,500,24.0,False,,20000,20000.0,0,3232,0.5383077948034644,0.0,0,414,545,6096,426038,466100
1000003,chronic,3,6.0,15.0,1.08,0.85,0.001,0.33,0.35,1000,12,200,1584,500,24.0,False,,20000,20000.0,2,3089,0.5144903397734844,0.0006474587245063128,7,483,684,9775,412753,470308
1000001,chronic,1,6.0,15.0,1.08,0.85,0.001,0.33,0.35,1000,48,200,396,500,24.0,False,,20000,20000.0,0,3341,0.5564623584277149,0.0,0,445,203,2825,435381,461062
1000012,chronic,12,6.0,15.0,1.08,0.85,0.001,0.33,0.35,1000,12,200,1584,500,24.0,False,,20000,20000.0,1,3146,0.5239840106595602,0.0003178639542275906,1,410,4720,110628,534716,603093
1000013,chronic,13,6.0,15.0,1.08,0.85,0.001,0.33,0.35,1000,24,200,792,500,24.0,False,,20000,20000.0,1,3128,0.5209860093271153,0.00031969309462915604,1,460,475,5464,425201,465262
1000006,chronic,6,6.0,15.0,1.08,0.85,0.001,0.33,0.35,1000,48,200,396,500,24.0,False,,20000,20000.0,1,3309,0.5511325782811459,0.0003022061045633122,3,438,389,4733,437186,463020
1000007,chronic,7,6.0,15.0,1.08,0.85,0.001,0.33,0.35,1000,12,200,1584,500,24.0,False,10992.0,20000,20000.0,1377,2997,0.4991672218520986,0.4594594594594595,1426,338,5999,454750,980232,1056408
1000020,chronic,20,6.0,15.0,1.08,0.85,0.001,0.33,0.35,1000,48,200,396,500,24.0,False,,20000,20000.0,0,3347,0.5574616922051966,0.0,0,429,254,3227,435452,461192
1000021,chronic,21,6.0,15.0,1.08,0.85,0.001,0.33,0.35,1000,48,200,396,500,24.0,False,,20000,20000.0,1,3311,0.5514656895403065,0.0003020235578375113,1,434,211,2836,435130,460752
1000031,chronic,31,6.0,15.0,1.08,0.85,0.001,0.33,0.35,1000,48,200,396,500,24.0,False,,20000,20000.0,4,3247,0.5408061292471685,0.0012319063751154912,24,426,350,3971,435866,461562
1000018,chronic,18,6.0,15.0,1.08,0.85,0.001,0.33,0.35,1000,12,200,1584,500,24.0,False,14352.0,20000,20000.0,534,3092,0.5149900066622252,0.17270375161707632,611,478,6576,245847,707957,781003
1000029,chronic,29,6.0,15.0,1.08,0.85,0.001,0.33,0.35,1000,48,200,396,500,24.0,False,,20000,20000.0,2,3512,0.5849433710859427,0.0005694760820045558,4,453,207,2867,434735,460606
1000030,chronic,30,6.0,15.0,1.08,0.85,0.001,0.33,0.35,1000,48,200,396,500,24.0,False,,20000,20000.0,1,3327,0.5541305796135909,0.00030057108506161706,1,460,240,3374,435439,461204
1000027,chronic,27,6.0,15.0,1.08,0.85,0.001,0.33,0.35,1000,48,200,396,500,24.0,False,,20000,20000.0,1,3261,0.5431379080612925,0.00030665440049064706,4,512,237,2810,435464,461144
1000016,chronic,16,6.0,15.0,1.08,0.85,0.001,0.33,0.35,1000,48,200,396,500,24.0,False,,20000,20000.0,1,3360,0.5596269153897402,0.00029761904761904765,2,435,225,3277,435594,461420
1000025,chronic,25,6.0,15.0,1.08,0.85,0.001,0.33,0.35,1000,48,200,396,500,24.0,False,,20000,20000.0,0,3341,0.5564623584277149,0.0,0,430,238,2769,434397,460167
1000024,chronic,24,6.0,15.0,1.08,0.85,0.001,0.33,0.35,1000,48,200,396,500,24.0,False,,20000,20000.0,2,3334,0.5552964690206529,0.0005998800239952009,13,430,172,2378,435023,460641
1000028,chronic,28,6.0,15.0,1.08,0.85,0.001,0.33,0.35,1000,12,200,1584,500,24.0,False,10224.0,20000,20000.0,1306,3015,0.5021652231845436,0.433167495854063,1363,345,7322,474672,1002702,1081974
1000017,chronic,17,6.0,15.0,1.08,0.85,0.001,0.33,0.35,1000,12,200,1584,500,24.0,False,,20000,20000.0,34,3132,0.5216522318454364,0.010855683269476373,170,465,2529,56597,469861,532072
1000019,chronic,19,6.0,15.0,1.08,0.85,0.001,0.33,0.35,1000,12,200,1584,500,24.0,False,10752.0,20000,20000.0,881,3096,0.5156562291805463,0.2845607235142119,955,363,6033,318777,802734,876772
1000023,chronic,23,6.0,15.0,1.08,0.85,0.001,0.33,0.35,1000,24,200,792,500,24.0,False,,20000,20000.0,1,3228,0.5376415722851432,0.0003097893432465923,5,430,442,4551,423849,463775
1000026,chronic,26,6.0,15.0,1.08,0.85,0.001,0.33,0.35,1000,12,200,1584,500,24.0,False,5016.0,20000,20000.0,1393,2909,0.48451032644903397,0.47885871433482297,1445,303,7839,733413,1336855,1421666
1000022,chronic,22,6.0,15.0,1.08,0.85,0.001,0.33,0.35,1000,24,200,792,500,24.0,False,,20000,20000.0,2,3212,0.5349766822118588,0.0006226650062266501,9,459,554,6221,425834,465797
1000035,chronic,35,6.0,15.0,1.08,0.85,0.001,0.33,0.35,1000,24,200,792,500,24.0,False,,20000,20000.0,2,3274,0.5453031312458361,0.0006108735491753207,5,471,259,3036,422878,462411
1000046,chronic,46,6.0,15.0,1.08,0.85,0.001,0.33,0.35,1000,48,200,396,500,24.0,False,,20000,20000.0,1,3324,0.5536309127248501,0.00030084235860409147,5,474,435,4829,436917,462860
1000042,chronic,42,6.0,15.0,1.08,0.85,0.001,0.33,0.35,1000,48,200,396,500,24.0,False,,20000,20000.0,3,3218,0.5359760159893404,0.0009322560596643878,9,422,367,4859,437400,463304
1000032,chronic,32,6.0,15.0,1.08,0.85,0.001,0.33,0.35,1000,24,200,792,500,24.0,False,,20000,20000.0,0,3178,0.5293137908061293,0.0,0,480,532,5661,425473,465334
1000040,chronic,40,6.0,15.0,1.08,0.85,0.001,0.33,0.35,1000,24,200,792,500,24.0,False,,20000,20000.0,2,3291,0.5481345769487008,0.0006077180188392585,10,474,485,5853,425867,466065
1000039,chronic,39,6.0,15.0,1.08,0.85,0.001,0.33,0.35,1000,48,200,396,500,24.0,False,,20000,20000.0,0,3354,0.5586275816122585,0.0,0,433,250,3074,434705,460764
1000034,chronic,34,6.0,15.0,1.08,0.85,0.001,0.33,0.35,1000,24,200,792,500,24.0,False,,20000,20000.0,0,3216,0.5356429047301798,0.0,0,459,282,3175,422506,461807
1000036,chronic,36,6.0,15.0,1.08,0.85,0.001,0.33,0.35,1000,48,200,396,500,24.0,False,,20000,20000.0,1,3271,0.5448034643570953,0.0003057169061449098,2,488,348,4314,436953,462586
1000041,chronic,41,6.0,15.0,1.08,0.85,0.001,0.33,0.35,1000,12,200,1584,500,24.0,False,13752.0,20000,20000.0,1213,3006,0.5006662225183212,0.40352628077178976,1242,401,4867,258955,726586,796988
1000047,chronic,47,6.0,15.0,1.08,0.85,0.001,0.33,0.35,1000,24,200,792,500,24.0,False,,20000,20000.0,2,3220,0.536309127248501,0.0006211180124223603,9,456,337,3765,423602,463343
1000038,chronic,38,6.0,15.0,1.08,0.85,0.001,0.33,0.35,1000,12,200,1584,500,24.0,False,,20000,20000.0,6,3032,0.5049966688874084,0.001978891820580475,23,430,2283,39891,448730,509731
1000043,chronic,43,6.0,15.0,1.08,0.85,0.001,0.33,0.35,1000,24,200,792,500,24.0,False,,20000,20000.0,1,3240,0.5396402398401066,0.00030864197530864197,1,413,279,3151,422926,462688
1000045,chronic,45,6.0,15.0,1.08,0.85,0.001,0.33,0.35,1000,12,200,1584,500,24.0,False,11856.0,20000,20000.0,1127,2998,0.4993337774816789,0.37591727818545695,1179,390,6067,347505,840795,915402
1000037,chronic,37,6.0,15.0,1.08,0.85,0.001,0.33,0.35,1000,48,200,396,500,24.0,False,,20000,20000.0,0,3205,0.5338107928047968,0.0,0,429,153,2631,434628,460387
1000044,chronic,44,6.0,15.0,1.08,0.85,0.001,0.33,0.35,1000,24,200,792,500,24.0,False,,20000,20000.0,2,3249,0.5411392405063291,0.0006155740227762388,5,469,564,6532,426602,466528
1000033,chronic,33,6.0,15.0,1.08,0.85,0.001,0.33,0.35,1000,12,200,1584,500,24.0,False,,20000,20000.0,1,3227,0.537475016655563,0.0003098853424233034,8,444,1091,17249,421328,480759
1000058,chronic,58,6.0,15.0,1.08,0.85,0.001,0.33,0.35,1000,12,200,1584,500,24.0,False,,20000,20000.0,147,3072,0.5116588940706196,0.0478515625,235,463,1565,23829,429675,489246
1000052,chronic,52,6.0,15.0,1.08,0.85,0.001,0.33,0.35,1000,48,200,396,500,24.0,False,,20000,20000.0,1,3298,0.5493004663557628,0.00030321406913280777,9,464,254,3048,435481,460912
1000060,chronic,60,6.0,15.0,1.08,0.85,0.001,0.33,0.35,1000,12,200,1584,500,24.0,False,,20000,20000.0,4,3216,0.5356429047301798,0.0012437810945273632,32,439,644,8743,411607,469145
1000056,chronic,56,6.0,15.0,1.08,0.85,0.001,0.33,0.35,1000,48,200,396,500,24.0,False,,20000,20000.0,8,3243,0.5401399067288475,0.002466851680542707,25,451,321,3971,435983,461872
1000063,chronic,63,6.0,15.0,1.08,0.85,0.001,0.33,0.35,1000,48,200,396,500,24.0,False,,20000,20000.0,2,3147,0.5241505662891406,0.0006355258976803305,5,470,302,4053,436399,462040
1000055,chronic,55,6.0,15.0,1.08,0.85,0.001,0.33,0.35,1000,12,200,1584,500,24.0,False,,20000,20000.0,142,3097,0.5158227848101266,0.04585082337746206,267,439,3981,82848,499248,564812
1000061,chronic,61,6.0,15.0,1.08,0.85,0.001,0.33,0.35,1000,12,200,1584,500,24.0,False,,20000,20000.0,244,3117,0.5191538974017322,0.07828039781841514,321,416,6357,175907,616206,688810
1000051,chronic,51,6.0,15.0,1.08,0.85,0.001,0.33,0.35,1000,24,200,792,500,24.0,False,,20000,20000.0,2,3149,0.5244836775483012,0.0006351222610352493,9,438,278,3242,422922,462453
1000050,chronic,50,6.0,15.0,1.08,0.85,0.001,0.33,0.35,1000,12,200,1584,500,24.0,False,,20000,20000.0,5,3081,0.5131578947368421,0.0016228497241155468,44,450,1178,18432,423096,481830
1000057,chronic,57,6.0,15.0,1.08,0.85,0.001,0.33,0.35,1000,48,200,396,500,24.0,False,,20000,20000.0,2,3198,0.5326449033977348,0.0006253908692933083,18,450,241,3525,436084,461654
1000062,chronic,62,6.0,15.0,1.08,0.85,0.001,0.33,0.35,1000,48,200,396,500,24.0,False,,20000,20000.0,1,3341,0.5564623584277149,0.000299311583358276,5,444,277,3805,436723,462497
1000053,chronic,53,6.0,15.0,1.08,0.85,0.001,0.33,0.35,1000,12,200,1584,500,24.0,False,14736.0,20000,20000.0,1170,3043,0.5068287808127915,0.3844889911271771,1225,388,6119,308629,789735,862871
1000054,chronic,54,6.0,15.0,1.08,0.85,0.001,0.33,0.35,1000,12,200,1584,500,24.0,False,,20000,20000.0,86,3174,0.5286475682878081,0.027095148078134845,211,427,4868,116791,543636,611857
1000059,chronic,59,6.0,15.0,1.08,0.85,0.001,0.33,0.35,1000,24,200,792,500,24.0,False,,20000,20000.0,1,3283,0.5468021319120586,0.0003045994517209869,1,458,488,5626,425047,464640
1000048,chronic,48,6.0,15.0,1.08,0.85,0.001,0.33,0.35,1000,12,200,1584,500,24.0,False,9984.0,20000,20000.0,935,3084,0.513657561625583,0.303177691309987,999,390,5768,365925,866706,940394
1000049,chronic,49,6.0,15.0,1.08,0.85,0.001,0.33,0.35,1000,12,200,1584,500,24.0,False,9984.0,20000,20000.0,1394,2992,0.4983344437041972,0.4659090909090909,1458,333,6203,512241,1054721,1131953
1000065,chronic,65,6.0,15.0,1.08,0.85,0.001,0.33,0.35,1000,48,200,396,500,24.0,False,,20000,20000.0,2,3322,0.5532978014656895,0.0006020469596628537,3,480,190,2589,434325,460078
1000074,chronic,74,6.0,15.0,1.08,0.85,0.001,0.33,0.35,1000,48,200,396,500,24.0,False,,20000,20000.0,1,3379,0.5627914723517655,0.0002959455460195324,6,470,276,3827,435808,461503
1000070,chronic,70,6.0,15.0,1.08,0.85,0.001,0.33,0.35,1000,24,200,792,500,24.0,False,,20000,20000.0,1,3209,0.534477015323118,0.0003116235587410408,2,483,435,5049,424428,464431
1000071,chronic,71,6.0,15.0,1.08,0.85,0.001,0.33,0.35,1000,48,200,396,500,24.0,False,,20000,20000.0,0,3376,0.5622918054630246,0.0,0,453,213,3286,434708,460308
1000064,chronic,64,6.0,15.0,1.08,0.85,0.001,0.33,0.35,1000,24,200,792,500,24.0,False,,20000,20000.0,0,3231,0.5381412391738841,0.0,0,486,457,4988,424566,464579
1000078,chronic,78,6.0,15.0,1.08,0.85,0.001,0.33,0.35,1000,24,200,792,500,24.0,False,,20000,20000.0,1,3220,0.536309127248501,0.00031055900621118014,2,448,509,5922,426045,465852
1000066,chronic,66,6.0,15.0,1.08,0.85,0.001,0.33,0.35,1000,24,200,792,500,24.0,False,,20000,20000.0,3,3195,0.532145236508994,0.0009389671361502347,45,455,507,6304,425907,465674
1000079,chronic,79,6.0,15.0,1.08,0.85,0.001,0.33,0.35,1000,48,200,396,500,24.0,False,,20000,20000.0,1,3304,0.5502998001332445,0.0003026634382566586,2,471,240,2869,435289,461031
1000077,chronic,77,6.0,15.0,1.08,0.85,0.001,0.33,0.35,1000,48,200,396,500,24.0,False,,20000,20000.0,0,3242,0.5399733510992671,0.0,0,463,232,3008,435671,461183
1000073,chronic,73,6.0,15.0,1.08,0.85,0.001,0.33,0.35,1000,24,200,792,500,24.0,False,,20000,20000.0,0,3170,0.527981345769487,0.0,0,429,383,4336,424239,464262
1000069,chronic,69,6.0,15.0,1.08,0.85,0.001,0.33,0.35,1000,24,200,792,500,24.0,False,,20000,20000.0,0,3209,0.534477015323118,0.0,0,448,396,4356,423873,464021
1000067,chronic,67,6.0,15.0,1.08,0.85,0.001,0.33,0.35,1000,12,200,1584,500,24.0,False,,20000,20000.0,6,3108,0.5176548967355097,0.0019305019305019305,62,437,472,7040,410097,467405
1000068,chronic,68,6.0,15.0,1.08,0.85,0.001,0.33,0.35,1000,12,200,1584,500,24.0,False,,20000,20000.0,3,3140,0.5229846768820786,0.0009554140127388535,11,452,823,11948,415770,474327
1000076,chronic,76,6.0,15.0,1.08,0.85,0.001,0.33,0.35,1000,48,200,396,500,24.0,False,,20000,20000.0,2,3205,0.5338107928047968,0.0006240249609984399,14,427,285,3724,435586,461082
1000075,chronic,75,6.0,15.0,1.08,0.85,0.001,0.33,0.35,1000,48,200,396,500,24.0,False,,20000,20000.0,2,3268,0.5443037974683544,0.0006119951040391676,6,462,181,2598,435211,460646
1000072,chronic,72,6.0,15.0,1.08,0.85,0.001,0.33,0.35,1000,48,200,396,500,24.0,False,,20000,20000.0,2,3265,0.5438041305796136,0.0006125574272588055,6,454,171,2202,434972,460781
1000086,chronic,86,6.0,15.0,1.08,0.85,0.001,0.33,0.35,1000,48,200,396,500,24.0,False,,20000,20000.0,1,3278,0.5459693537641572,0.0003050640634533252,1,471,196,2934,436003,461823
1000090,chronic,90,6.0,15.0,1.08,0.85,0.001,0.33,0.35,1000,48,200,396,500,24.0,False,,20000,20000.0,1,3309,0.5511325782811459,0.0003022061045633122,3,444,227,2864,434436,459806
1000081,chronic,81,6.0,15.0,1.08,0.85,0.001,0.33,0.35,1000,24,200,792,500,24.0,False,,20000,20000.0,4,3260,0.5429713524317122,0.001226993865030675,8,460,321,3414,422227,461921
1000088,chronic,88,6.0,15.0,1.08,0.85,0.001,0.33,0.35,1000,48,200,396,500,24.0,False,,20000,20000.0,2,3339,0.5561292471685543,0.0005989817310572028,10,467,253,3272,435091,460925
1000083,chronic,83,6.0,15.0,1.08,0.85,0.001,0.33,0.35,1000,24,200,792,500,24.0,False,,20000,20000.0,2,3226,0.5373084610259827,0.0006199628022318661,7,474,279,3321,422781,462684
1000093,chronic,93,6.0,15.0,1.08,0.85,0.001,0.33,0.35,1000,12,200,1584,500,24.0,False,,20000,20000.0,2,3158,0.5259826782145236,0.0006333122229259025,14,448,286,4658,406880,463767
1000082,chronic,82,6.0,15.0,1.08,0.85,0.001,0.33,0.35,1000,48,200,396,500,24.0,False,,20000,20000.0,1,3254,0.5419720186542305,0.00030731407498463427,6,451,277,3710,436220,461969
1000085,chronic,85,6.0,15.0,1.08,0.85,0.001,0.33,0.35,1000,12,200,1584,500,24.0,False,,20000,20000.0,2,3101,0.5164890073284477,0.0006449532408900354,41,475,2409,46651,456671,519089
1000089,chronic,89,6.0,15.0,1.08,0.85,0.001,0.33,0.35,1000,24,200,792,500,24.0,False,,20000,20000.0,1,3156,0.5256495669553631,0.0003168567807351077,2,416,366,3675,423235,463242
1000092,chronic,92,6.0,15.0,1.08,0.85,0.001,0.33,0.35,1000,24,200,792,500,24.0,False,,20000,20000.0,2,3176,0.5289806795469687,0.0006297229219143577,14,448,1088,12328,433270,474020
1000094,chronic,94,6.0,15.0,1.08,0.85,0.001,0.33,0.35,1000,48,200,396,500,24.0,False,,20000,20000.0,1,3396,0.5656229180546303,0.0002944640753828033,3,473,197,2955,434826,460409
1000087,chronic,87,6.0,15.0,1.08,0.85,0.001,0.33,0.35,1000,24,200,792,500,24.0,False,,20000,20000.0,1,3157,0.5258161225849434,0.0003167564143173899,1,479,306,3537,423272,462952
1000084,chronic,84,6.0,15.0,1.08,0.85,0.001,0.33,0.35,1000,48,200,396,500,24.0,False,,20000,20000.0,2,3319,0.5527981345769487,0.0006025911419102139,2,486,261,3366,435603,461360
1000095,chronic,95,6.0,15.0,1.08,0.85,0.001,0.33,0.35,1000,12,200,1584,500,24.0,False,6288.0,20000,20000.0,1425,3021,0.5031645569620253,0.4716981132075472,1451,311,7350,577790,1136858,1217288
1000091,chronic,91,6.0,15.0,1.08,0.85,0.001,0.33,0.35,1000,12,200,1584,500,24.0,False,,20000,20000.0,2,3126,0.5206528980679547,0.0006397952655150352,14,452,1227,20487,425372,484600
1000080,chronic,80,6.0,15.0,1.08,0.85,0.001,0.33,0.35,1000,48,200,396,500,24.0,False,,20000,20000.0,1,3261,0.5431379080612925,0.00030665440049064706,3,467,228,2943,434799,460741
1100006,chronic,6,6.0,15.0,1.08,0.85,0.001,0.33,0.4,1000,24,200,792,500,24.0,False,,20000,20000.0,1,3246,0.5406395736175883,0.00030807147258163895,2,479,756,6623,426862,467201
1000096,chronic,96,6.0,15.0,1.08,0.85,0.001,0.33,0.35,1000,48,200,396,500,24.0,False,,20000,20000.0,1,3340,0.5562958027981346,0.0002994011976047904,6,475,275,3758,436383,462281
1100002,chronic,2,6.0,15.0,1.08,0.85,0.001,0.33,0.4,1000,48,200,396,500,24.0,False,,20000,20000.0,3,3306,0.5506329113924051,0.0009074410163339383,11,465,460,4533,437651,463422
1000098,chronic,98,6.0,15.0,1.08,0.85,0.001,0.33,0.35,1000,24,200,792,500,24.0,False,,20000,20000.0,1,3174,0.5286475682878081,0.000315059861373661,2,478,407,4714,424820,465028
1100008,chronic,8,6.0,15.0,1.08,0.85,0.001,0.33,0.4,1000,48,200,396,500,24.0,False,,20000,20000.0,1,3287,0.5474683544303798,0.000304228780042592,2,427,430,4630,437131,462851
1100000,chronic,0,6.0,15.0,1.08,0.85,0.001,0.33,0.4,1000,24,200,792,500,24.0,False,,20000,20000.0,0,3209,0.534477015323118,0.0,0,466,1284,12019,433774,474760
1100011,chronic,11,6.0,15.0,1.08,0.85,0.001,0.33,0.4,1000,24,200,792,500,24.0,False,,20000,20000.0,1,3244,0.5403064623584277,0.00030826140567200987,1,474,1522,15902,439181,480508
1100003,chronic,3,6.0,15.0,1.08,0.85,0.001,0.33,0.4,1000,24,200,792,500,24.0,False,,20000,20000.0,4,3196,0.5323117921385743,0.0012515644555694619,20,413,646,6349,426130,466580
1000099,chronic,99,6.0,15.0,1.08,0.85,0.001,0.33,0.35,1000,48,200,396,500,24.0,False,,20000,20000.0,0,3249,0.5411392405063291,0.0,0,479,378,5227,438324,463950
1100004,chronic,4,6.0,15.0,1.08,0.85,0.001,0.33,0.4,1000,24,200,792,500,24.0,False,,20000,20000.0,1,3258,0.5426382411725517,0.0003069367710251688,1,488,865,8459,429481,470132
1100005,chronic,5,6.0,15.0,1.08,0.85,0.001,0.33,0.4,1000,12,200,1584,500,24.0,False,17592.0,20000,20000.0,819,3014,0.5019986675549634,0.2717319177173192,897,422,3438,103343,539322,604746
1100010,chronic,10,6.0,15.0,1.08,0.85,0.001,0.33,0.4,1000,48,200,396,500,24.0,False,,20000,20000.0,2,3328,0.5542971352431713,0.0006009615384615385,5,445,396,3962,437265,463410
1100007,chronic,7,6.0,15.0,1.08,0.85,0.001,0.33,0.4,1000,48,200,396,500,24.0,False,,20000,20000.0,1,3180,0.5296469020652899,0.00031446540880503143,1,453,404,4273,437325,463364
1000097,chronic,97,6.0,15.0,1.08,0.85,0.001,0.33,0.35,1000,12,200,1584,500,24.0,False,,20000,20000.0,5,3135,0.5221518987341772,0.001594896331738437,30,459,311,4010,406793,463793
1100001,chronic,1,6.0,15.0,1.08,0.85,0.001,0.33,0.4,1000,24,200,792,500,24.0,False,,20000,20000.0,3,3221,0.5364756828780812,0.0009313877677739833,19,474,504,5638,426444,466346
1100009,chronic,9,6.0,15.0,1.08,0.85,0.001,0.33,0.4,1000,12,200,1584,500,24.0,False,7344.0,20000,20000.0,1583,3026,0.5039973351099267,0.523132848645076,1618,292,7861,513886,1104482,1187889
1100015,chronic,15,6.0,15.0,1.08,0.85,0.001,0.33,0.4,1000,24,200,792,500,24.0,False,,20000,20000.0,0,3201,0.5331445702864757,0.0,0,437,897,9060,430220,470562
1100013,chronic,13,6.0,15.0,1.08,0.85,0.001,0.33,0.4,1000,48,200,396,500,24.0,False,,20000,20000.0,3,3243,0.5401399067288475,0.0009250693802035153,17,465,636,7406,440933,467033
1100024,chronic,24,6.0,15.0,1.08,0.85,0.001,0.33,0.4,1000,24,200,792,500,24.0,False,,20000,20000.0,0,3248,0.5409726848767489,0.0,0,459,508,4816,424731,464271
1100022,chronic,22,6.0,15.0,1.08,0.85,0.001,0.33,0.4,1000,24,200,792,500,24.0,False,,20000,20000.0,2,3131,0.5214856762158561,0.0006387735547748323,4,430,1018,8749,429178,469962
1100026,chronic,26,6.0,15.0,1.08,0.85,0.001,0.33,0.4,1000,24,200,792,500,24.0,False,,20000,20000.0,4,3131,0.5214856762158561,0.0012775471095496647,63,470,1176,11355,433384,474102
1100021,chronic,21,6.0,15.0,1.08,0.85,0.001,0.33,0.4,1000,48,200,396,500,24.0,False,,20000,20000.0,3,3252,0.5416389073950699,0.0009225092250922509,14,431,502,4994,437718,463643
1100017,chronic,17,6.0,15.0,1.08,0.85,0.001,0.33,0.4,1000,48,200,396,500,24.0,False,,20000,20000.0,3,3161,0.5264823451032645,0.0009490667510281556,8,469,506,5543,438778,464181
1100019,chronic,19,6.0,15.0,1.08,0.85,0.001,0.33,0.4,1000,24,200,792,500,24.0,False,,20000,20000.0,14,3199,0.5328114590273151,0.00437636761487965,70,443,578,5815,426243,465872
1100027,chronic,27,6.0,15.0,1.08,0.85,0.001,0.33,0.4,1000,24,200,792,500,24.0,False,,20000,20000.0,2,3190,0.5313124583610926,0.0006269592476489029,3,495,823,8118,429444,469910
1100014,chronic,14,6.0,15.0,1.08,0.85,0.001,0.33,0.4,1000,12,200,1584,500,24.0,False,12024.0,20000,20000.0,1564,3017,0.5024983344437042,0.5183957573748758,1594,368,6180,407704,958779,1036568
1100025,chronic,25,6.0,15.0,1.08,0.85,0.001,0.33,0.4,1000,12,200,1584,500,24.0,False,9192.0,20000,20000.0,1435,3015,0.5021652231845436,0.4759535655058043,1497,362,8072,436544,995695,1077669
1100016,chronic,16,6.0,15.0,1.08,0.85,0.001,0.33,0.4,1000,12,200,1584,500,24.0,False,7656.0,20000,20000.0,1669,3005,0.5004996668887408,0.5554076539101498,1710,317,7507,519023,1111641,1194287
1100020,chronic,20,6.0,15.0,1.08,0.85,0.001,0.33,0.4,1000,12,200,1584,500,24.0,False,9240.0,20000,20000.0,1594,2953,0.4918387741505663,0.5397900440230274,1636,361,7747,538597,1138234,1221752
1100018,chronic,18,6.0,15.0,1.08,0.85,0.001,0.33,0.4,1000,12,200,1584,500,24.0,False,7536.0,20000,20000.0,1687,2972,0.4950033311125916,0.5676312247644684,1743,316,7659,569070,1182595,1266157
1100023,chronic,23,6.0,15.0,1.08,0.85,0.001,0.33,0.4,1000,12,200,1584,500,24.0,False,9504.0,20000,20000.0,1607,3025,0.5038307794803465,0.5312396694214876,1636,313,7311,484366,1062877,1144623
1100012,chronic,12,6.0,15.0,1.08,0.85,0.001,0.33,0.4,1000,12,200,1584,500,24.0,False,4776.0,20000,20000.0,1434,2945,0.49050632911392406,0.4869269949066214,1493,279,8158,732532,1408259,1496903
1100039,chronic,39,6.0,15.0,1.08,0.85,0.001,0.33,0.4,1000,24,200,792,500,24.0,False,,20000,20000.0,4,3186,0.5306462358427715,0.0012554927809165098,14,475,715,6875,427480,467869
1100036,chronic,36,6.0,15.0,1.08,0.85,0.001,0.33,0.4,1000,48,200,396,500,24.0,False,,20000,20000.0,2,3333,0.5551299133910726,0.0006000600060006001,8,484,494,5315,438611,464473
1100041,chronic,41,6.0,15.0,1.08,0.85,0.001,0.33,0.4,1000,24,200,792,500,24.0,False,,20000,20000.0,1,3143,0.5234843437708194,0.0003181673560292714,1,439,536,4940,424852,464739
1100029,chronic,29,6.0,15.0,1.08,0.85,0.001,0.33,0.4,1000,48,200,396,500,24.0,False,,20000,20000.0,4,3194,0.5319786808794137,0.0012523481527864746,14,442,490,4888,438341,464246
1100031,chronic,31,6.0,15.0,1.08,0.85,0.001,0.33,0.4,1000,24,200,792,500,24.0,False,,20000,20000.0,1,3176,0.5289806795469687,0.00031486146095717883,7,468,694,6374,427422,467824
1100037,chronic,37,6.0,15.0,1.08,0.85,0.001,0.33,0.4,1000,24,200,792,500,24.0,False,,20000,20000.0,1,3208,0.5343104596935376,0.0003117206982543641,4,445,593,6841,427344,467850
1100028,chronic,28,6.0,15.0,1.08,0.85,0.001,0.33,0.4,1000,48,200,396,500,24.0,False,,20000,20000.0,0,3330,0.5546302465023317,0.0,0,432,503,5274,437957,463909
1100033,chronic,33,6.0,15.0,1.08,0.85,0.001,0.33,0.4,1000,24,200,792,500,24.0,False,,20000,20000.0,3,3169,0.5278147901399067,0.0009466708740927738,49,461,1257,13966,436265,477375
1100040,chronic,40,6.0,15.0,1.08,0.85,0.001,0.33,0.4,1000,48,200,396,500,24.0,False,,20000,20000.0,2,3132,0.5216522318454364,0.0006385696040868455,6,441,354,4087,437059,462591
1100042,chronic,42,6.0,15.0,1.08,0.85,0.001,0.33,0.4,1000,24,200,792,500,24.0,False,,20000,20000.0,7,3158,0.5259826782145236,0.002216592780240659,16,444,935,9564,430663,471028
1100030,chronic,30,6.0,15.0,1.08,0.85,0.001,0.33,0.4,1000,24,200,792,500,24.0,False,,20000,20000.0,2,3179,0.5294803464357095,0.0006291286568103177,8,475,1273,12792,434894,475831
1100035,chronic,35,6.0,15.0,1.08,0.85,0.001,0.33,0.4,1000,48,200,396,500,24.0,False,,20000,20000.0,1,3301,0.5498001332445037,0.0003029385034837928,7,449,469,4589,437836,463664
1100032,chronic,32,6.0,15.0,1.08,0.85,0.001,0.33,0.4,1000,12,200,1584,500,24.0,False,9600.0,20000,20000.0,1526,3022,0.5033311125916056,0.5049636002647253,1551,303,7944,524531,1117335,1201128
1100043,chronic,43,6.0,15.0,1.08,0.85,0.001,0.33,0.4,1000,12,200,1584,500,24.0,False,8952.0,20000,20000.0,1538,2998,0.4993337774816789,0.5130086724482988,1620,351,7377,469553,1042206,1123201
1100034,chronic,34,6.0,15.0,1.08,0.85,0.001,0.33,0.4,1000,12,200,1584,500,24.0,False,6984.0,20000,20000.0,1565,3002,0.5,0.5213191205862758,1619,283,8660,601816,1226468,1313118
1100038,chronic,38,6.0,15.0,1.08,0.85,0.001,0.33,0.4,1000,12,200,1584,500,24.0,False,12240.0,20000,20000.0,1624,3094,0.5153231179213857,0.5248868778280543,1643,380,6297,360612,892902,969272
1100047,chronic,47,6.0,15.0,1.08,0.85,0.001,0.33,0.4,1000,48,200,396,500,24.0,False,,20000,20000.0,1,3268,0.5443037974683544,0.0003059975520195838,7,426,622,6361,440307,466537
1100058,chronic,58,6.0,15.0,1.08,0.85,0.001,0.33,0.4,1000,24,200,792,500,24.0,False,,20000,20000.0,1,3309,0.5511325782811459,0.0003022061045633122,3,448,701,6543,426528,466773
1100055,chronic,55,6.0,15.0,1.08,0.85,0.001,0.33,0.4,1000,24,200,792,500,24.0,False,,20000,20000.0,2,3210,0.5346435709526982,0.0006230529595015577,4,472,993,9047,429752,470662
1100048,chronic,48,6.0,15.0,1.08,0.85,0.001,0.33,0.4,1000,24,200,792,500,24.0,False,,20000,20000.0,3,3327,0.5541305796135909,0.0009017132551848512,15,443,731,6508,426177,466903
1100053,chronic,53,6.0,15.0,1.08,0.85,0.001,0.33,0.4,1000,48,200,396,500,24.0,False,,20000,20000.0,1,3155,0.5254830113257828,0.0003169572107765452,3,426,700,8007,441924,467807
1100056,chronic,56,6.0,15.0,1.08,0.85,0.001,0.33,0.4,1000,24,200,792,500,24.0,False,,20000,20000.0,4,3123,0.5201532311792139,0.001280819724623759,12,463,1036,10418,431098,471633
1100052,chronic,52,6.0,15.0,1.08,0.85,0.001,0.33,0.4,1000,24,200,792,500,24.0,False,,20000,20000.0,2,3207,0.5341439040639574,0.0006236357966947302,12,447,1753,17764,441487,483019
1100045,chronic,45,6.0,15.0,1.08,0.85,0.001,0.33,0.4,1000,24,200,792,500,24.0,False,,20000,20000.0,0,3145,0.52381745502998,0.0,0,463,1421,12758,434109,475396
1100051,chronic,51,6.0,15.0,1.08,0.85,0.001,0.33,0.4,1000,24,200,792,500,24.0,False,,20000,20000.0,13,3297,0.5491339107261826,0.003942978465271459,71,454,1082,12118,434356,475252
1100044,chronic,44,6.0,15.0,1.08,0.85,0.001,0.33,0.4,1000,48,200,396,500,24.0,False,,20000,20000.0,2,3298,0.5493004663557628,0.0006064281382656155,2,444,498,5147,437963,463932
1100046,chronic,46,6.0,15.0,1.08,0.85,0.001,0.33,0.4,1000,48,200,396,500,24.0,False,,20000,20000.0,3,3247,0.5408061292471685,0.0009239297813366184,14,410,485,5277,438403,464274
1100059,chronic,59,6.0,15.0,1.08,0.85,0.001,0.33,0.4,1000,24,200,792,500,24.0,False,,20000,20000.0,1,3273,0.5451365756162558,0.00030553009471432935,2,475,605,5861,426381,466749
1100049,chronic,49,6.0,15.0,1.08,0.85,0.001,0.33,0.4,1000,48,200,396,500,24.0,False,,20000,20000.0,3,3259,0.5428047968021319,0.0009205277692543725,18,443,902,9916,443904,470482
1100054,chronic,54,6.0,15.0,1.08,0.85,0.001,0.33,0.4,1000,12,200,1584,500,24.0,False,4944.0,20000,20000.0,1522,3041,0.5064956695536309,0.5004932587964486,1566,283,8108,670398,1322538,1409606
1100057,chronic,57,6.0,15.0,1.08,0.85,0.001,0.33,0.4,1000,12,200,1584,500,24.0,False,6600.0,20000,20000.0,1629,3007,0.5008327781479014,0.5417359494512803,1667,262,8686,698939,1361470,1449870
1100050,chronic,50,6.0,15.0,1.08,0.85,0.001,0.33,0.4,1000,12,200,1584,500,24.0,False,4032.0,20000,20000.0,1612,2974,0.4953364423717522,0.5420309347679892,1658,236,8508,809667,1516782,1607344
1100075,chronic,75,6.0,15.0,1.08,0.85,0.001,0.33,0.4,1000,48,200,396,500,24.0,False,,20000,20000.0,2,3269,0.5444703530979347,0.000611807892321811,10,443,297,3595,435568,461338
1100062,chronic,62,6.0,15.0,1.08,0.85,0.001,0.33,0.4,1000,48,200,396,500,24.0,False,,20000,20000.0,1,3396,0.5656229180546303,0.0002944640753828033,3,450,355,3594,436032,462210
1100063,chronic,63,6.0,15.0,1.08,0.85,0.001,0.33,0.4,1000,24,200,792,500,24.0,False,,20000,20000.0,1,3363,0.560126582278481,0.0002973535533749628,2,437,536,5195,425565,466024
1100068,chronic,68,6.0,15.0,1.08,0.85,0.001,0.33,0.4,1000,24,200,792,500,24.0,False,,20000,20000.0,0,3238,0.539307128580946,0.0,0,457,993,10006,431544,472471
1100061,chronic,61,6.0,15.0,1.08,0.85,0.001,0.33,0.4,1000,48,200,396,500,24.0,False,,20000,20000.0,2,3177,0.5291472351765489,0.0006295247088448222,3,474,404,4126,436733,462579
1100066,chronic,66,6.0,15.0,1.08,0.85,0.001,0.33,0.4,1000,48,200,396,500,24.0,False,,20000,20000.0,1,3324,0.5536309127248501,0.00030084235860409147,2,478,415,4593,437936,463940
1100071,chronic,71,6.0,15.0,1.08,0.85,0.001,0.33,0.4,1000,12,200,1584,500,24.0,False,,20000,20000.0,75,3108,0.5176548967355097,0.02413127413127413,162,474,980,13419,417761,476987
1100073,chronic,73,6.0,15.0,1.08,0.85,0.001,0.33,0.4,1000,48,200,396,500,24.0,False,,20000,20000.0,1,3235,0.5388074616922052,0.0003091190108191654,2,500,569,5741,438527,464458
1100069,chronic,69,6.0,15.0,1.08,0.85,0.001,0.33,0.4,1000,24,200,792,500,24.0,False,,20000,20000.0,10,3177,0.5291472351765489,0.0031476235442241107,58,498,1746,17178,439802,481363
1100074,chronic,74,6.0,15.0,1.08,0.85,0.001,0.33,0.4,1000,12,200,1584,500,24.0,False,,20000,20000.0,202,3096,0.5156562291805463,0.06524547803617571,377,453,1995,32593,443081,504503
1100065,chronic,65,6.0,15.0,1.08,0.85,0.001,0.33,0.4,1000,24,200,792,500,24.0,False,,20000,20000.0,2,3341,0.5564623584277149,0.000598623166716552,44,462,452,4539,424572,464901
1100067,chronic,67,6.0,15.0,1.08,0.85,0.001,0.33,0.4,1000,12,200,1584,500,24.0,False,19152.0,20000,20000.0,621,3029,0.5044970019986675,0.20501815780785737,707,414,5102,129217,571148,641026
1100064,chronic,64,6.0,15.0,1.08,0.85,0.001,0.33,0.4,1000,24,200,792,500,24.0,False,19584.0,20000,20000.0,671,3090,0.5146568954030646,0.21715210355987055,740,433,4012,77214,521959,566699
1100060,chronic,60,6.0,15.0,1.08,0.85,0.001,0.33,0.4,1000,12,200,1584,500,24.0,False,4896.0,20000,20000.0,1600,3027,0.504163890739507,0.5285761480013215,1663,342,9307,610982,1238586,1325826
1100070,chronic,70,6.0,15.0,1.08,0.85,0.001,0.33,0.4,1000,12,200,1584,500,24.0,False,7056.0,20000,20000.0,1713,2981,0.49650233177881414,0.574639382757464,1789,309,7788,589653,1208786,1293210
1100072,chronic,72,6.0,15.0,1.08,0.85,0.001,0.33,0.4,1000,12,200,1584,500,24.0,False,6720.0,20000,20000.0,1584,2984,0.49700199866755496,0.5308310991957105,1631,300,7446,660157,1307930,1393613
1100088,chronic,88,6.0,15.0,1.08,0.85,0.001,0.33,0.4,1000,24,200,792,500,24.0,False,,20000,20000.0,1,3260,0.5429713524317122,0.00030674846625766873,4,444,928,9013,429648,470193
1100089,chronic,89,6.0,15.0,1.08,0.85,0.001,0.33,0.4,1000,48,200,396,500,24.0,False,,20000,20000.0,0,3196,0.5323117921385743,0.0,0,471,412,4619,437312,463174
1100076,chronic,76,6.0,15.0,1.08,0.85,0.001,0.33,0.4,1000,48,200,396,500,24.0,False,,20000,20000.0,1,3327,0.5541305796135909,0.00030057108506161706,2,465,529,5448,438282,464285
1100091,chronic,91,6.0,15.0,1.08,0.85,0.001,0.33,0.4,1000,48,200,396,500,24.0,False,,20000,20000.0,1,3264,0.5436375749500333,0.00030637254901960784,1,479,545,5640,438408,464594
1100078,chronic,78,6.0,15.0,1.08,0.85,0.001,0.33,0.4,1000,24,200,792,500,24.0,False,,20000,20000.0,0,3086,0.5139906728847435,0.0,0,480,548,5121,425459,465588
1100082,chronic,82,6.0,15.0,1.08,0.85,0.001,0.33,0.4,1000,12,200,1584,500,24.0,False,12360.0,20000,20000.0,1546,3015,0.5021652231845436,0.5127694859038142,1581,420,6164,320098,836369,912202
1100087,chronic,87,6.0,15.0,1.08,0.85,0.001,0.33,0.4,1000,24,200,792,500,24.0,False,,20000,20000.0,2,3250,0.5413057961359093,0.0006153846153846154,40,447,585,5474,425589,465639
1100080,chronic,80,6.0,15.0,1.08,0.85,0.001,0.33,0.4,1000,24,200,792,500,24.0,False,,20000,20000.0,67,3138,0.522651565622918,0.021351179094964947,252,450,1620,18679,442499,483458
1100083,chronic,83,6.0,15.0,1.08,0.85,0.001,0.33,0.4,1000,48,200,396,500,24.0,False,,20000,20000.0,0,3265,0.5438041305796136,0.0,0,473,544,5603,438494,464348
1100090,chronic,90,6.0,15.0,1.08,0.85,0.001,0.33,0.4,1000,12,200,1584,500,24.0,False,14016.0,20000,20000.0,1273,3017,0.5024983344437042,0.4219423268147166,1343,411,4875,263575,760531,832298
1100085,chronic,85,6.0,15.0,1.08,0.85,0.001,0.33,0.4,1000,12,200,1584,500,24.0,False,5112.0,20000,20000.0,1590,2981,0.49650233177881414,0.5333780610533378,1636,261,8279,779568,1473116,1562708
1100077,chronic,77,6.0,15.0,1.08,0.85,0.001,0.33,0.4,1000,12,200,1584,500,24.0,False,10128.0,20000,20000.0,1581,2986,0.49733510992671554,0.52947086403215,1613,322,6539,408631,959366,1037133
1100086,chronic,86,6.0,15.0,1.08,0.85,0.001,0.33,0.4,1000,12,200,1584,500,24.0,False,10464.0,20000,20000.0,1648,2969,0.4945036642238508,0.5550690468171101,1680,337,7228,346714,870778,948653
1100079,chronic,79,6.0,15.0,1.08,0.85,0.001,0.33,0.4,1000,12,200,1584,500,24.0,False,6648.0,20000,20000.0,1517,3001,0.4998334443704197,0.5054981672775741,1544,274,7514,673176,1327695,1413582
1100081,chronic,81,6.0,15.0,1.08,0.85,0.001,0.33,0.4,1000,12,200,1584,500,24.0,False,8424.0,20000,20000.0,1436,2965,0.4938374417055296,0.48431703204047216,1505,321,8480,481199,1058544,1142265
1100084,chronic,84,6.0,15.0,1.08,0.85,0.001,0.33,0.4,1000,12,200,1584,500,24.0,False,3552.0,20000,20000.0,1551,2986,0.49733510992671554,0.5194239785666444,1597,288,8362,756513,1442199,1531308
1100093,chronic,93,6.0,15.0,1.08,0.85,0.001,0.33,0.4,1000,48,200,396,500,24.0,False,,20000,20000.0,0,3284,0.5469686875416389,0.0,0,488,558,5819,438775,464898
1100092,chronic,92,6.0,15.0,1.08,0.85,0.001,0.33,0.4,1000,48,200,396,500,24.0,False,,20000,20000.0,4,3278,0.5459693537641572,0.0012202562538133007,13,454,456,5026,438007,463873
1100099,chronic,99,6.0,15.0,1.08,0.85,0.001,0.33,0.4,1000,24,200,792,500,24.0,False,,20000,20000.0,0,3314,0.5519653564290473,0.0,0,426,528,4948,425289,465808
1100097,chronic,97,6.0,15.0,1.08,0.85,0.001,0.33,0.4,1000,24,200,792,500,24.0,False,,20000,20000.0,3,3275,0.5454696868754164,0.000916030534351145,10,485,925,8692,428909,469746
1200002,chronic,2,6.0,15.0,1.08,0.85,0.001,0.33,0.45,1000,48,200,396,500,24.0,False,,20000,20000.0,2,3269,0.5444703530979347,0.000611807892321811,12,481,747,6904,441372,467534
1100095,chronic,95,6.0,15.0,1.08,0.85,0.001,0.33,0.4,1000,48,200,396,500,24.0,False,,20000,20000.0,4,3257,0.5424716855429713,0.0012281240405280934,21,499,676,8069,442037,468369
1200007,chronic,7,6.0,15.0,1.08,0.85,0.001,0.33,0.45,1000,48,200,396,500,24.0,False,,20000,20000.0,8,3364,0.5602931379080613,0.0023781212841854932,42,459,1071,10245,446116,472808
1200000,chronic,0,6.0,15.0,1.08,0.85,0.001,0.33,0.45,1000,24,200,792,500,24.0,False,,20000,20000.0,3,3304,0.5502998001332445,0.0009079903147699758,19,447,1935,14544,437351,479918
1100094,chronic,94,6.0,15.0,1.08,0.85,0.001,0.33,0.4,1000,24,200,792,500,24.0,False,,20000,20000.0,4,3196,0.5323117921385743,0.0012515644555694619,56,421,1517,15998,438762,479743
1200004,chronic,4,6.0,15.0,1.08,0.85,0.001,0.33,0.45,1000,48,200,396,500,24.0,False,,20000,20000.0,1,3231,0.5381412391738841,0.00030950170225936243,4,436,1528,14503,452213,478922
1100096,chronic,96,6.0,15.0,1.08,0.85,0.001,0.33,0.4,1000,48,200,396,500,24.0,False,,20000,20000.0,1,3234,0.5386409060626249,0.00030921459492888067,2,489,388,4332,437016,462646
1100098,chronic,98,6.0,15.0,1.08,0.85,0.001,0.33,0.4,1000,24,200,792,500,24.0,False,,20000,20000.0,1,3205,0.5338107928047968,0.00031201248049921997,3,462,845,7649,428450,468851
1200005,chronic,5,6.0,15.0,1.08,0.85,0.001,0.33,0.45,1000,24,200,792,500,24.0,False,16344.0,20000,20000.0,1198,3091,0.5148234510326449,0.3875768359754125,1277,432,5898,161556,658240,706006
1200006,chronic,6,6.0,15.0,1.08,0.85,0.001,0.33,0.45,1000,24,200,792,500,24.0,False,15216.0,20000,20000.0,1465,3054,0.5086608927381745,0.47969875573018994,1539,369,6785,208942,730450,779835
1200001,chronic,1,6.0,15.0,1.08,0.85,0.001,0.33,0.45,1000,12,200,1584,500,24.0,False,3840.0,20000,20000.0,1617,3023,0.5034976682211859,0.5348991068475025,1648,261,10325,723360,1474693,1569977
1200003,chronic,3,6.0,15.0,1.08,0.85,0.001,0.33,0.45,1000,12,200,1584,500,24.0,False,2160.0,20000,20000.0,1793,3013,0.5018321119253831,0.5950879522071025,1822,206,10096,873925,1701528,1799559
1200013,chronic,13,6.0,15.0,1.08,0.85,0.001,0.33,0.45,1000,48,200,396,500,24.0,False,,20000,20000.0,2,3371,0.5614590273151232,0.0005932957579353308,12,459,3562,42272,492734,522060
1200022,chronic,22,6.0,15.0,1.08,0.85,0.001,0.33,0.45,1000,48,200,396,500,24.0,False,,20000,20000.0,3,3171,0.5281479013990673,0.000946073793755913,16,462,1272,12621,449415,476113
1200020,chronic,20,6.0,15.0,1.08,0.85,0.001,0.33,0.45,1000,48,200,396,500,24.0,False,,20000,20000.0,2,3288,0.54763491005996,0.0006082725060827251,10,462,883,7370,442409,468662
1200008,chronic,8,6.0,15.0,1.08,0.85,0.001,0.33,0.45,1000,24,200,792,500,24.0,False,16872.0,20000,20000.0,1297,3101,0.5164890073284477,0.418252176717188,1345,399,4917,135748,620491,666994
1200015,chronic,15,6.0,15.0,1.08,0.85,0.001,0.33,0.45,1000,48,200,396,500,24.0,False,,20000,20000.0,2,3277,0.545802798134577,0.0006103143118706134,14,444,929,8189,443114,469513
1200017,chronic,17,6.0,15.0,1.08,0.85,0.001,0.33,0.45,1000,48,200,396,500,24.0,False,11040.0,20000,20000.0,1510,3085,0.5138241172551632,0.48946515397082657,1575,384,7859,312319,904649,937648
1200010,chronic,10,6.0,15.0,1.08,0.85,0.001,0.33,0.45,1000,24,200,792,500,24.0,False,9096.0,20000,20000.0,1854,3067,0.5108261159227182,0.6044995109227258,1908,305,9258,481519,1143996,1199591
1200011,chronic,11,6.0,15.0,1.08,0.85,0.001,0.33,0.45,1000,12,200,1584,500,24.0,False,3624.0,20000,20000.0,1565,3021,0.5031645569620253,0.5180403839788149,1629,239,9542,764377,1538137,1633146
1200023,chronic,23,6.0,15.0,1.08,0.85,0.001,0.33,0.45,1000,24,200,792,500,24.0,False,7008.0,20000,20000.0,1821,3100,0.5163224516988674,0.5874193548387097,1841,315,9274,546863,1242928,1299040
1200009,chronic,9,6.0,15.0,1.08,0.85,0.001,0.33,0.45,1000,12,200,1584,500,24.0,False,3984.0,20000,20000.0,1563,2996,0.4990006662225183,0.5216955941255007,1640,273,9695,758683,1528734,1624274
1200018,chronic,18,6.0,15.0,1.08,0.85,0.001,0.33,0.45,1000,12,200,1584,500,24.0,False,5184.0,20000,20000.0,1591,3015,0.5021652231845436,0.5276948590381426,1632,238,9549,726138,1481155,1574353
1200014,chronic,14,6.0,15.0,1.08,0.85,0.001,0.33,0.45,1000,24,200,792,500,24.0,False,5496.0,20000,20000.0,1527,3082,0.5133244503664224,0.4954574951330305,1589,266,9961,593571,1314507,1372111
1200021,chronic,21,6.0,15.0,1.08,0.85,0.001,0.33,0.45,1000,12,200,1584,500,24.0,False,4848.0,20000,20000.0,1567,3021,0.5031645569620253,0.5187024164184045,1618,263,8391,727389,1484279,1576369
1200019,chronic,19,6.0,15.0,1.08,0.85,0.001,0.33,0.45,1000,12,200,1584,500,24.0,False,6240.0,20000,20000.0,1855,2982,0.4966688874083944,0.6220657276995305,1900,294,9650,645667,1358063,1450249
1200012,chronic,12,6.0,15.0,1.08,0.85,0.001,0.33,0.45,1000,12,200,1584,500,24.0,False,5256.0,20000,20000.0,1928,2985,0.49716855429713525,0.6458961474036851,1948,259,9898,717282,1465078,1559489
1200016,chronic,16,6.0,15.0,1.08,0.85,0.001,0.33,0.45,1000,12,200,1584,500,24.0,False,6000.0,20000,20000.0,1861,3023,0.5034976682211859,0.6156136288455177,1893,286,9161,678736,1410301,1502485
1200029,chronic,29,6.0,15.0,1.08,0.85,0.001,0.33,0.45,1000,48,200,396,500,24.0,False,,20000,20000.0,1,3344,0.5569620253164557,0.0002990430622009569,6,406,983,8065,442085,468459
1200031,chronic,31,6.0,15.0,1.08,0.85,0.001,0.33,0.45,1000,48,200,396,500,24.0,False,,20000,20000.0,3,3310,0.5512991339107262,0.0009063444108761329,14,438,860,8425,442777,469255
1200033,chronic,33,6.0,15.0,1.08,0.85,0.001,0.33,0.45,1000,48,200,396,500,24.0,False,,20000,20000.0,3,3277,0.545802798134577,0.00091547146780592,9,458,831,8017,442766,468973
1200026,chronic,26,6.0,15.0,1.08,0.85,0.001,0.33,0.45,1000,24,200,792,500,24.0,False,19368.0,20000,20000.0,591,3165,0.5271485676215856,0.18672985781990523,727,457,4008,54464,495561,540614
1200035,chronic,35,6.0,15.0,1.08,0.85,0.001,0.33,0.45,1000,12,200,1584,500,24.0,False,12912.0,20000,20000.0,1763,3036,0.5056628914057295,0.5806982872200264,1829,361,5596,336382,898609,975000
1200030,chronic,30,6.0,15.0,1.08,0.85,0.001,0.33,0.45,1000,12,200,1584,500,24.0,False,9696.0,20000,20000.0,1648,3008,0.5009993337774816,0.5478723404255319,1710,311,7461,472136,1099266,1183158
1200036,chronic,36,6.0,15.0,1.08,0.85,0.001,0.33,0.45,1000,12,200,1584,500,24.0,False,10032.0,20000,20000.0,1721,3029,0.5044970019986675,0.5681743149554308,1751,330,6981,456434,1076215,1158760
1200025,chronic,25,6.0,15.0,1.08,0.85,0.001,0.33,0.45,1000,24,200,792,500,24.0,False,16416.0,20000,20000.0,1314,3079,0.5128247834776816,0.4267619356934069,1384,405,7346,179170,682408,732384
1200039,chronic,39,6.0,15.0,1.08,0.85,0.001,0.33,0.45,1000,24,200,792,500,24.0,False,17304.0,20000,20000.0,1238,3087,0.5141572285143238,0.4010366051182378,1297,419,4472,123006,600750,646628
1200038,chronic,38,6.0,15.0,1.08,0.85,0.001,0.33,0.45,1000,12,200,1584,500,24.0,False,8736.0,20000,20000.0,1829,3000,0.4996668887408394,0.6096666666666667,1871,253,8004,605171,1299317,1387205
1200028,chronic,28,6.0,15.0,1.08,0.85,0.001,0.33,0.45,1000,12,200,1584,500,24.0,False,12192.0,20000,20000.0,1440,3036,0.5056628914057295,0.4743083003952569,1494,372,5887,336133,897394,974858
1200024,chronic,24,6.0,15.0,1.08,0.85,0.001,0.33,0.45,1000,12,200,1584,500,24.0,False,3576.0,20000,20000.0,1791,2965,0.4938374417055296,0.6040472175379427,1836,270,10584,806414,1598475,1695147
1200034,chronic,34,6.0,15.0,1.08,0.85,0.001,0.33,0.45,1000,12,200,1584,500,24.0,False,5424.0,20000,20000.0,1886,3000,0.4996668887408394,0.6286666666666667,1942,258,9422,669845,1393342,1485671
1200037,chronic,37,6.0,15.0,1.08,0.85,0.001,0.33,0.45,1000,12,200,1584,500,24.0,False,4752.0,20000,20000.0,1759,2975,0.49550299800133246,0.5912605042016806,1831,261,9290,717629,1466739,1560547
1200032,chronic,32,6.0,15.0,1.08,0.85,0.001,0.33,0.45,1000,12,200,1584,500,24.0,False,4104.0,20000,20000.0,1846,3018,0.5026648900732845,0.6116633532140491,1885,253,9710,728185,1482928,1577283
1200027,chronic,27,6.0,15.0,1.08,0.85,0.001,0.33,0.45,1000,12,200,1584,500,24.0,False,3720.0,20000,20000.0,2436,2957,0.4925049966688874,0.8238079134257693,2464,227,9861,861276,1682491,1779836
1200050,chronic,50,6.0,15.0,1.08,0.85,0.001,0.33,0.45,1000,24,200,792,500,24.0,False,,20000,20000.0,2,3175,0.5288141239173884,0.0006299212598425197,5,482,3119,31491,462191,505199
1200053,chronic,53,6.0,15.0,1.08,0.85,0.001,0.33,0.45,1000,48,200,396,500,24.0,False,,20000,20000.0,3,3295,0.548800799467022,0.0009104704097116844,30,450,1941,16847,454254,481707
1200055,chronic,55,6.0,15.0,1.08,0.85,0.001,0.33,0.45,1000,48,200,396,500,24.0,False,,20000,20000.0,1,3189,0.5311459027315123,0.00031357792411414236,5,507,744,6656,440891,467254
1200048,chronic,48,6.0,15.0,1.08,0.85,0.001,0.33,0.45,1000,48,200,396,500,24.0,False,,20000,20000.0,1,3308,0.5509660226515656,0.0003022974607013301,7,451,1293,12270,448919,475730
1200041,chronic,41,6.0,15.0,1.08,0.85,0.001,0.33,0.45,1000,48,200,396,500,24.0,False,,20000,20000.0,0,3218,0.5359760159893404,0.0,0,452,705,6062,440313,466342
1200046,chronic,46,6.0,15.0,1.08,0.85,0.001,0.33,0.45,1000,48,200,396,500,24.0,False,,20000,20000.0,3,3311,0.5514656895403065,0.000906070673512534,23,463,1742,15758,453241,480516
1200052,chronic,52,6.0,15.0,1.08,0.85,0.001,0.33,0.45,1000,24,200,792,500,24.0,False,,20000,20000.0,3,3062,0.5099933377748168,0.0009797517962116264,40,430,1415,14056,438528,479529
1200047,chronic,47,6.0,15.0,1.08,0.85,0.001,0.33,0.45,1000,48,200,396,500,24.0,False,,20000,20000.0,1,3245,0.540473017988008,0.0003081664098613251,3,417,669,5820,439659,465778
1200040,chronic,40,6.0,15.0,1.08,0.85,0.001,0.33,0.45,1000,24,200,792,500,24.0,False,,20000,20000.0,14,3222,0.5366422385076616,0.004345127250155183,35,386,776,6477,427928,468720
1200045,chronic,45,6.0,15.0,1.08,0.85,0.001,0.33,0.45,1000,12,200,1584,500,24.0,False,14232.0,20000,20000.0,1775,3032,0.5049966688874084,0.5854221635883905,1815,373,5711,292120,832041,907877
1200042,chronic,42,6.0,15.0,1.08,0.85,0.001,0.33,0.45,1000,24,200,792,500,24.0,False,10512.0,20000,20000.0,1777,3034,0.5053297801465689,0.5856954515491101,1833,335,9004,456785,1104667,1159531
1200051,chronic,51,6.0,15.0,1.08,0.85,0.001,0.33,0.45,1000,12,200,1584,500,24.0,False,4848.0,20000,20000.0,1920,3009,0.501165889407062,0.638085742771685,1982,261,9698,713592,1459716,1553226
1200049,chronic,49,6.0,15.0,1.08,0.85,0.001,0.33,0.45,1000,12,200,1584,500,24.0,False,5712.0,20000,20000.0,1719,3035,0.5054963357761493,0.5663920922570016,1790,238,8727,712965,1459377,1551909
1200043,chronic,43,6.0,15.0,1.08,0.85,0.001,0.33,0.45,1000,12,200,1584,500,24.0,False,6336.0,20000,20000.0,1918,3007,0.5008327781479014,0.6378450282673761,1975,255,9293,685734,1418841,1510850
1200044,chronic,44,6.0,15.0,1.08,0.85,0.001,0.33,0.45,1000,12,200,1584,500,24.0,False,5592.0,20000,20000.0,1671,3021,0.5031645569620253,0.5531281032770605,1746,275,8610,691841,1428543,1520385
1200054,chronic,54,6.0,15.0,1.08,0.85,0.001,0.33,0.45,1000,12,200,1584,500,24.0,False,5808.0,20000,20000.0,1889,2979,0.49616922051965356,0.6341054044981538,1938,293,8961,713641,1460514,1552777
1200062,chronic,62,6.0,15.0,1.08,0.85,0.001,0.33,0.45,1000,24,200,792,500,24.0,False,,20000,20000.0,2,3275,0.5454696868754164,0.0006106870229007634,5,473,2237,18936,443614,486236
1200068,chronic,68,6.0,15.0,1.08,0.85,0.001,0.33,0.45,1000,24,200,792,500,24.0,False,19440.0,20000,20000.0,667,3153,0.5251499000666222,0.21154456073580716,754,433,5115,74911,526521,573036
1200067,chronic,67,6.0,15.0,1.08,0.85,0.001,0.33,0.45,1000,24,200,792,500,24.0,False,17472.0,20000,20000.0,1217,3062,0.5099933377748168,0.39745264532984975,1249,459,5959,128618,607550,655321
1200066,chronic,66,6.0,15.0,1.08,0.85,0.001,0.33,0.45,1000,48,200,396,500,24.0,False,,20000,20000.0,7,3364,0.5602931379080613,0.002080856123662307,30,441,1189,10312,445623,472464
1200059,chronic,59,6.0,15.0,1.08,0.85,0.001,0.33,0.45,1000,24,200,792,500,24.0,False,15576.0,20000,20000.0,907,3158,0.5259826782145236,0.2872070930968968,992,431,7416,177665,680603,730515
1200064,chronic,64,6.0,15.0,1.08,0.85,0.001,0.33,0.45,1000,24,200,792,500,24.0,False,,20000,20000.0,265,3116,0.5189873417721519,0.08504492939666239,418,426,3598,38862,473652,517670
1200070,chronic,70,6.0,15.0,1.08,0.85,0.001,0.33,0.45,1000,24,200,792,500,24.0,False,,20000,20000.0,99,3160,0.5263157894736842,0.03132911392405063,233,452,4650,42608,476758,522357
1200058,chronic,58,6.0,15.0,1.08,0.85,0.001,0.33,0.45,1000,12,200,1584,500,24.0,False,5400.0,20000,20000.0,1780,2995,0.49883411059293803,0.5943238731218697,1838,242,8767,709469,1457299,1548710
1200061,chronic,61,6.0,15.0,1.08,0.85,0.001,0.33,0.45,1000,24,200,792,500,24.0,False,11832.0,20000,20000.0,1805,3114,0.5186542305129913,0.5796403339755941,1849,356,8347,400063,1018346,1072338
1200063,chronic,63,6.0,15.0,1.08,0.85,0.001,0.33,0.45,1000,12,200,1584,500,24.0,False,7560.0,20000,20000.0,1998,3027,0.504163890739507,0.6600594648166501,2096,285,8485,621091,1322286,1411862
1200060,chronic,60,6.0,15.0,1.08,0.85,0.001,0.33,0.45,1000,12,200,1584,500,24.0,False,6720.0,20000,20000.0,1591,3007,0.5008327781479014,0.5290987695377453,1700,316,8856,616906,1315202,1404878
1200069,chronic,69,6.0,15.0,1.08,0.85,0.001,0.33,0.45,1000,12,200,1584,500,24.0,False,7296.0,20000,20000.0,1800,3000,0.4996668887408394,0.6,1875,289,9332,643002,1352689,1443839
1200056,chronic,56,6.0,15.0,1.08,0.85,0.001,0.33,0.45,1000,12,200,1584,500,24.0,False,4080.0,20000,20000.0,1658,3021,0.5031645569620253,0.5488248924197285,1710,283,9753,731668,1488960,1582703
1200071,chronic,71,6.0,15.0,1.08,0.85,0.001,0.33,0.45,1000,12,200,1584,500,24.0,False,4272.0,20000,20000.0,1763,2984,0.49700199866755496,0.5908176943699732,1820,276,9599,681751,1413393,1505632
1200065,chronic,65,6.0,15.0,1.08,0.85,0.001,0.33,0.45,1000,12,200,1584,500,24.0,False,3336.0,20000,20000.0,2138,2965,0.4938374417055296,0.7210792580101181,2184,239,10031,822786,1623832,1720782
1200057,chronic,57,6.0,15.0,1.08,0.85,0.001,0.33,0.45,1000,12,200,1584,500,24.0,False,4032.0,20000,20000.0,1979,2974,0.4953364423717522,0.6654337592468057,2005,251,9673,797522,1586331,1682181
1200087,chronic,87,6.0,15.0,1.08,0.85,0.001,0.33,0.45,1000,48,200,396,500,24.0,False,,20000,20000.0,2,3324,0.5536309127248501,0.0006016847172081829,5,446,975,9089,444518,471159
1200074,chronic,74,6.0,15.0,1.08,0.85,0.001,0.33,0.45,1000,48,200,396,500,24.0,False,,20000,20000.0,2,3331,0.5547968021319121,0.0006004202942059442,16,487,636,5727,439392,465395
1200085,chronic,85,6.0,15.0,1.08,0.85,0.001,0.33,0.45,1000,48,200,396,500,24.0,False,,20000,20000.0,13,3344,0.5569620253164557,0.00388755980861244,31,469,862,7987,442896,469219
1200077,chronic,77,6.0,15.0,1.08,0.85,0.001,0.33,0.45,1000,48,200,396,500,24.0,False,,20000,20000.0,3,3284,0.5469686875416389,0.0009135200974421437,24,461,742,6792,441066,467389
1200086,chronic,86,6.0,15.0,1.08,0.85,0.001,0.33,0.45,1000,12,200,1584,500,24.0,False,15384.0,20000,20000.0,1624,3026,0.5039973351099267,0.5366820885657634,1663,395,5696,224249,727474,801985
1200079,chronic,79,6.0,15.0,1.08,0.85,0.001,0.33,0.45,1000,24,200,792,500,24.0,False,10008.0,20000,20000.0,1609,3067,0.5108261159227182,0.524616889468536,1673,330,8028,423044,1055894,1109071
1200072,chronic,72,6.0,15.0,1.08,0.85,0.001,0.33,0.45,1000,24,200,792,500,24.0,False,6672.0,20000,20000.0,1785,3093,0.5151565622918055,0.577109602327837,1870,303,10259,579262,1290524,1348350
1200083,chronic,83,6.0,15.0,1.08,0.85,0.001,0.33,0.45,1000,24,200,792,500,24.0,False,11232.0,20000,20000.0,1648,3109,0.5178214523650899,0.5300739787713091,1738,345,7987,410623,1035503,1089344
1200084,chronic,84,6.0,15.0,1.08,0.85,0.001,0.33,0.45,1000,12,200,1584,500,24.0,False,4896.0,20000,20000.0,2326,2986,0.49733510992671554,0.7789685197588747,2344,291,10246,722196,1472352,1566804
1200081,chronic,81,6.0,15.0,1.08,0.85,0.001,0.33,0.45,1000,24,200,792,500,24.0,False,7128.0,20000,20000.0,1787,3059,0.509493670886076,0.584177835894083,1851,296,9513,546673,1241816,1298280
1200073,chronic,73,6.0,15.0,1.08,0.85,0.001,0.33,0.45,1000,24,200,792,500,24.0,False,9528.0,20000,20000.0,1607,3103,0.5168221185876083,0.5178859168546568,1652,393,8319,392526,1008571,1061856
1200076,chronic,76,6.0,15.0,1.08,0.85,0.001,0.33,0.45,1000,48,200,396,500,24.0,False,,20000,20000.0,3,3307,0.5507994670219853,0.0009071666162685213,19,438,1266,11643,447872,474724
1200082,chronic,82,6.0,15.0,1.08,0.85,0.001,0.33,0.45,1000,12,200,1584,500,24.0,False,6216.0,20000,20000.0,1666,3003,0.5001665556295802,0.5547785547785548,1729,265,9162,691109,1427242,1519630
1200078,chronic,78,6.0,15.0,1.08,0.85,0.001,0.33,0.45,1000,12,200,1584,500,24.0,False,14520.0,20000,20000.0,1937,3023,0.5034976682211859,0.6407542176645716,1992,372,6699,306703,850475,928807
1200080,chronic,80,6.0,15.0,1.08,0.85,0.001,0.33,0.45,1000,12,200,1584,500,24.0,False,5640.0,20000,20000.0,2031,2978,0.4960026648900733,0.6820013431833445,2118,275,8861,700231,1441869,1533695
1200075,chronic,75,6.0,15.0,1.08,0.85,0.001,0.33,0.45,1000,12,200,1584,500,24.0,False,4440.0,20000,20000.0,1650,3015,0.5021652231845436,0.5472636815920398,1696,242,9560,724727,1477828,1571661
1200093,chronic,93,6.0,15.0,1.08,0.85,0.001,0.33,0.45,1000,24,200,792,500,24.0,False,,20000,20000.0,8,3264,0.5436375749500333,0.0024509803921568627,40,464,1734,13623,436265,478284
1200088,chronic,88,6.0,15.0,1.08,0.85,0.001,0.33,0.45,1000,48,200,396,500,24.0,False,,20000,20000.0,1,3364,0.5602931379080613,0.00029726516052318666,2,416,697,6845,441071,467368
1200090,chronic,90,6.0,15.0,1.08,0.85,0.001,0.33,0.45,1000,24,200,792,500,24.0,False,19992.0,20000,20000.0,549,3094,0.5153231179213857,0.17744020685197157,682,447,3651,36957,470473,514961
1200096,chronic,96,6.0,15.0,1.08,0.85,0.001,0.33,0.45,1000,48,200,396,500,24.0,False,,20000,20000.0,2,3238,0.539307128580946,0.0006176652254478073,6,464,1338,12815,449443,476040
1300000,chronic,0,6.0,15.0,1.08,0.85,0.001,0.33,0.5,1000,24,200,792,500,24.0,False,14208.0,20000,20000.0,2231,3060,0.5096602265156562,0.7290849673202614,2271,389,7451,239824,807788,859864
1200091,chronic,91,6.0,15.0,1.08,0.85,0.001,0.33,0.45,1000,48,200,396,500,24.0,False,,20000,20000.0,2,3380,0.5629580279813458,0.000591715976331361,17,419,496,5133,438676,464899
1200097,chronic,97,6.0,15.0,1.08,0.85,0.001,0.33,0.45,1000,48,200,396,500,24.0,False,,20000,20000.0,1,3284,0.5469686875416389,0.0003045066991473812,9,442,760,7289,441848,468123
1200094,chronic,94,6.0,15.0,1.08,0.85,0.001,0.33,0.45,1000,48,200,396,500,24.0,False,,20000,20000.0,15,3192,0.5316455696202531,0.004699248120300752,46,477,1633,16119,454434,481361
1200089,chronic,89,6.0,15.0,1.08,0.85,0.001,0.33,0.45,1000,48,200,396,500,24.0,False,,20000,20000.0,2,3261,0.5431379080612925,0.0006133088009812941,6,453,1065,12429,449758,476335
1200099,chronic,99,6.0,15.0,1.08,0.85,0.001,0.33,0.45,1000,48,200,396,500,24.0,False,,20000,20000.0,3,3294,0.5486342438374417,0.0009107468123861566,24,461,1316,12505,449299,476117
1200098,chronic,98,6.0,15.0,1.08,0.85,0.001,0.33,0.45,1000,24,200,792,500,24.0,False,9840.0,20000,20000.0,1667,3098,0.5159893404397069,0.5380890897353131,1714,295,8027,455561,1104513,1158468
1200092,chronic,92,6.0,15.0,1.08,0.85,0.001,0.33,0.45,1000,24,200,792,500,24.0,False,19536.0,20000,20000.0,658,3131,0.5214856762158561,0.21015649952091983,727,449,5298,78994,532582,579123
1300003,chronic,3,6.0,15.0,1.08,0.85,0.001,0.33,0.5,1000,24,200,792,500,24.0,False,4824.0,20000,20000.0,3052,3081,0.5131578947368421,0.9905874716001298,3016,202,9455,775769,1686538,1750154
1300002,chronic,2,6.0,15.0,1.08,0.85,0.001,0.33,0.5,1000,12,200,1584,500,24.0,False,3408.0,20000,20000.0,3010,3042,0.5066622251832112,0.9894806048652203,2983,143,6617,926138,1891322,1992708
1200095,chronic,95,6.0,15.0,1.08,0.85,0.001,0.33,0.45,1000,12,200,1584,500,24.0,False,3576.0,20000,20000.0,1614,3016,0.5023317788141239,0.5351458885941645,1661,250,9888,768188,1543597,1639237
1300001,chronic,1,6.0,15.0,1.08,0.85,0.001,0.33,0.5,1000,48,200,396,500,24.0,False,8952.0,20000,20000.0,2572,3045,0.5071618920719521,0.8446633825944171,2582,282,9886,493430,1245625,1281654
1300013,chronic,13,6.0,15.0,1.08,0.85,0.001,0.33,0.5,1000,48,200,396,500,24.0,False,18264.0,20000,20000.0,1264,3165,0.5271485676215856,0.3993680884676145,1309,447,3935,78988,559874,589091
1300019,chronic,19,6.0,15.0,1.08,0.85,0.001,0.33,0.5,1000,48,200,396,500,24.0,False,,20000,20000.0,11,3271,0.5448034643570953,0.003362885967594008,88,452,1438,11612,449020,475931
1300007,chronic,7,6.0,15.0,1.08,0.85,0.001,0.33,0.5,1000,48,200,396,500,24.0,False,,20000,20000.0,11,3405,0.5671219187208527,0.0032305433186490457,73,440,6437,57740,522045,553871
1300010,chronic,10,6.0,15.0,1.08,0.85,0.001,0.33,0.5,1000,48,200,396,500,24.0,False,,20000,20000.0,2,3325,0.5537974683544303,0.0006015037593984962,5,456,4239,38424,490781,520530
1300006,chronic,6,6.0,15.0,1.08,0.85,0.001,0.33,0.5,1000,48,200,396,500,24.0,False,19728.0,20000,20000.0,604,3164,0.5269820119920053,0.19089759797724398,698,449,5454,63906,533454,564062
1300018,chronic,18,6.0,15.0,1.08,0.85,0.001,0.33,0.5,1000,12,200,1584,500,24.0,False,2712.0,20000,20000.0,3006,3029,0.5044970019986675,0.9924067348960053,2982,122,5624,955733,1938566,2039468
1300012,chronic,12,6.0,15.0,1.08,0.85,0.001,0.33,0.5,1000,12,200,1584,500,24.0,False,5184.0,20000,20000.0,2580,2967,0.4941705529646902,0.8695652173913043,2592,210,10042,739922,1596296,1695642
1300014,chronic,14,6.0,15.0,1.08,0.85,0.001,0.33,0.5,1000,48,200,396,500,24.0,False,6168.0,20000,20000.0,2856,3049,0.5078281145902731,0.9367005575598557,2856,246,10072,647976,1502057,1539333
1300015,chronic,15,6.0,15.0,1.08,0.85,0.001,0.33,0.5,1000,12,200,1584,500,24.0,False,2856.0,20000,20000.0,2996,3027,0.504163890739507,0.9897588371324744,2969,161,7497,873198,1807969,1908958
1300005,chronic,5,6.0,15.0,1.08,0.85,0.001,0.33,0.5,1000,12,200,1584,500,24.0,False,6120.0,20000,20000.0,2192,3019,0.5028314457028648,0.72606823451474,2205,233,9827,655414,1457828,1554299
1300004,chronic,4,6.0,15.0,1.08,0.85,0.001,0.33,0.5,1000,12,200,1584,500,24.0,False,4392.0,20000,20000.0,2997,3028,0.5043304463690873,0.9897622192866579,2975,187,8705,871741,1806746,1908878
1300017,chronic,17,6.0,15.0,1.08,0.85,0.001,0.33,0.5,1000,24,200,792,500,24.0,False,8784.0,20000,20000.0,1647,3117,0.5191538974017322,0.5283926852743022,1706,325,9386,418262,1104093,1160526
1300016,chronic,16,6.0,15.0,1.08,0.85,0.001,0.33,0.5,1000,12,200,1584,500,24.0,False,5328.0,20000,20000.0,2994,3028,0.5043304463690873,0.9887714663143989,2972,205,8720,758216,1623072,1721042
1300009,chronic,9,6.0,15.0,1.08,0.85,0.001,0.33,0.5,1000,24,200,792,500,24.0,False,8016.0,20000,20000.0,2092,3067,0.5108261159227182,0.6820997717639387,2134,304,11309,535643,1292876,1353465
1300011,chronic,11,6.0,15.0,1.08,0.85,0.001,0.33,0.5,1000,12,200,1584,500,24.0,False,2976.0,20000,20000.0,2899,3027,0.504163890739507,0.9577139081598943,2887,199,9453,851464,1777615,1878984
1300008,chronic,8,6.0,15.0,1.08,0.85,0.001,0.33,0.5,1000,12,200,1584,500,24.0,False,2952.0,20000,20000.0,2992,3020,0.502998001332445,0.990728476821192,2971,153,7402,933408,1903855,2006402
1300022,chronic,22,6.0,15.0,1.08,0.85,0.001,0.33,0.5,1000,48,200,396,500,24.0,False,,20000,20000.0,2,3365,0.5604596935376416,0.0005943536404160475,5,475,2283,17447,457779,485465
1300028,chronic,28,6.0,15.0,1.08,0.85,0.001,0.33,0.5,1000,48,200,396,500,24.0,False,,20000,20000.0,2,3228,0.5376415722851432,0.0006195786864931846,6,414,1325,11686,449601,476365
1300029,chronic,29,6.0,15.0,1.08,0.85,0.001,0.33,0.5,1000,48,200,396,500,24.0,False,6480.0,20000,20000.0,1570,3142,0.5233177881412392,0.4996817313812858,1648,300,10613,441796,1162984,1198987
1300032,chronic,32,6.0,15.0,1.08,0.85,0.001,0.33,0.5,1000,12,200,1584,500,24.0,False,4488.0,20000,20000.0,2112,3010,0.5013324450366422,0.7016611295681063,2148,220,10143,759689,1626608,1726765
1300025,chronic,25,6.0,15.0,1.08,0.85,0.001,0.33,0.5,1000,24,200,792,500,24.0,False,5856.0,20000,20000.0,3058,3080,0.5129913391072618,0.9928571428571429,3027,232,9379,677768,1527744,1588532
1300031,chronic,31,6.0,15.0,1.08,0.85,0.001,0.33,0.5,1000,48,200,396,500,24.0,False,5256.0,20000,20000.0,1799,3099,0.5161558960692871,0.5805098418844788,1874,288,11356,584651,1399511,1436845
1300021,chronic,21,6.0,15.0,1.08,0.85,0.001,0.33,0.5,1000,24,200,792,500,24.0,False,6504.0,20000,20000.0,2273,3080,0.5129913391072618,0.737987012987013,2309,283,10452,615546,1425648,1486960
1300030,chronic,30,6.0,15.0,1.08,0.85,0.001,0.33,0.5,1000,12,200,1584,500,24.0,False,5448.0,20000,20000.0,2978,3003,0.5001665556295802,0.9916749916749916,2959,208,9641,744115,1601771,1700521
1300026,chronic,26,6.0,15.0,1.08,0.85,0.001,0.33,0.5,1000,24,200,792,500,24.0,False,4776.0,20000,20000.0,2380,3047,0.5074950033311126,0.781096160157532,2384,281,11132,685187,1538448,1601678
1300033,chronic,33,6.0,15.0,1.08,0.85,0.001,0.33,0.5,1000,48,200,396,500,24.0,False,8136.0,20000,20000.0,1789,3077,0.512491672218521,0.5814104647383815,1844,295,10879,482419,1229094,1265604
1300027,chronic,27,6.0,15.0,1.08,0.85,0.001,0.33,0.5,1000,12,200,1584,500,24.0,False,2976.0,20000,20000.0,2992,3017,0.5024983344437042,0.99171362280411,2972,142,7916,952549,1936498,2040124
1300034,chronic,34,6.0,15.0,1.08,0.85,0.001,0.33,0.5,1000,12,200,1584,500,24.0,False,3720.0,20000,20000.0,3003,3020,0.502998001332445,0.9943708609271523,2982,156,8882,849290,1769025,1870136
1300035,chronic,35,6.0,15.0,1.08,0.85,0.001,0.33,0.5,1000,24,200,792,500,24.0,False,9624.0,20000,20000.0,2406,3073,0.5118254497001998,0.7829482590302635,2414,311,10027,477691,1198695,1257164
1300024,chronic,24,6.0,15.0,1.08,0.85,0.001,0.33,0.5,1000,24,200,792,500,24.0,False,7872.0,20000,20000.0,2253,3028,0.5043304463690873,0.7440554821664465,2288,288,9330,520212,1271148,1329450
1300020,chronic,20,6.0,15.0,1.08,0.85,0.001,0.33,0.5,1000,12,200,1584,500,24.0,False,2400.0,20000,20000.0,2800,2985,0.49716855429713525,0.9380234505862647,2787,177,10633,825963,1734914,1838065
1300023,chronic,23,6.0,15.0,1.08,0.85,0.001,0.33,0.5,1000,12,200,1584,500,24.0,False,3624.0,20000,20000.0,3002,3026,0.5039973351099267,0.9920687376074026,2982,217,10503,769890,1644755,1745215
1300040,chronic,40,6.0,15.0,1.08,0.85,0.001,0.33,0.5,1000,48,200,396,500,24.0,False,,20000,20000.0,154,3267,0.5441372418387741,0.04713804713804714,315,416,4965,48273,507431,537527
1300046,chronic,46,6.0,15.0,1.08,0.85,0.001,0.33,0.5,1000,48,200,396,500,24.0,False,,20000,20000.0,6,3233,0.5384743504330446,0.0018558614290133002,59,462,1523,11828,448833,475677
1300044,chronic,44,6.0,15.0,1.08,0.85,0.001,0.33,0.5,1000,48,200,396,500,24.0,False,13824.0,20000,20000.0,1781,3093,0.5151565622918055,0.5758163595215001,1834,403,7057,236410,822454,854927
1300050,chronic,50,6.0,15.0,1.08,0.85,0.001,0.33,0.5,1000,24,200,792,500,24.0,False,14640.0,20000,20000.0,1721,3058,0.5093271152564957,0.5627861347285807,1791,373,5970,201790,747107,796527
1300039,chronic,39,6.0,15.0,1.08,0.85,0.001,0.33,0.5,1000,12,200,1584,500,24.0,False,4296.0,20000,20000.0,3010,3036,0.5056628914057295,0.9914361001317523,2987,167,7579,851886,1774893,1874458
1300045,chronic,45,6.0,15.0,1.08,0.85,0.001,0.33,0.5,1000,48,200,396,500,24.0,False,9552.0,20000,20000.0,1697,3110,0.5179880079946703,0.5456591639871383,1752,336,10015,436404,1153299,1188937
1300036,chronic,36,6.0,15.0,1.08,0.85,0.001,0.33,0.5,1000,12,200,1584,500,24.0,False,2208.0,20000,20000.0,3017,3044,0.5069953364423717,0.9911300919842313,2998,148,8011,928125,1897022,1999104
1300041,chronic,41,6.0,15.0,1.08,0.85,0.001,0.33,0.5,1000,24,200,792,500,24.0,False,6552.0,20000,20000.0,2557,3084,0.513657561625583,0.829118028534371,2575,231,11228,587202,1378866,1440062
1300049,chronic,49,6.0,15.0,1.08,0.85,0.001,0.33,0.5,1000,24,200,792,500,24.0,False,7656.0,20000,20000.0,2268,3068,0.5109926715522984,0.7392438070404173,2295,250,9358,560468,1337511,1396523
1300051,chronic,51,6.0,15.0,1.08,0.85,0.001,0.33,0.5,1000,24,200,792,500,24.0,False,5088.0,20000,20000.0,1864,3110,0.5179880079946703,0.5993569131832798,1888,271,11403,594603,1394102,1455352
1300048,chronic,48,6.0,15.0,1.08,0.85,0.001,0.33,0.5,1000,12,200,1584,500,24.0,False,4032.0,20000,20000.0,2988,3045,0.5071618920719521,0.9812807881773399,2949,172,9548,840827,1760464,1862094
1300037,chronic,37,6.0,15.0,1.08,0.85,0.001,0.33,0.5,1000,24,200,792,500,24.0,False,8496.0,20000,20000.0,2303,3039,0.5061625582944703,0.7578150707469562,2345,263,9161,548754,1315626,1374426
1300047,chronic,47,6.0,15.0,1.08,0.85,0.001,0.33,0.5,1000,24,200,792,500,24.0,False,5088.0,20000,20000.0,2859,3058,0.5093271152564957,0.9349247874427731,2844,236,11702,703278,1568641,1632648
1300043,chronic,43,6.0,15.0,1.08,0.85,0.001,0.33,0.5,1000,24,200,792,500,24.0,False,1848.0,20000,20000.0,2714,3031,0.5048301132578281,0.8954140547674035,2721,165,10973,891221,1878727,1945245
1300038,chronic,38,6.0,15.0,1.08,0.85,0.001,0.33,0.5,1000,12,200,1584,500,24.0,False,5352.0,20000,20000.0,2728,2975,0.49550299800133246,0.9169747899159664,2728,248,9754,662126,1469053,1564396
1300042,chronic,42,6.0,15.0,1.08,0.85,0.001,0.33,0.5,1000,48,200,396,500,24.0,False,6024.0,20000,20000.0,1803,3084,0.513657561625583,0.5846303501945526,1911,280,11934,563579,1362898,1400942
1300065,chronic,65,6.0,15.0,1.08,0.85,0.001,0.33,0.5,1000,48,200,396,500,24.0,False,,20000,20000.0,156,3235,0.5388074616922052,0.0482225656877898,204,417,3092,30641,479331,507592
1300055,chronic,55,6.0,15.0,1.08,0.85,0.001,0.33,0.5,1000,48,200,396,500,24.0,False,,20000,20000.0,33,3222,0.5366422385076616,0.010242085661080074,134,463,1956,14609,453115,480224
1300062,chronic,62,6.0,15.0,1.08,0.85,0.001,0.33,0.5,1000,24,200,792,500,24.0,False,,20000,20000.0,7,3258,0.5426382411725517,0.002148557397176182,93,455,2802,20494,448026,492082
1300053,chronic,53,6.0,15.0,1.08,0.85,0.001,0.33,0.5,1000,24,200,792,500,24.0,False,18264.0,20000,20000.0,1310,3087,0.5141572285143238,0.4243602202785876,1366,412,5532,85177,553127,600721
1300056,chronic,56,6.0,15.0,1.08,0.85,0.001,0.33,0.5,1000,48,200,396,500,24.0,False,13968.0,20000,20000.0,1416,3172,0.5283144570286475,0.44640605296343,1459,398,6841,230795,811576,843835
1300054,chronic,54,6.0,15.0,1.08,0.85,0.001,0.33,0.5,1000,48,200,396,500,24.0,False,13944.0,20000,20000.0,2111,3041,0.5064956695536309,0.6941795462019072,2165,398,6538,258338,856790,888569
1300057,chronic,57,6.0,15.0,1.08,0.85,0.001,0.33,0.5,1000,24,200,792,500,24.0,False,6888.0,20000,20000.0,3010,3086,0.5139906728847435,0.9753726506804925,2988,259,9859,660904,1499227,1560725
1300066,chronic,66,6.0,15.0,1.08,0.85,0.001,0.33,0.5,1000,12,200,1584,500,24.0,False,3936.0,20000,20000.0,3006,3032,0.5049966688874084,0.991424802110818,2987,173,8738,863838,1795430,1896798
1300052,chronic,52,6.0,15.0,1.08,0.85,0.001,0.33,0.5,1000,12,200,1584,500,24.0,False,4896.0,20000,20000.0,2285,3026,0.5039973351099267,0.7551222736285526,2320,254,10880,694836,1518564,1618188
1300059,chronic,59,6.0,15.0,1.08,0.85,0.001,0.33,0.5,1000,24,200,792,500,24.0,False,6960.0,20000,20000.0,3023,3105,0.5171552298467689,0.9735909822866344,2993,235,9486,655968,1491261,1552714
1300060,chronic,60,6.0,15.0,1.08,0.85,0.001,0.33,0.5,1000,24,200,792,500,24.0,False,3624.0,20000,20000.0,3059,3082,0.5133244503664224,0.9925373134328358,3033,184,9167,838058,1784364,1849247
1300063,chronic,63,6.0,15.0,1.08,0.85,0.001,0.33,0.5,1000,24,200,792,500,24.0,False,6816.0,20000,20000.0,3086,3119,0.5194870086608927,0.9894196857967297,3052,209,8405,667575,1504063,1564807
1300067,chronic,67,6.0,15.0,1.08,0.85,0.001,0.33,0.5,1000,24,200,792,500,24.0,False,3024.0,20000,20000.0,2881,3057,0.5091605596269154,0.9424272162250572,2855,185,12464,776086,1687431,1753499
1300058,chronic,58,6.0,15.0,1.08,0.85,0.001,0.33,0.5,1000,24,200,792,500,24.0,False,5784.0,20000,20000.0,2165,3086,0.5139906728847435,0.7015554115359689,2228,258,11326,670656,1514801,1577924
1300064,chronic,64,6.0,15.0,1.08,0.85,0.001,0.33,0.5,1000,12,200,1584,500,24.0,False,1776.0,20000,20000.0,3007,3045,0.5071618920719521,0.9875205254515599,2984,149,10342,876100,1815139,1919427
1300061,chronic,61,6.0,15.0,1.08,0.85,0.001,0.33,0.5,1000,12,200,1584,500,24.0,False,4128.0,20000,20000.0,2206,3000,0.4996668887408394,0.7353333333333333,2231,258,11166,656011,1457268,1556182
1300074,chronic,74,6.0,15.0,1.08,0.85,0.001,0.33,0.5,1000,48,200,396,500,24.0,False,17472.0,20000,20000.0,1224,3182,0.5299800133244503,0.3846637335009428,1288,472,5385,97942,590778,621206
1300079,chronic,79,6.0,15.0,1.08,0.85,0.001,0.33,0.5,1000,48,200,396,500,24.0,False,13032.0,20000,20000.0,2027,3071,0.5114923384410394,0.6600455877564312,2123,335,8411,290442,909509,943396
1300069,chronic,69,6.0,15.0,1.08,0.85,0.001,0.33,0.5,1000,48,200,396,500,24.0,False,7896.0,20000,20000.0,1625,3123,0.5201532311792139,0.5203330131284022,1661,306,10635,444517,1166378,1202357
1300083,chronic,83,6.0,15.0,1.08,0.85,0.001,0.33,0.5,1000,12,200,1584,500,24.0,False,8664.0,20000,20000.0,1944,3017,0.5024983344437042,0.6443486907524031,1970,309,9034,483642,1176879,1267331
1300078,chronic,78,6.0,15.0,1.08,0.85,0.001,0.33,0.5,1000,12,200,1584,500,24.0,False,3432.0,20000,20000.0,2972,2991,0.4981678880746169,0.9936476094951521,2945,151,8078,915961,1878402,1980482
1300073,chronic,73,6.0,15.0,1.08,0.85,0.001,0.33,0.5,1000,48,200,396,500,24.0,False,9000.0,20000,20000.0,1758,3116,0.5189873417721519,0.5641848523748395,1794,335,10493,426921,1136437,1172234
1300077,chronic,77,6.0,15.0,1.08,0.85,0.001,0.33,0.5,1000,12,200,1584,500,24.0,False,6312.0,20000,20000.0,2975,3021,0.5031645569620253,0.9847732538894406,2955,253,9237,678663,1493535,1589698
1300070,chronic,70,6.0,15.0,1.08,0.85,0.001,0.33,0.5,1000,12,200,1584,500,24.0,False,4800.0,20000,20000.0,2999,3026,0.5039973351099267,0.9910773298083279,2966,174,7426,852835,1771302,1871677
1300071,chronic,71,6.0,15.0,1.08,0.85,0.001,0.33,0.5,1000,12,200,1584,500,24.0,False,4920.0,20000,20000.0,3004,3027,0.504163890739507,0.992401717872481,2985,160,5760,853787,1774388,1872233
1300081,chronic,81,6.0,15.0,1.08,0.85,0.001,0.33,0.5,1000,12,200,1584,500,24.0,False,6432.0,20000,20000.0,2995,3010,0.5013324450366422,0.9950166112956811,2967,218,8128,717874,1555988,1652447
1300072,chronic,72,6.0,15.0,1.08,0.85,0.001,0.33,0.5,1000,12,200,1584,500,24.0,False,2952.0,20000,20000.0,3019,3042,0.5066622251832112,0.9924391847468771,3001,154,9518,877958,1817004,1919617
1300075,chronic,75,6.0,15.0,1.08,0.85,0.001,0.33,0.5,1000,12,200,1584,500,24.0,False,4512.0,20000,20000.0,2970,3002,0.5,0.9893404397068621,2953,200,8637,782798,1665450,1763713
1300082,chronic,82,6.0,15.0,1.08,0.85,0.001,0.33,0.5,1000,12,200,1584,500,24.0,False,3456.0,20000,20000.0,2965,2994,0.49866755496335774,0.990313961255845,2939,172,10213,842140,1762344,1864652
1300068,chronic,68,6.0,15.0,1.08,0.85,0.001,0.33,0.5,1000,12,200,1584,500,24.0,False,6816.0,20000,20000.0,2467,2976,0.49566955363091275,0.8289650537634409,2480,234,9425,623888,1404981,1500058
1300080,chronic,80,6.0,15.0,1.08,0.85,0.001,0.33,0.5,1000,12,200,1584,500,24.0,False,3384.0,20000,20000.0,2745,2973,0.4951698867421719,0.9233097880928355,2747,238,10240,730870,1579832,1679326
1300076,chronic,76,6.0,15.0,1.08,0.85,0.001,0.33,0.5,1000,12,200,1584,500,24.0,False,2400.0,20000,20000.0,3004,3035,0.5054963357761493,0.9897858319604613,2973,125,8457,965143,1956203,2060064
1300095,chronic,95,6.0,15.0,1.08,0.85,0.001,0.33,0.5,1000,48,200,396,500,24.0,False,,20000,20000.0,2,3236,0.5389740173217855,0.0006180469715698393,10,398,1190,10217,447388,474087
1300099,chronic,99,6.0,15.0,1.08,0.85,0.001,0.33,0.5,1000,48,200,396,500,24.0,False,8304.0,20000,20000.0,2253,3065,0.5104930046635576,0.735073409461664,2307,300,10646,474303,1214943,1251511
1300094,chronic,94,6.0,15.0,1.08,0.85,0.001,0.33,0.5,1000,24,200,792,500,24.0,False,3552.0,20000,20000.0,3068,3091,0.5148234510326449,0.9925590423811065,3050,139,7223,942304,1951592,2016767
1300091,chronic,91,6.0,15.0,1.08,0.85,0.001,0.33,0.5,1000,48,200,396,500,24.0,False,12960.0,20000,20000.0,1975,3080,0.5129913391072618,0.6412337662337663,1986,375,6783,265064,870879,902806
1300090,chronic,90,6.0,15.0,1.08,0.85,0.001,0.33,0.5,1000,24,200,792,500,24.0,False,6120.0,20000,20000.0,2181,3056,0.5089940039973351,0.7136780104712042,2207,270,11688,552443,1321736,1382905
1300089,chronic,89,6.0,15.0,1.08,0.85,0.001,0.33,0.5,1000,12,200,1584,500,24.0,False,3744.0,20000,20000.0,2976,3011,0.5014990006662225,0.9883759548322817,2957,147,6415,893032,1839835,1939639
1300093,chronic,93,6.0,15.0,1.08,0.85,0.001,0.33,0.5,1000,12,200,1584,500,24.0,False,4560.0,20000,20000.0,3005,3028,0.5043304463690873,0.9924042272126816,2985,215,8048,799494,1687816,1786562
1300087,chronic,87,6.0,15.0,1.08,0.85,0.001,0.33,0.5,1000,48,200,396,500,24.0,False,17616.0,20000,20000.0,1268,3096,0.5156562291805463,0.4095607235142119,1320,434,4635,97199,590102,620060
1300086,chronic,86,6.0,15.0,1.08,0.85,0.001,0.33,0.5,1000,12,200,1584,500,24.0,False,5112.0,20000,20000.0,2869,2985,0.49716855429713525,0.9611390284757119,2842,170,10081,802459,1697739,1798778
1300097,chronic,97,6.0,15.0,1.08,0.85,0.001,0.33,0.5,1000,12,200,1584,500,24.0,False,7080.0,20000,20000.0,2547,3000,0.4996668887408394,0.849,2554,247,10010,652828,1449355,1546663
1300088,chronic,88,6.0,15.0,1.08,0.85,0.001,0.33,0.5,1000,24,200,792,500,24.0,False,6792.0,20000,20000.0,2659,3019,0.5028314457028648,0.8807552169592581,2656,239,10408,630959,1450536,1511808
1300092,chronic,92,6.0,15.0,1.08,0.85,0.001,0.33,0.5,1000,48,200,396,500,24.0,False,5784.0,20000,20000.0,1981,3067,0.5108261159227182,0.6459080534724486,2025,257,12502,546083,1335920,1373881
1300096,chronic,96,6.0,15.0,1.08,0.85,0.001,0.33,0.5,1000,12,200,1584,500,24.0,False,2448.0,20000,20000.0,2962,2989,0.49783477681545635,0.9909668785547006,2931,134,5799,989771,1993860,2095833
1300085,chronic,85,6.0,15.0,1.08,0.85,0.001,0.33,0.5,1000,24,200,792,500,24.0,False,4224.0,20000,20000.0,2574,3092,0.5149900066622252,0.8324708926261319,2607,230,12362,749277,1643528,1709065
1300098,chronic,98,6.0,15.0,1.08,0.85,0.001,0.33,0.5,1000,12,200,1584,500,24.0,False,2520.0,20000,20000.0,3006,3029,0.5044970019986675,0.9924067348960053,2983,143,8133,946817,1926546,2029471
1300084,chronic,84,6.0,15.0,1.08,0.85,0.001,0.33,0.5,1000,12,200,1584,500,24.0,False,4584.0,20000,20000.0,2013,3018,0.5026648900732845,0.6669980119284294,2043,205,9979,755620,1620147,1719506
